time_ms,theta_ref,theta_ref_sat,theta,control_voltage,motor_voltage
1301.0,0.7,0.7,0.6943,-0.02,-0.39
1302.0,0.7,0.7,0.6943,-0.03,-0.4
1303.0,0.7,0.7,0.703,0.01,0.35
1304.0,0.7,0.7,0.6965,-0.02,-0.39
1305.0,0.7,0.7,0.702,0.0,0.34
1306.0,0.7,0.7,0.703,0.01,0.35
1307.0,0.7,0.7,0.6976,-0.01,-0.38
1308.0,0.7,0.7,0.6994,-0.0,-0.37
1309.0,0.7,0.7,0.7001,-0.0,-0.37
1310.0,0.7,0.7,0.7001,-0.0,-0.37
1311.0,0.7,0.7,0.7001,-0.0,-0.37
1312.0,0.7,0.7,0.7001,-0.0,-0.37
1314.0,0.7,0.7,0.7081,0.03,0.37
1315.0,0.7,0.7,0.703,0.01,0.35
1316.0,0.7,0.7,0.6994,0.0,0.34
1317.0,0.7,0.7,0.6972,-0.01,-0.38
1318.0,0.7,0.7,0.6969,-0.01,-0.38
1319.0,0.7,0.7,0.7023,0.01,0.35
1320.0,0.7,0.7,0.6951,-0.02,-0.39
1321.0,0.7,0.7,0.7001,-0.0,-0.37
1322.0,0.7,0.7,0.6987,-0.01,-0.38
1323.0,0.7,0.7,0.7023,0.01,0.35
1324.0,0.7,0.7,0.7001,0.0,0.34
1325.0,0.7,0.7,0.6994,-0.0,-0.37
1326.0,0.7,0.7,0.7023,0.01,0.35
1327.0,0.7,0.7,0.6994,-0.0,-0.37
1328.0,0.7,0.7,0.6972,-0.01,-0.38
1330.0,0.7,0.7,0.6994,-0.0,-0.37
1331.0,0.7,0.7,0.7005,0.0,0.34
1332.0,0.7,0.7,0.6972,-0.01,-0.38
1333.0,0.7,0.7,0.7023,0.01,0.35
1334.0,0.7,0.7,0.7001,-0.0,-0.37
1335.0,0.7,0.7,0.6994,-0.0,-0.37
1336.0,0.7,0.7,0.6965,-0.02,-0.39
1337.0,0.7,0.7,0.703,0.01,0.35
1338.0,0.7,0.7,0.6994,-0.0,-0.37
1339.0,0.7,0.7,0.6994,-0.0,-0.37
1340.0,0.7,0.7,0.7313,0.13,0.47
1341.0,0.7,0.7,0.7023,0.02,0.36
1342.0,0.7,0.7,0.702,0.02,0.36
1343.0,0.7,0.7,0.7023,0.02,0.36
1344.0,0.7,0.7,0.6914,-0.03,-0.4
1345.0,0.7,0.7,0.7001,0.01,0.35
1346.0,0.7,0.7,0.6994,0.0,0.34
1347.0,0.7,0.7,0.6994,0.0,0.34
1349.0,0.7,0.7,0.6994,0.0,0.34
1350.0,0.7,0.7,0.6972,-0.01,-0.38
1351.0,0.7,0.7,0.7005,0.0,0.34
1352.0,0.7,0.7,0.7045,0.02,0.36
1353.0,0.7,0.7,0.6987,-0.0,-0.37
1354.0,0.7,0.7,0.6965,-0.01,-0.38
1355.0,0.7,0.7,0.6965,-0.01,-0.38
1356.0,0.7,0.7,0.6972,-0.01,-0.38
1357.0,0.7,0.7,0.706,0.02,0.36
1358.0,0.7,0.7,0.7034,0.02,0.36
1359.0,0.7,0.7,0.7005,0.0,0.34
1360.0,0.7,0.7,0.703,0.01,0.35
1361.0,0.7,0.7,0.7016,0.01,0.35
1362.0,0.7,0.7,0.6914,-0.03,-0.4
1363.0,0.7,0.7,0.7001,0.0,0.34
1364.0,0.7,0.7,0.7052,0.02,0.36
1365.0,0.7,0.7,0.7023,0.01,0.35
1366.0,0.7,0.7,0.6994,0.0,0.34
1368.0,0.7,0.7,0.6914,-0.03,-0.4
1369.0,0.7,0.7,0.7009,0.0,0.34
1370.0,0.7,0.7,0.7001,0.0,0.34
1371.0,0.7,0.7,0.7023,0.01,0.35
1372.0,0.7,0.7,0.6965,-0.01,-0.38
1373.0,0.7,0.7,0.6994,-0.0,-0.37
1374.0,0.7,0.7,0.6965,-0.02,-0.39
1375.0,0.7,0.7,0.6936,-0.03,-0.4
1376.0,0.7,0.7,0.6987,-0.01,-0.38
1377.0,0.7,0.7,0.7001,-0.0,-0.37
1378.0,0.7,0.7,0.6987,-0.01,-0.38
1379.0,0.7,0.7,0.7139,0.05,0.39
1380.0,0.7,0.7,0.6878,-0.05,-0.42
1381.0,0.7,0.7,0.6965,-0.02,-0.39
1382.0,0.7,0.7,0.7147,0.06,0.4
1383.0,0.7,0.7,0.6976,-0.01,-0.38
1385.0,0.7,0.7,0.6976,-0.01,-0.38
1386.0,0.7,0.7,0.7001,0.0,0.34
1387.0,0.7,0.7,0.7023,0.01,0.35
1388.0,0.7,0.7,0.703,0.01,0.35
1389.0,0.7,0.7,0.7001,0.0,0.34
1390.0,0.7,0.7,0.6972,-0.01,-0.38
1391.0,0.7,0.7,0.703,0.01,0.35
1392.0,0.7,0.7,0.6987,-0.0,-0.37
1393.0,0.7,0.7,0.7001,0.0,0.34
1394.0,0.7,0.7,0.7001,0.0,0.34
1395.0,0.7,0.7,0.6965,-0.01,-0.38
1396.0,0.7,0.7,0.7001,0.0,0.34
1397.0,0.7,0.7,0.703,0.01,0.35
1398.0,0.7,0.7,0.6972,-0.01,-0.38
1399.0,0.7,0.7,0.706,0.02,0.36
1400.0,0.7,0.7,0.7034,0.02,0.36
1401.0,0.7,0.7,0.7023,0.01,0.35
1402.0,0.7,0.7,0.6976,-0.01,-0.38
1404.0,0.7,0.7,0.6976,-0.01,-0.38
1405.0,0.7,0.7,0.7001,0.0,0.34
1406.0,0.7,0.7,0.6762,-0.1,-0.47
1407.0,0.7,0.7,0.7009,-0.0,-0.37
1408.0,0.7,0.7,0.7005,-0.0,-0.37
1409.0,0.7,0.7,0.6987,-0.01,-0.38
1410.0,0.7,0.7,0.7005,-0.0,-0.37
1411.0,0.7,0.7,0.7063,0.02,0.36
1412.0,0.7,0.7,0.6972,-0.01,-0.38
1413.0,0.7,0.7,0.7103,0.04,0.38
1414.0,0.7,0.7,0.6885,-0.05,-0.42
1415.0,0.7,0.7,0.6784,-0.09,-0.46
1416.0,0.7,0.7,0.7005,-0.01,-0.38
1417.0,0.7,0.7,0.6994,-0.01,-0.38
1418.0,0.7,0.7,0.6994,-0.01,-0.38
1420.0,0.7,0.7,0.7023,0.0,0.34
1421.0,0.7,0.7,0.69,-0.05,-0.42
1422.0,0.7,0.7,0.7081,0.02,0.36
1423.0,0.7,0.7,0.7001,-0.01,-0.38
1424.0,0.7,0.7,0.6965,-0.02,-0.39
1425.0,0.7,0.7,0.6994,-0.01,-0.38
1426.0,0.7,0.7,0.7001,-0.0,-0.37
1427.0,0.7,0.7,0.6987,-0.01,-0.38
1428.0,0.7,0.7,0.7045,0.01,0.35
1429.0,0.7,0.7,0.6976,-0.01,-0.38
1430.0,0.7,0.7,0.7023,0.01,0.35
1431.0,0.7,0.7,0.7052,0.02,0.36
1432.0,0.7,0.7,0.7205,0.08,0.42
1433.0,0.7,0.7,0.703,0.02,0.36
1434.0,0.7,0.7,0.7001,0.01,0.35
1435.0,0.7,0.7,0.7081,0.04,0.38
1436.0,0.7,0.7,0.7052,0.03,0.37
1437.0,0.7,0.7,0.7103,0.05,0.39
1439.0,0.7,0.7,0.7001,0.01,0.35
1440.0,0.7,0.7,0.7052,0.03,0.37
1441.0,0.7,0.7,0.7147,0.07,0.41
1442.0,0.7,0.7,0.7023,0.03,0.37
1443.0,0.7,0.7,0.7023,0.02,0.36
1444.0,0.7,0.7,0.6943,-0.01,-0.38
1445.0,0.7,0.7,0.7081,0.04,0.38
1446.0,0.7,0.7,0.7034,0.03,0.37
1447.0,0.7,0.7,0.6998,0.01,0.35
1448.0,0.7,0.7,0.6947,-0.01,-0.38
1449.0,0.7,0.7,0.7009,0.01,0.35
1450.0,0.7,0.7,0.6987,0.0,0.34
1451.0,0.7,0.7,0.7023,0.02,0.36
1452.0,0.7,0.7,0.7038,0.02,0.36
1453.0,0.7,0.7,0.6936,-0.02,-0.39
1454.0,0.7,0.7,0.7081,0.04,0.38
1455.0,0.7,0.7,0.7052,0.03,0.37
1456.0,0.7,0.7,0.7001,0.01,0.35
1457.0,0.7,0.7,0.711,0.05,0.39
1458.0,0.7,0.7,0.7023,0.02,0.36
1459.0,0.7,0.7,0.6994,0.01,0.35
1461.0,0.7,0.7,0.7023,0.02,0.36
1462.0,0.7,0.7,0.7023,0.02,0.36
1463.0,0.7,0.7,0.6994,0.01,0.35
1464.0,0.7,0.7,0.7001,0.01,0.35
1465.0,0.7,0.7,0.6965,-0.01,-0.38
1466.0,0.7,0.7,0.6947,-0.02,-0.39
1467.0,0.7,0.7,0.702,0.01,0.35
1468.0,0.7,0.7,0.6998,0.0,0.34
1469.0,0.7,0.7,0.6965,-0.01,-0.38
1470.0,0.7,0.7,0.6936,-0.02,-0.39
1471.0,0.7,0.7,0.6907,-0.04,-0.41
1472.0,0.7,0.7,0.6994,-0.01,-0.38
1473.0,0.7,0.7,0.6987,-0.01,-0.38
1474.0,0.7,0.7,0.703,0.01,0.35
1475.0,0.7,0.7,0.703,0.01,0.35
1476.0,0.7,0.7,0.7023,0.01,0.35
1477.0,0.7,0.7,0.6914,-0.04,-0.41
1479.0,0.7,0.7,0.6878,-0.05,-0.42
1480.0,0.7,0.7,0.7038,0.01,0.35
1481.0,0.7,0.7,0.6943,-0.03,-0.4
1482.0,0.7,0.7,0.6965,-0.02,-0.39
1483.0,0.7,0.7,0.7074,0.02,0.36
1484.0,0.7,0.7,0.7118,0.04,0.38
1485.0,0.7,0.7,0.6972,-0.01,-0.38
1486.0,0.7,0.7,0.7023,0.01,0.35
1487.0,0.7,0.7,0.7052,0.02,0.36
1488.0,0.7,0.7,0.6994,-0.0,-0.37
1489.0,0.7,0.7,0.6965,-0.01,-0.38
1490.0,0.7,0.7,0.6918,-0.03,-0.4
1491.0,0.7,0.7,0.7001,-0.0,-0.37
1492.0,0.7,0.7,0.7176,0.07,0.41
1493.0,0.7,0.7,0.7089,0.04,0.38
1495.0,0.7,0.7,0.6994,0.0,0.34
1496.0,0.7,0.7,0.7023,0.02,0.36
1497.0,0.7,0.7,0.6856,-0.05,-0.42
1498.0,0.7,0.7,0.703,0.01,0.35
1499.0,0.7,0.7,0.6914,-0.03,-0.4
1500.0,0.7,0.7,0.6965,-0.02,-0.39
1501.0,0.7,0.7,0.6965,-0.02,-0.39
1502.0,0.7,0.7,0.7001,-0.0,-0.37
1503.0,0.7,0.7,0.7023,0.01,0.35
1504.0,0.7,0.7,0.69,-0.04,-0.41
1505.0,0.7,0.7,0.703,0.01,0.35
1506.0,0.7,0.7,0.7001,-0.0,-0.37
1507.0,0.7,0.7,0.6972,-0.01,-0.38
1508.0,0.7,0.7,0.6972,-0.02,-0.39
1509.0,0.7,0.7,0.6936,-0.03,-0.4
1510.0,0.7,0.7,0.6976,-0.02,-0.39
1512.0,0.7,0.7,0.7103,0.04,0.38
1513.0,0.7,0.7,0.6943,-0.03,-0.4
1514.0,0.7,0.7,0.6965,-0.02,-0.39
1515.0,0.7,0.7,0.7089,0.03,0.37
1516.0,0.7,0.7,0.6994,-0.0,-0.37
1517.0,0.7,0.7,0.6965,-0.02,-0.39
1518.0,0.7,0.7,0.6991,-0.01,-0.38
1519.0,0.7,0.7,0.6947,-0.02,-0.39
1520.0,0.7,0.7,0.7001,-0.0,-0.37
1521.0,0.7,0.7,0.7063,0.02,0.36
1522.0,0.7,0.7,0.6929,-0.03,-0.4
1523.0,0.7,0.7,0.6994,-0.01,-0.38
1524.0,0.7,0.7,0.7001,-0.0,-0.37
1525.0,0.7,0.7,0.7052,0.02,0.36
1526.0,0.7,0.7,0.6936,-0.03,-0.4
1528.0,0.7,0.7,0.6831,-0.07,-0.44
1529.0,0.7,0.7,0.703,0.0,0.34
1530.0,0.7,0.7,0.7023,0.0,0.34
1531.0,0.7,0.7,0.7001,-0.0,-0.37
1532.0,0.7,0.7,0.7023,0.0,0.34
1533.0,0.7,0.7,0.6994,-0.01,-0.38
1534.0,0.7,0.7,0.628,-0.3,-0.67
1535.0,0.7,0.7,0.7023,-0.02,-0.39
1536.0,0.7,0.7,0.7016,-0.02,-0.39
1537.0,0.7,0.7,0.7023,-0.01,-0.38
1538.0,0.7,0.7,0.7139,0.04,0.38
1539.0,0.7,0.7,0.6849,-0.07,-0.44
1540.0,0.7,0.7,0.7001,-0.02,-0.39
1541.0,0.7,0.7,0.7023,-0.01,-0.38
1542.0,0.7,0.7,0.7005,-0.01,-0.38
1544.0,0.7,0.7,0.6987,-0.02,-0.39
1545.0,0.7,0.7,0.6624,-0.17,-0.54
1546.0,0.7,0.7,0.6994,-0.02,-0.39
1547.0,0.7,0.7,0.7092,0.02,0.36
1548.0,0.7,0.7,0.7001,-0.02,-0.39
1549.0,0.7,0.7,0.7016,-0.01,-0.38
1550.0,0.7,0.7,0.7001,-0.01,-0.38
1551.0,0.7,0.7,0.7045,0.01,0.35
1552.0,0.7,0.7,0.703,0.0,0.34
1553.0,0.7,0.7,0.6965,-0.02,-0.39
1554.0,0.7,0.7,0.703,0.01,0.35
1555.0,0.7,0.7,0.7049,0.01,0.35
1556.0,0.7,0.7,0.703,0.01,0.35
1557.0,0.7,0.7,0.7023,0.01,0.35
1558.0,0.7,0.7,0.6994,-0.0,-0.37
1559.0,0.7,0.7,0.706,0.02,0.36
1561.0,0.7,0.7,0.7023,0.01,0.35
1562.0,0.7,0.7,0.711,0.05,0.39
1563.0,0.7,0.7,0.7089,0.04,0.38
1564.0,0.7,0.7,0.7023,0.02,0.36
1565.0,0.7,0.7,0.7045,0.03,0.37
1566.0,0.7,0.7,0.7023,0.02,0.36
1567.0,0.7,0.7,0.703,0.02,0.36
1568.0,0.7,0.7,0.7023,0.02,0.36
1569.0,0.7,0.7,0.7067,0.04,0.38
1570.0,0.7,0.7,0.7023,0.02,0.36
1571.0,0.7,0.7,0.7089,0.05,0.39
1572.0,0.7,0.7,0.7023,0.02,0.36
1573.0,0.7,0.7,0.703,0.02,0.36
1574.0,0.7,0.7,0.706,0.04,0.38
1575.0,0.7,0.7,0.698,0.0,0.34
1576.0,0.7,0.7,0.6987,0.01,0.35
1577.0,0.7,0.7,0.7001,0.01,0.35
1578.0,0.7,0.7,0.6987,0.0,0.34
1579.0,0.7,0.7,0.6976,-0.0,-0.37
1580.0,0.7,0.7,0.7001,0.01,0.35
1581.0,0.7,0.7,0.703,0.02,0.36
1582.0,0.7,0.7,0.6994,0.0,0.34
1584.0,0.7,0.7,0.6994,0.0,0.34
1585.0,0.7,0.7,0.6958,-0.01,-0.38
1586.0,0.7,0.7,0.6965,-0.01,-0.38
1587.0,0.7,0.7,0.6987,-0.0,-0.37
1588.0,0.7,0.7,0.6965,-0.01,-0.38
1589.0,0.7,0.7,0.6965,-0.01,-0.38
1590.0,0.7,0.7,0.6951,-0.02,-0.39
1591.0,0.7,0.7,0.7034,0.01,0.35
1592.0,0.7,0.7,0.7001,-0.0,-0.37
1593.0,0.7,0.7,0.6972,-0.01,-0.38
1594.0,0.7,0.7,0.6936,-0.03,-0.4
1595.0,0.7,0.7,0.6907,-0.04,-0.41
1596.0,0.7,0.7,0.6987,-0.01,-0.38
1597.0,0.7,0.7,0.6987,-0.01,-0.38
1599.0,0.7,0.7,0.7081,0.03,0.37
1600.0,0.7,0.7,0.6987,-0.01,-0.38
1601.0,0.7,0.7,0.6958,-0.02,-0.39
1602.0,0.7,0.7,0.6987,-0.01,-0.38
1603.0,0.7,0.7,0.7009,-0.0,-0.37
1604.0,0.7,0.7,0.7001,-0.0,-0.37
1605.0,0.7,0.7,0.6987,-0.01,-0.38
1606.0,0.7,0.7,0.6972,-0.01,-0.38
1607.0,0.7,0.7,0.6987,-0.01,-0.38
1608.0,0.7,0.7,0.6969,-0.02,-0.39
1609.0,0.7,0.7,0.7023,0.0,0.34
1610.0,0.7,0.7,0.7045,0.01,0.35
1611.0,0.7,0.7,0.6965,-0.02,-0.39
1612.0,0.7,0.7,0.6987,-0.01,-0.38
1614.0,0.7,0.7,0.7063,0.02,0.36
1615.0,0.7,0.7,0.703,0.01,0.35
1616.0,0.7,0.7,0.6994,-0.0,-0.37
1617.0,0.7,0.7,0.6958,-0.02,-0.39
1618.0,0.7,0.7,0.7001,-0.0,-0.37
1619.0,0.7,0.7,0.6994,-0.0,-0.37
1620.0,0.7,0.7,0.6972,-0.01,-0.38
1621.0,0.7,0.7,0.7052,0.02,0.36
1622.0,0.7,0.7,0.7023,0.01,0.35
1623.0,0.7,0.7,0.7052,0.02,0.36
1624.0,0.7,0.7,0.6994,0.0,0.34
1625.0,0.7,0.7,0.7001,0.0,0.34
1626.0,0.7,0.7,0.7023,0.01,0.35
1627.0,0.7,0.7,0.698,-0.01,-0.38
1628.0,0.7,0.7,0.7001,0.0,0.34
1629.0,0.7,0.7,0.7081,0.04,0.38
1630.0,0.7,0.7,0.7005,0.01,0.35
1631.0,0.7,0.7,0.6994,0.0,0.34
1633.0,0.7,0.7,0.703,0.02,0.36
1634.0,0.7,0.7,0.6947,-0.02,-0.39
1635.0,0.7,0.7,0.6943,-0.02,-0.39
1636.0,0.7,0.7,0.6994,-0.0,-0.37
1637.0,0.7,0.7,0.7023,0.01,0.35
1638.0,0.7,0.7,0.7001,0.0,0.34
1639.0,0.7,0.7,0.7001,0.0,0.34
1640.0,0.7,0.7,0.7001,0.0,0.34
1641.0,0.7,0.7,0.706,0.03,0.37
1642.0,0.7,0.7,0.7009,0.01,0.35
1643.0,0.7,0.7,0.703,0.02,0.36
1644.0,0.7,0.7,0.6965,-0.01,-0.38
1645.0,0.7,0.7,0.7005,0.0,0.34
1646.0,0.7,0.7,0.6864,-0.05,-0.42
1647.0,0.7,0.7,0.6943,-0.03,-0.4
1648.0,0.7,0.7,0.6994,-0.01,-0.38
1649.0,0.7,0.7,0.7023,0.01,0.35
1650.0,0.7,0.7,0.7023,0.01,0.35
1652.0,0.7,0.7,0.6947,-0.02,-0.39
1653.0,0.7,0.7,0.7001,-0.0,-0.37
1654.0,0.7,0.7,0.6994,-0.01,-0.38
1655.0,0.7,0.7,0.7023,0.01,0.35
1656.0,0.7,0.7,0.6972,-0.01,-0.38
1657.0,0.7,0.7,0.7016,0.0,0.34
1658.0,0.7,0.7,0.7023,0.01,0.35
1659.0,0.7,0.7,0.706,0.02,0.36
1660.0,0.7,0.7,0.6835,-0.07,-0.44
1661.0,0.7,0.7,0.6994,-0.01,-0.38
1662.0,0.7,0.7,0.6972,-0.02,-0.39
1663.0,0.7,0.7,0.7081,0.03,0.37
1664.0,0.7,0.7,0.6947,-0.02,-0.39
1665.0,0.7,0.7,0.703,0.01,0.35
1666.0,0.7,0.7,0.6951,-0.02,-0.39
1667.0,0.7,0.7,0.6994,-0.01,-0.38
1669.0,0.7,0.7,0.7103,0.04,0.38
1670.0,0.7,0.7,0.7027,0.01,0.35
1671.0,0.7,0.7,0.7001,0.0,0.34
1672.0,0.7,0.7,0.7001,0.0,0.34
1673.0,0.7,0.7,0.7034,0.02,0.36
1674.0,0.7,0.7,0.7023,0.01,0.35
1675.0,0.7,0.7,0.7016,0.01,0.35
1676.0,0.7,0.7,0.6994,0.0,0.34
1677.0,0.7,0.7,0.7023,0.01,0.35
1678.0,0.7,0.7,0.7023,0.01,0.35
1679.0,0.7,0.7,0.7001,0.0,0.34
1680.0,0.7,0.7,0.7001,0.0,0.34
1681.0,0.7,0.7,0.6918,-0.03,-0.4
1682.0,0.7,0.7,0.7001,0.0,0.34
1683.0,0.7,0.7,0.7005,0.0,0.34
1684.0,0.7,0.7,0.6907,-0.04,-0.41
1685.0,0.7,0.7,0.7081,0.03,0.37
1686.0,0.7,0.7,0.7023,0.01,0.35
1687.0,0.7,0.7,0.6976,-0.01,-0.38
1688.0,0.7,0.7,0.7005,0.0,0.34
1689.0,0.7,0.7,0.7161,0.07,0.41
1691.0,0.7,0.7,0.6972,-0.01,-0.38
1692.0,0.7,0.7,0.6994,0.0,0.34
1693.0,0.7,0.7,0.6972,-0.01,-0.38
1694.0,0.7,0.7,0.7001,0.0,0.34
1695.0,0.7,0.7,0.6936,-0.02,-0.39
1696.0,0.7,0.7,0.7001,0.0,0.34
1697.0,0.7,0.7,0.6965,-0.01,-0.38
1698.0,0.7,0.7,0.7052,0.02,0.36
1699.0,0.7,0.7,0.7023,0.01,0.35
1700.0,0.7,0.7,0.6965,-0.01,-0.38
1701.0,0.7,0.7,0.6994,-0.0,-0.37
1702.0,0.7,0.7,0.6972,-0.01,-0.38
1703.0,0.7,0.7,0.6914,-0.04,-0.41
1704.0,0.7,0.7,0.7023,0.01,0.35
1705.0,0.7,0.7,0.7357,0.14,0.48
1706.0,0.7,0.7,0.6994,0.01,0.35
1707.0,0.7,0.7,0.6972,-0.0,-0.37
1709.0,0.7,0.7,0.6965,-0.01,-0.38
1710.0,0.7,0.7,0.6871,-0.05,-0.42
1711.0,0.7,0.7,0.6972,-0.01,-0.38
1712.0,0.7,0.7,0.6994,-0.0,-0.37
1713.0,0.7,0.7,0.6972,-0.01,-0.38
1714.0,0.7,0.7,0.7001,-0.0,-0.37
1715.0,0.7,0.7,0.7005,0.0,0.34
1716.0,0.7,0.7,0.6994,-0.0,-0.37
1717.0,0.7,0.7,0.7001,-0.0,-0.37
1718.0,0.7,0.7,0.6994,-0.0,-0.37
1719.0,0.7,0.7,0.6769,-0.1,-0.47
1720.0,0.7,0.7,0.7103,0.03,0.37
1721.0,0.7,0.7,0.6972,-0.02,-0.39
1723.0,0.7,0.7,0.6965,-0.02,-0.39
1724.0,0.7,0.7,0.7001,-0.01,-0.38
1725.0,0.7,0.7,0.7074,0.03,0.37
1726.0,0.7,0.7,0.6987,-0.01,-0.38
1727.0,0.7,0.7,0.7092,0.04,0.38
1728.0,0.7,0.7,0.6936,-0.03,-0.4
1729.0,0.7,0.7,0.7092,0.04,0.38
1730.0,0.7,0.7,0.7052,0.02,0.36
1731.0,0.7,0.7,0.6943,-0.02,-0.39
1732.0,0.7,0.7,0.711,0.05,0.39
1733.0,0.7,0.7,0.7023,0.01,0.35
1734.0,0.7,0.7,0.7023,0.01,0.35
1735.0,0.7,0.7,0.6972,-0.01,-0.38
1736.0,0.7,0.7,0.6991,0.0,0.34
1737.0,0.7,0.7,0.7052,0.02,0.36
1738.0,0.7,0.7,0.7005,0.01,0.35
1739.0,0.7,0.7,0.703,0.02,0.36
1740.0,0.7,0.7,0.6965,-0.01,-0.38
1742.0,0.7,0.7,0.7023,0.01,0.35
1743.0,0.7,0.7,0.7045,0.02,0.36
1744.0,0.7,0.7,0.6994,0.0,0.34
1745.0,0.7,0.7,0.7081,0.04,0.38
1746.0,0.7,0.7,0.7001,0.01,0.35
1747.0,0.7,0.7,0.7052,0.03,0.37
1748.0,0.7,0.7,0.7023,0.02,0.36
1749.0,0.7,0.7,0.6773,-0.09,-0.46
1750.0,0.7,0.7,0.6976,-0.01,-0.38
1751.0,0.7,0.7,0.703,0.01,0.35
1752.0,0.7,0.7,0.6965,-0.01,-0.38
1753.0,0.7,0.7,0.6943,-0.02,-0.39
1754.0,0.7,0.7,0.7016,0.0,0.34
1755.0,0.7,0.7,0.7023,0.01,0.35
1756.0,0.7,0.7,0.6994,-0.0,-0.37
1757.0,0.7,0.7,0.7052,0.02,0.36
1758.0,0.7,0.7,0.703,0.01,0.35
1759.0,0.7,0.7,0.7016,0.01,0.35
1760.0,0.7,0.7,0.6972,-0.01,-0.38
1762.0,0.7,0.7,0.6965,-0.01,-0.38
1763.0,0.7,0.7,0.6972,-0.01,-0.38
1764.0,0.7,0.7,0.7005,0.0,0.34
1765.0,0.7,0.7,0.6987,-0.01,-0.38
1766.0,0.7,0.7,0.6987,-0.01,-0.38
1767.0,0.7,0.7,0.7023,0.01,0.35
1768.0,0.7,0.7,0.7016,0.01,0.35
1769.0,0.7,0.7,0.7023,0.01,0.35
1770.0,0.7,0.7,0.7001,0.0,0.34
1771.0,0.7,0.7,0.6994,-0.0,-0.37
1772.0,0.7,0.7,0.7147,0.06,0.4
1773.0,0.7,0.7,0.6733,-0.1,-0.47
1774.0,0.7,0.7,0.6994,-0.01,-0.38
1775.0,0.7,0.7,0.7023,0.01,0.35
1776.0,0.7,0.7,0.7005,-0.0,-0.37
1777.0,0.7,0.7,0.702,0.01,0.35
1779.0,0.7,0.7,0.6994,-0.0,-0.37
1780.0,0.7,0.7,0.7023,0.01,0.35
1781.0,0.7,0.7,0.6958,-0.02,-0.39
1782.0,0.7,0.7,0.7023,0.01,0.35
1783.0,0.7,0.7,0.7001,-0.0,-0.37
1784.0,0.7,0.7,0.7016,0.01,0.35
1785.0,0.7,0.7,0.711,0.05,0.39
1786.0,0.7,0.7,0.7001,0.0,0.34
1787.0,0.7,0.7,0.6947,-0.02,-0.39
1788.0,0.7,0.7,0.6994,-0.0,-0.37
1789.0,0.7,0.7,0.6936,-0.03,-0.4
1790.0,0.7,0.7,0.7023,0.01,0.35
1791.0,0.7,0.7,0.7001,0.0,0.34
1792.0,0.7,0.7,0.706,0.02,0.36
1793.0,0.7,0.7,0.7023,0.01,0.35
1794.0,0.7,0.7,0.6991,-0.0,-0.37
1795.0,0.7,0.7,0.6987,-0.0,-0.37
1797.0,0.7,0.7,0.706,0.03,0.37
1798.0,0.7,0.7,0.6972,-0.01,-0.38
1799.0,0.7,0.7,0.7052,0.02,0.36
1800.0,0.7,0.7,0.6987,-0.0,-0.37
1801.0,0.7,0.7,0.703,0.02,0.36
1802.0,0.7,0.7,0.7023,0.01,0.35
1803.0,0.7,0.7,0.7023,0.01,0.35
1804.0,0.7,0.7,0.6976,-0.01,-0.38
1805.0,0.7,0.7,0.7023,0.01,0.35
1806.0,0.7,0.7,0.7009,0.01,0.35
1807.0,0.7,0.7,0.7089,0.04,0.38
1808.0,0.7,0.7,0.7001,0.01,0.35
1809.0,0.7,0.7,0.7016,0.01,0.35
1810.0,0.7,0.7,0.7023,0.02,0.36
1811.0,0.7,0.7,0.6914,-0.03,-0.4
1812.0,0.7,0.7,0.7023,0.01,0.35
1813.0,0.7,0.7,0.6929,-0.03,-0.4
1814.0,0.7,0.7,0.6943,-0.02,-0.39
1816.0,0.7,0.7,0.7074,0.03,0.37
1817.0,0.7,0.7,0.7139,0.06,0.4
1818.0,0.7,0.7,0.7023,0.02,0.36
1819.0,0.7,0.7,0.7023,0.02,0.36
1820.0,0.7,0.7,0.7023,0.02,0.36
1821.0,0.7,0.7,0.6929,-0.02,-0.39
1822.0,0.7,0.7,0.6965,-0.01,-0.38
1823.0,0.7,0.7,0.6947,-0.02,-0.39
1824.0,0.7,0.7,0.7001,0.0,0.34
1825.0,0.7,0.7,0.7034,0.01,0.35
1826.0,0.7,0.7,0.6972,-0.01,-0.38
1827.0,0.7,0.7,0.6987,-0.01,-0.38
1828.0,0.7,0.7,0.6987,-0.01,-0.38
1829.0,0.7,0.7,0.6994,-0.0,-0.37
1830.0,0.7,0.7,0.7052,0.02,0.36
1831.0,0.7,0.7,0.6994,-0.0,-0.37
1832.0,0.7,0.7,0.6936,-0.03,-0.4
1834.0,0.7,0.7,0.6737,-0.11,-0.48
1835.0,0.7,0.7,0.6994,-0.01,-0.38
1836.0,0.7,0.7,0.6994,-0.01,-0.38
1837.0,0.7,0.7,0.7001,-0.01,-0.38
1838.0,0.7,0.7,0.703,0.0,0.34
1839.0,0.7,0.7,0.698,-0.01,-0.38
1840.0,0.7,0.7,0.7001,-0.01,-0.38
1841.0,0.7,0.7,0.6994,-0.01,-0.38
1842.0,0.7,0.7,0.6987,-0.01,-0.38
1843.0,0.7,0.7,0.6987,-0.01,-0.38
1844.0,0.7,0.7,0.6943,-0.03,-0.4
1845.0,0.7,0.7,0.6987,-0.01,-0.38
1846.0,0.7,0.7,0.6907,-0.04,-0.41
1848.0,0.7,0.7,0.69,-0.05,-0.42
1849.0,0.7,0.7,0.7023,-0.0,-0.37
1850.0,0.7,0.7,0.7001,-0.01,-0.38
1851.0,0.7,0.7,0.7045,0.01,0.35
1852.0,0.7,0.7,0.7005,-0.0,-0.37
1853.0,0.7,0.7,0.7023,0.0,0.34
1854.0,0.7,0.7,0.7001,-0.0,-0.37
1855.0,0.7,0.7,0.7023,0.01,0.35
1856.0,0.7,0.7,0.7023,0.01,0.35
1857.0,0.7,0.7,0.7023,0.01,0.35
1858.0,0.7,0.7,0.7103,0.04,0.38
1859.0,0.7,0.7,0.703,0.02,0.36
1860.0,0.7,0.7,0.6943,-0.02,-0.39
1861.0,0.7,0.7,0.7023,0.01,0.35
1862.0,0.7,0.7,0.7005,0.0,0.34
1863.0,0.7,0.7,0.7081,0.04,0.38
1864.0,0.7,0.7,0.6991,0.0,0.34
1865.0,0.7,0.7,0.7074,0.03,0.37
1866.0,0.7,0.7,0.6958,-0.01,-0.38
1868.0,0.7,0.7,0.703,0.02,0.36
1869.0,0.7,0.7,0.706,0.03,0.37
1870.0,0.7,0.7,0.6972,-0.01,-0.38
1871.0,0.7,0.7,0.6987,-0.0,-0.37
1872.0,0.7,0.7,0.703,0.02,0.36
1873.0,0.7,0.7,0.7001,0.01,0.35
1874.0,0.7,0.7,0.7001,0.0,0.34
1875.0,0.7,0.7,0.7023,0.01,0.35
1876.0,0.7,0.7,0.7038,0.02,0.36
1877.0,0.7,0.7,0.7074,0.04,0.38
1878.0,0.7,0.7,0.6994,0.0,0.34
1879.0,0.7,0.7,0.711,0.05,0.39
1880.0,0.7,0.7,0.703,0.02,0.36
1881.0,0.7,0.7,0.7089,0.05,0.39
1882.0,0.7,0.7,0.7023,0.02,0.36
1883.0,0.7,0.7,0.703,0.02,0.36
1884.0,0.7,0.7,0.7052,0.03,0.37
1885.0,0.7,0.7,0.7081,0.05,0.39
1886.0,0.7,0.7,0.706,0.04,0.38
1887.0,0.7,0.7,0.7023,0.02,0.36
1888.0,0.7,0.7,0.7078,0.05,0.39
1890.0,0.7,0.7,0.703,0.03,0.37
1891.0,0.7,0.7,0.703,0.03,0.37
1892.0,0.7,0.7,0.6947,-0.01,-0.38
1893.0,0.7,0.7,0.7001,0.01,0.35
1894.0,0.7,0.7,0.6798,-0.07,-0.44
1895.0,0.7,0.7,0.6976,-0.01,-0.38
1896.0,0.7,0.7,0.7016,0.01,0.35
1897.0,0.7,0.7,0.7023,0.01,0.35
1898.0,0.7,0.7,0.6965,-0.01,-0.38
1899.0,0.7,0.7,0.7001,0.0,0.34
1900.0,0.7,0.7,0.706,0.03,0.37
1901.0,0.7,0.7,0.6987,-0.0,-0.37
1902.0,0.7,0.7,0.7016,0.01,0.35
1903.0,0.7,0.7,0.6958,-0.01,-0.38
1904.0,0.7,0.7,0.6965,-0.01,-0.38
1905.0,0.7,0.7,0.6994,-0.0,-0.37
1906.0,0.7,0.7,0.6987,-0.01,-0.38
1908.0,0.7,0.7,0.6965,-0.02,-0.39
1909.0,0.7,0.7,0.7103,0.04,0.38
1910.0,0.7,0.7,0.6987,-0.0,-0.37
1911.0,0.7,0.7,0.6929,-0.03,-0.4
1912.0,0.7,0.7,0.6976,-0.01,-0.38
1913.0,0.7,0.7,0.6972,-0.01,-0.38
1914.0,0.7,0.7,0.6947,-0.02,-0.39
1915.0,0.7,0.7,0.6972,-0.02,-0.39
1916.0,0.7,0.7,0.6994,-0.01,-0.38
1917.0,0.7,0.7,0.7052,0.02,0.36
1918.0,0.7,0.7,0.7455,0.19,0.53
1919.0,0.7,0.7,0.6994,0.01,0.35
1920.0,0.7,0.7,0.6943,-0.01,-0.38
1921.0,0.7,0.7,0.6965,-0.01,-0.38
1923.0,0.7,0.7,0.6943,-0.02,-0.39
1924.0,0.7,0.7,0.6965,-0.01,-0.38
1925.0,0.7,0.7,0.706,0.03,0.37
1926.0,0.7,0.7,0.6987,-0.0,-0.37
1927.0,0.7,0.7,0.6976,-0.01,-0.38
1928.0,0.7,0.7,0.7139,0.06,0.4
1929.0,0.7,0.7,0.6972,-0.0,-0.37
1930.0,0.7,0.7,0.6972,-0.01,-0.38
1931.0,0.7,0.7,0.6965,-0.01,-0.38
1932.0,0.7,0.7,0.6987,-0.0,-0.37
1933.0,0.7,0.7,0.7023,0.01,0.35
1934.0,0.7,0.7,0.7038,0.02,0.36
1935.0,0.7,0.7,0.6994,0.0,0.34
1936.0,0.7,0.7,0.7023,0.01,0.35
1937.0,0.7,0.7,0.6962,-0.01,-0.38
1938.0,0.7,0.7,0.6965,-0.01,-0.38
1940.0,0.7,0.7,0.703,0.01,0.35
1941.0,0.7,0.7,0.6972,-0.01,-0.38
1942.0,0.7,0.7,0.6972,-0.01,-0.38
1943.0,0.7,0.7,0.7001,0.0,0.34
1944.0,0.7,0.7,0.698,-0.01,-0.38
1945.0,0.7,0.7,0.6965,-0.02,-0.39
1946.0,0.7,0.7,0.6943,-0.03,-0.4
1947.0,0.7,0.7,0.703,0.01,0.35
1948.0,0.7,0.7,0.6972,-0.01,-0.38
1949.0,0.7,0.7,0.7001,-0.0,-0.37
1950.0,0.7,0.7,0.6987,-0.01,-0.38
1951.0,0.7,0.7,0.6994,-0.01,-0.38
1952.0,0.7,0.7,0.7089,0.03,0.37
1953.0,0.7,0.7,0.6983,-0.01,-0.38
1954.0,0.7,0.7,0.7001,0.0,0.34
1956.0,0.7,0.7,0.7023,0.01,0.35
1957.0,0.7,0.7,0.6965,-0.01,-0.38
1958.0,0.7,0.7,0.7089,0.04,0.38
1959.0,0.7,0.7,0.6994,0.0,0.34
1960.0,0.7,0.7,0.6976,-0.01,-0.38
1961.0,0.7,0.7,0.6889,-0.04,-0.41
1962.0,0.7,0.7,0.6994,-0.01,-0.38
1963.0,0.7,0.7,0.6972,-0.01,-0.38
1964.0,0.7,0.7,0.7023,0.01,0.35
1965.0,0.7,0.7,0.7121,0.05,0.39
1966.0,0.7,0.7,0.6918,-0.03,-0.4
1967.0,0.7,0.7,0.7001,-0.0,-0.37
1968.0,0.7,0.7,0.6965,-0.02,-0.39
1969.0,0.7,0.7,0.6965,-0.02,-0.39
1970.0,0.7,0.7,0.6965,-0.02,-0.39
1972.0,0.7,0.7,0.7023,0.01,0.35
1973.0,0.7,0.7,0.706,0.02,0.36
1974.0,0.7,0.7,0.7226,0.09,0.43
1975.0,0.7,0.7,0.7001,0.01,0.35
1976.0,0.7,0.7,0.703,0.02,0.36
1977.0,0.7,0.7,0.6994,0.0,0.34
1978.0,0.7,0.7,0.7023,0.02,0.36
1979.0,0.7,0.7,0.7001,0.01,0.35
1980.0,0.7,0.7,0.7081,0.04,0.38
1981.0,0.7,0.7,0.7001,0.01,0.35
1982.0,0.7,0.7,0.702,0.02,0.36
1983.0,0.7,0.7,0.7001,0.01,0.35
1984.0,0.7,0.7,0.7005,0.01,0.35
1985.0,0.7,0.7,0.7005,0.01,0.35
1986.0,0.7,0.7,0.7001,0.01,0.35
1987.0,0.7,0.7,0.7147,0.07,0.41
1988.0,0.7,0.7,0.7089,0.05,0.39
1989.0,0.7,0.7,0.7074,0.04,0.38
1990.0,0.7,0.7,0.6987,0.01,0.35
1991.0,0.7,0.7,0.6994,0.01,0.35
1992.0,0.7,0.7,0.7016,0.02,0.36
1993.0,0.7,0.7,0.6914,-0.03,-0.4
1995.0,0.7,0.7,0.6994,0.0,0.34
1996.0,0.7,0.7,0.6958,-0.01,-0.38
1997.0,0.7,0.7,0.698,-0.0,-0.37
1998.0,0.7,0.7,0.702,0.01,0.35
1999.0,0.7,0.7,0.706,0.03,0.37
2000.0,-0.7,-0.7,0.6994,5.78,6.12
2001.0,-0.7,-0.7,0.6962,6.24,6.58
2002.0,-0.7,-0.7,0.6856,6.62,6.96
2003.0,-0.7,-0.7,0.6947,7.05,7.39
2004.0,-0.7,-0.7,0.6936,7.4,7.74
2005.0,-0.7,-0.7,0.6907,7.71,8.05
2006.0,-0.7,-0.7,0.6849,7.98,8.32
2007.0,-0.7,-0.7,0.6878,8.25,8.59
2008.0,-0.7,-0.7,0.682,8.47,8.81
2010.0,-0.7,-0.7,0.6795,8.68,9.02
2011.0,-0.7,-0.7,0.6704,8.84,9.18
2012.0,-0.7,-0.7,0.6675,9.01,9.35
2013.0,-0.7,-0.7,0.6646,9.15,9.49
2014.0,-0.7,-0.7,0.6588,9.27,9.61
2015.0,-0.7,-0.7,0.6508,9.37,9.71
2016.0,-0.7,-0.7,0.645,9.46,9.8
2017.0,-0.7,-0.7,0.6508,9.59,9.93
2018.0,-0.7,-0.7,0.6211,9.56,9.9
2019.0,-0.7,-0.7,0.6298,9.68,10.02
2020.0,-0.7,-0.7,0.6182,9.7,10.04
2021.0,-0.7,-0.7,0.6116,9.74,10.08
2023.0,-0.7,-0.7,0.6033,9.76,10.1
2024.0,-0.7,-0.7,0.5986,9.79,10.13
2025.0,-0.7,-0.7,0.5891,9.79,10.13
2026.0,-0.7,-0.7,0.5804,9.79,10.13
2027.0,-0.7,-0.7,0.5739,9.79,10.13
2028.0,-0.7,-0.7,0.5637,9.77,10.11
2029.0,-0.7,-0.7,0.5579,9.77,10.11
2030.0,-0.7,-0.7,0.5434,9.72,10.06
2031.0,-0.7,-0.7,0.5536,9.77,10.11
2032.0,-0.7,-0.7,0.526,9.67,10.01
2033.0,-0.7,-0.7,0.5224,9.65,9.99
2034.0,-0.7,-0.7,0.5108,9.61,9.95
2036.0,-0.7,-0.7,0.4955,9.54,9.88
2037.0,-0.7,-0.7,0.4941,9.52,9.86
2038.0,-0.7,-0.7,0.4854,9.48,9.82
2039.0,-0.7,-0.7,0.4731,9.42,9.76
2040.0,-0.7,-0.7,0.4709,9.39,9.73
2041.0,-0.7,-0.7,0.4556,9.32,9.66
2042.0,-0.7,-0.7,0.4498,9.28,9.62
2043.0,-0.7,-0.7,0.4393,9.22,9.56
2044.0,-0.7,-0.7,0.4273,9.15,9.49
2045.0,-0.7,-0.7,0.4161,9.08,9.42
2046.0,-0.7,-0.7,0.4121,9.04,9.38
2047.0,-0.7,-0.7,0.3925,8.93,9.27
2049.0,-0.7,-0.7,0.3896,8.89,9.23
2050.0,-0.7,-0.7,0.3635,8.76,9.1
2051.0,-0.7,-0.7,0.3707,8.76,9.1
2052.0,-0.7,-0.7,0.3577,8.68,9.02
2053.0,-0.7,-0.7,0.3533,8.63,8.97
2054.0,-0.7,-0.7,0.3345,8.52,8.86
2055.0,-0.7,-0.7,0.3258,8.45,8.79
2056.0,-0.7,-0.7,0.3192,8.4,8.74
2057.0,-0.7,-0.7,0.3076,8.32,8.66
2058.0,-0.7,-0.7,0.2971,8.24,8.58
2059.0,-0.7,-0.7,0.2938,8.19,8.53
2060.0,-0.7,-0.7,0.2768,8.09,8.43
2062.0,-0.7,-0.7,0.2641,8.01,8.35
2063.0,-0.7,-0.7,0.259,7.95,8.29
2064.0,-0.7,-0.7,0.2467,7.86,8.2
2065.0,-0.7,-0.7,0.2264,7.75,8.09
2066.0,-0.7,-0.7,0.2187,7.68,8.02
2067.0,-0.7,-0.7,0.2126,7.61,7.95
2068.0,-0.7,-0.7,0.2013,7.53,7.87
2069.0,-0.7,-0.7,0.1937,7.46,7.8
2070.0,-0.7,-0.7,0.1857,7.39,7.73
2071.0,-0.7,-0.7,0.1749,7.31,7.65
2072.0,-0.7,-0.7,0.1618,7.22,7.56
2073.0,-0.7,-0.7,0.1603,7.18,7.52
2075.0,-0.7,-0.7,0.1371,7.05,7.39
2076.0,-0.7,-0.7,0.1262,6.96,7.3
2077.0,-0.7,-0.7,0.1175,6.89,7.23
2078.0,-0.7,-0.7,0.1059,6.8,7.14
2079.0,-0.7,-0.7,0.0943,6.71,7.05
2080.0,-0.7,-0.7,0.0834,6.63,6.97
2081.0,-0.7,-0.7,0.0667,6.52,6.86
2082.0,-0.7,-0.7,0.0646,6.47,6.81
2083.0,-0.7,-0.7,0.0414,6.33,6.67
2084.0,-0.7,-0.7,0.0464,6.31,6.65
2085.0,-0.7,-0.7,0.0348,6.23,6.57
2086.0,-0.7,-0.7,0.0196,6.13,6.47
2088.0,-0.7,-0.7,0.0116,6.05,6.39
2089.0,-0.7,-0.7,-0.0,5.97,6.31
2090.0,-0.7,-0.7,-0.0156,5.86,6.2
2091.0,-0.7,-0.7,-0.0203,5.8,6.14
2092.0,-0.7,-0.7,-0.0232,5.75,6.09
2093.0,-0.7,-0.7,-0.0276,5.7,6.04
2094.0,-0.7,-0.7,-0.0653,5.51,5.85
2095.0,-0.7,-0.7,-0.0733,5.43,5.77
2096.0,-0.7,-0.7,-0.082,5.35,5.69
2097.0,-0.7,-0.7,-0.0863,5.29,5.63
2098.0,-0.7,-0.7,-0.0994,5.2,5.54
2100.0,-0.7,-0.7,-0.1197,5.07,5.41
2101.0,-0.7,-0.7,-0.1357,4.96,5.3
2102.0,-0.7,-0.7,-0.1379,4.91,5.25
2103.0,-0.7,-0.7,-0.1466,4.83,5.17
2104.0,-0.7,-0.7,-0.1498,4.77,5.11
2105.0,-0.7,-0.7,-0.1687,4.66,5.0
2106.0,-0.7,-0.7,-0.1872,4.54,4.88
2107.0,-0.7,-0.7,-0.2032,4.43,4.77
2108.0,-0.7,-0.7,-0.2021,4.39,4.73
2109.0,-0.7,-0.7,-0.2119,4.31,4.65
2111.0,-0.7,-0.7,-0.214,4.26,4.6
2112.0,-0.7,-0.7,-0.2336,4.14,4.48
2113.0,-0.7,-0.7,-0.2409,4.07,4.41
2114.0,-0.7,-0.7,-0.251,3.99,4.33
2115.0,-0.7,-0.7,-0.2685,3.88,4.22
2116.0,-0.7,-0.7,-0.2699,3.83,4.17
2117.0,-0.7,-0.7,-0.2779,3.76,4.1
2118.0,-0.7,-0.7,-0.3105,3.58,3.92
2119.0,-0.7,-0.7,-0.3011,3.58,3.92
2120.0,-0.7,-0.7,-0.3098,3.5,3.84
2122.0,-0.7,-0.7,-0.3192,3.43,3.77
2123.0,-0.7,-0.7,-0.3356,3.32,3.66
2124.0,-0.7,-0.7,-0.3417,3.26,3.6
2125.0,-0.7,-0.7,-0.3454,3.2,3.54
2126.0,-0.7,-0.7,-0.3675,3.07,3.41
2127.0,-0.7,-0.7,-0.3671,3.04,3.38
2128.0,-0.7,-0.7,-0.3773,2.96,3.3
2129.0,-0.7,-0.7,-0.3864,2.88,3.22
2130.0,-0.7,-0.7,-0.4078,2.76,3.1
2131.0,-0.7,-0.7,-0.4045,2.73,3.07
2133.0,-0.7,-0.7,-0.4168,2.64,2.98
2134.0,-0.7,-0.7,-0.4266,2.57,2.91
2135.0,-0.7,-0.7,-0.4353,2.5,2.84
2136.0,-0.7,-0.7,-0.4353,2.46,2.8
2137.0,-0.7,-0.7,-0.4513,2.36,2.7
2138.0,-0.7,-0.7,-0.4513,2.32,2.66
2139.0,-0.7,-0.7,-0.4575,2.27,2.61
2140.0,-0.7,-0.7,-0.4702,2.18,2.52
2141.0,-0.7,-0.7,-0.4738,2.13,2.47
2142.0,-0.7,-0.7,-0.4745,2.1,2.44
2144.0,-0.7,-0.7,-0.4948,1.99,2.33
2145.0,-0.7,-0.7,-0.497,1.95,2.29
2146.0,-0.7,-0.7,-0.505,1.88,2.22
2147.0,-0.7,-0.7,-0.5079,1.84,2.18
2148.0,-0.7,-0.7,-0.518,1.77,2.11
2149.0,-0.7,-0.7,-0.5202,1.73,2.07
2150.0,-0.7,-0.7,-0.5304,1.66,2.0
2151.0,-0.7,-0.7,-0.5322,1.62,1.96
2152.0,-0.7,-0.7,-0.5398,1.57,1.91
2153.0,-0.7,-0.7,-0.5405,1.54,1.88
2154.0,-0.7,-0.7,-0.5485,1.48,1.82
2156.0,-0.7,-0.7,-0.5532,1.43,1.77
2157.0,-0.7,-0.7,-0.5619,1.37,1.71
2158.0,-0.7,-0.7,-0.5725,1.3,1.64
2159.0,-0.7,-0.7,-0.571,1.28,1.62
2160.0,-0.7,-0.7,-0.5942,1.16,1.5
2161.0,-0.7,-0.7,-0.5841,1.18,1.52
2162.0,-0.7,-0.7,-0.5891,1.13,1.47
2163.0,-0.7,-0.7,-0.6015,1.06,1.4
2164.0,-0.7,-0.7,-0.5978,1.05,1.39
2165.0,-0.7,-0.7,-0.5986,1.02,1.36
2167.0,-0.7,-0.7,-0.6142,0.94,1.28
2168.0,-0.7,-0.7,-0.6095,0.94,1.28
2169.0,-0.7,-0.7,-0.6211,0.87,1.21
2170.0,-0.7,-0.7,-0.6182,0.86,1.2
2171.0,-0.7,-0.7,-0.612,0.86,1.2
2172.0,-0.7,-0.7,-0.6145,0.84,1.18
2173.0,-0.7,-0.7,-0.6305,0.76,1.1
2174.0,-0.7,-0.7,-0.6287,0.75,1.09
2175.0,-0.7,-0.7,-0.6356,0.7,1.04
2176.0,-0.7,-0.7,-0.6414,0.66,1.0
2178.0,-0.7,-0.7,-0.6367,0.66,1.0
2179.0,-0.7,-0.7,-0.649,0.6,0.94
2180.0,-0.7,-0.7,-0.6505,0.57,0.91
2181.0,-0.7,-0.7,-0.6548,0.54,0.88
2182.0,-0.7,-0.7,-0.6722,0.45,0.79
2183.0,-0.7,-0.7,-0.6606,0.48,0.82
2184.0,-0.7,-0.7,-0.6642,0.45,0.79
2185.0,-0.7,-0.7,-0.6675,0.42,0.76
2186.0,-0.7,-0.7,-0.6668,0.41,0.75
2187.0,-0.7,-0.7,-0.6704,0.38,0.72
2188.0,-0.7,-0.7,-0.6755,0.35,0.69
2190.0,-0.7,-0.7,-0.6798,0.31,0.65
2191.0,-0.7,-0.7,-0.6878,0.27,0.61
2192.0,-0.7,-0.7,-0.6791,0.29,0.63
2193.0,-0.7,-0.7,-0.6842,0.26,0.6
2194.0,-0.7,-0.7,-0.6929,0.21,0.55
2195.0,-0.7,-0.7,-0.6907,0.2,0.54
2196.0,-0.7,-0.7,-0.6838,0.22,0.56
2197.0,-0.7,-0.7,-0.6943,0.17,0.51
2198.0,-0.7,-0.7,-0.7045,0.12,0.46
2199.0,-0.7,-0.7,-0.6929,0.15,0.49
2200.0,-0.7,-0.7,-0.6987,0.12,0.46
2202.0,-0.7,-0.7,-0.7009,0.1,0.44
2203.0,-0.7,-0.7,-0.6885,0.14,0.48
2204.0,-0.7,-0.7,-0.7074,0.06,0.4
2205.0,-0.7,-0.7,-0.7052,0.06,0.4
2206.0,-0.7,-0.7,-0.7041,0.05,0.39
2207.0,-0.7,-0.7,-0.706,0.04,0.38
2208.0,-0.7,-0.7,-0.7005,0.05,0.39
2209.0,-0.7,-0.7,-0.711,0.0,0.34
2210.0,-0.7,-0.7,-0.7118,-0.01,-0.38
2211.0,-0.7,-0.7,-0.7132,-0.02,-0.39
2212.0,-0.7,-0.7,-0.7132,-0.03,-0.4
2214.0,-0.7,-0.7,-0.7078,-0.01,-0.38
2215.0,-0.7,-0.7,-0.7041,-0.0,-0.37
2216.0,-0.7,-0.7,-0.7128,-0.04,-0.41
2217.0,-0.7,-0.7,-0.7165,-0.06,-0.43
2218.0,-0.7,-0.7,-0.7176,-0.07,-0.44
2219.0,-0.7,-0.7,-0.7168,-0.07,-0.44
2220.0,-0.7,-0.7,-0.7125,-0.06,-0.43
2221.0,-0.7,-0.7,-0.7157,-0.08,-0.45
2223.0,-0.7,-0.7,-0.6864,0.04,0.38
2224.0,-0.7,-0.7,-0.7263,-0.12,-0.49
2225.0,-0.7,-0.7,-0.7313,-0.15,-0.52
2226.0,-0.7,-0.7,-0.7306,-0.15,-0.52
2227.0,-0.7,-0.7,-0.7187,-0.11,-0.48
2228.0,-0.7,-0.7,-0.7168,-0.11,-0.48
2229.0,-0.7,-0.7,-0.7245,-0.14,-0.51
2230.0,-0.7,-0.7,-0.7219,-0.14,-0.51
2232.0,-0.7,-0.7,-0.7161,-0.12,-0.49
2233.0,-0.7,-0.7,-0.7132,-0.1,-0.47
2234.0,-0.7,-0.7,-0.7219,-0.14,-0.51
2235.0,-0.7,-0.7,-0.7197,-0.13,-0.5
2236.0,-0.7,-0.7,-0.7179,-0.13,-0.5
2237.0,-0.7,-0.7,-0.7208,-0.14,-0.51
2238.0,-0.7,-0.7,-0.7219,-0.15,-0.52
2239.0,-0.7,-0.7,-0.7281,-0.18,-0.55
2241.0,-0.7,-0.7,-0.7259,-0.17,-0.54
2242.0,-0.7,-0.7,-0.7216,-0.16,-0.53
2243.0,-0.7,-0.7,-0.7197,-0.15,-0.52
2244.0,-0.7,-0.7,-0.7176,-0.14,-0.51
2245.0,-0.7,-0.7,-0.7212,-0.16,-0.53
2246.0,-0.7,-0.7,-0.7197,-0.15,-0.52
2247.0,-0.7,-0.7,-0.7168,-0.14,-0.51
2248.0,-0.7,-0.7,-0.7147,-0.13,-0.5
2250.0,-0.7,-0.7,-0.7176,-0.14,-0.51
2251.0,-0.7,-0.7,-0.7121,-0.12,-0.49
2252.0,-0.7,-0.7,-0.719,-0.14,-0.51
2253.0,-0.7,-0.7,-0.7161,-0.13,-0.5
2254.0,-0.7,-0.7,-0.7139,-0.12,-0.49
2255.0,-0.7,-0.7,-0.7089,-0.1,-0.47
2256.0,-0.7,-0.7,-0.7147,-0.12,-0.49
2257.0,-0.7,-0.7,-0.7172,-0.13,-0.5
2259.0,-0.7,-0.7,-0.7343,-0.2,-0.57
2260.0,-0.7,-0.7,-0.7139,-0.13,-0.5
2261.0,-0.7,-0.7,-0.7139,-0.12,-0.49
2262.0,-0.7,-0.7,-0.7139,-0.12,-0.49
2263.0,-0.7,-0.7,-0.7125,-0.12,-0.49
2264.0,-0.7,-0.7,-0.7089,-0.1,-0.47
2265.0,-0.7,-0.7,-0.7103,-0.1,-0.47
2266.0,-0.7,-0.7,-0.7128,-0.11,-0.48
2268.0,-0.7,-0.7,-0.7136,-0.11,-0.48
2269.0,-0.7,-0.7,-0.7045,-0.08,-0.45
2270.0,-0.7,-0.7,-0.7031,-0.07,-0.44
2271.0,-0.7,-0.7,-0.7103,-0.09,-0.46
2272.0,-0.7,-0.7,-0.7089,-0.08,-0.45
2273.0,-0.7,-0.7,-0.6998,-0.05,-0.42
2274.0,-0.7,-0.7,-0.7038,-0.06,-0.43
2275.0,-0.7,-0.7,-0.6965,-0.03,-0.4
2277.0,-0.7,-0.7,-0.6936,-0.01,-0.38
2278.0,-0.7,-0.7,-0.707,-0.06,-0.43
2279.0,-0.7,-0.7,-0.6998,-0.03,-0.4
2280.0,-0.7,-0.7,-0.698,-0.02,-0.39
2281.0,-0.7,-0.7,-0.6951,-0.0,-0.37
2282.0,-0.7,-0.7,-0.7023,-0.03,-0.4
2283.0,-0.7,-0.7,-0.6965,-0.0,-0.37
2284.0,-0.7,-0.7,-0.6983,-0.01,-0.38
2286.0,-0.7,-0.7,-0.6965,0.0,0.34
2287.0,-0.7,-0.7,-0.6943,0.01,0.35
2288.0,-0.7,-0.7,-0.6951,0.01,0.35
2289.0,-0.7,-0.7,-0.7052,-0.03,-0.4
2290.0,-0.7,-0.7,-0.6943,0.02,0.36
2291.0,-0.7,-0.7,-0.7016,-0.01,-0.38
2292.0,-0.7,-0.7,-0.6943,0.02,0.36
2293.0,-0.7,-0.7,-0.686,0.06,0.4
2294.0,-0.7,-0.7,-0.6936,0.03,0.37
2295.0,-0.7,-0.7,-0.6965,0.02,0.36
2297.0,-0.7,-0.7,-0.6929,0.03,0.37
2298.0,-0.7,-0.7,-0.6907,0.05,0.39
2299.0,-0.7,-0.7,-0.6925,0.04,0.38
2300.0,-0.7,-0.7,-0.6914,0.05,0.39
2301.0,-0.7,-0.7,-0.6936,0.04,0.38
2302.0,-0.7,-0.7,-0.6885,0.06,0.4
2303.0,-0.7,-0.7,-0.6925,0.05,0.39
2304.0,-0.7,-0.7,-0.6907,0.06,0.4
2305.0,-0.7,-0.7,-0.6962,0.04,0.38
2306.0,-0.7,-0.7,-0.6933,0.05,0.39
2308.0,-0.7,-0.7,-0.653,0.21,0.55
2309.0,-0.7,-0.7,-0.6733,0.14,0.48
2310.0,-0.7,-0.7,-0.7012,0.03,0.37
2311.0,-0.7,-0.7,-0.7016,0.03,0.37
2312.0,-0.7,-0.7,-0.6965,0.05,0.39
2313.0,-0.7,-0.7,-0.6907,0.07,0.41
2314.0,-0.7,-0.7,-0.6994,0.03,0.37
2315.0,-0.7,-0.7,-0.6951,0.05,0.39
2316.0,-0.7,-0.7,-0.6929,0.06,0.4
2317.0,-0.7,-0.7,-0.6951,0.05,0.39
2318.0,-0.7,-0.7,-0.6878,0.08,0.42
2320.0,-0.7,-0.7,-0.7023,0.02,0.36
2321.0,-0.7,-0.7,-0.6936,0.05,0.39
2322.0,-0.7,-0.7,-0.6951,0.05,0.39
2323.0,-0.7,-0.7,-0.7016,0.02,0.36
2324.0,-0.7,-0.7,-0.7016,0.01,0.35
2325.0,-0.7,-0.7,-0.6958,0.04,0.38
2326.0,-0.7,-0.7,-0.7016,0.01,0.35
2327.0,-0.7,-0.7,-0.6998,0.02,0.36
2328.0,-0.7,-0.7,-0.7023,0.01,0.35
2329.0,-0.7,-0.7,-0.7052,-0.01,-0.38
2330.0,-0.7,-0.7,-0.707,-0.02,-0.39
2332.0,-0.7,-0.7,-0.6911,0.04,0.38
2333.0,-0.7,-0.7,-0.698,0.02,0.36
2334.0,-0.7,-0.7,-0.7012,0.0,0.34
2335.0,-0.7,-0.7,-0.6925,0.04,0.38
2336.0,-0.7,-0.7,-0.7002,0.01,0.35
2337.0,-0.7,-0.7,-0.698,0.02,0.36
2338.0,-0.7,-0.7,-0.6972,0.02,0.36
2339.0,-0.7,-0.7,-0.6994,0.01,0.35
2340.0,-0.7,-0.7,-0.7045,-0.01,-0.38
2341.0,-0.7,-0.7,-0.7038,-0.01,-0.38
2343.0,-0.7,-0.7,-0.6994,0.01,0.35
2344.0,-0.7,-0.7,-0.6998,0.0,0.34
2345.0,-0.7,-0.7,-0.7031,-0.01,-0.38
2346.0,-0.7,-0.7,-0.6936,0.03,0.37
2347.0,-0.7,-0.7,-0.706,-0.02,-0.39
2348.0,-0.7,-0.7,-0.7031,-0.01,-0.38
2349.0,-0.7,-0.7,-0.7031,-0.01,-0.38
2350.0,-0.7,-0.7,-0.6998,0.0,0.34
2351.0,-0.7,-0.7,-0.706,-0.02,-0.39
2353.0,-0.7,-0.7,-0.7107,-0.05,-0.42
2354.0,-0.7,-0.7,-0.6904,0.03,0.37
2355.0,-0.7,-0.7,-0.6958,0.02,0.36
2356.0,-0.7,-0.7,-0.6849,0.06,0.4
2357.0,-0.7,-0.7,-0.6965,0.02,0.36
2358.0,-0.7,-0.7,-0.7031,-0.01,-0.38
2359.0,-0.7,-0.7,-0.7118,-0.04,-0.41
2360.0,-0.7,-0.7,-0.7012,-0.01,-0.38
2361.0,-0.7,-0.7,-0.7023,-0.01,-0.38
2362.0,-0.7,-0.7,-0.7067,-0.03,-0.4
2364.0,-0.7,-0.7,-0.6936,0.02,0.36
2365.0,-0.7,-0.7,-0.7038,-0.02,-0.39
2366.0,-0.7,-0.7,-0.7016,-0.01,-0.38
2367.0,-0.7,-0.7,-0.6954,0.02,0.36
2368.0,-0.7,-0.7,-0.7034,-0.01,-0.38
2369.0,-0.7,-0.7,-0.6958,0.02,0.36
2370.0,-0.7,-0.7,-0.7023,-0.01,-0.38
2371.0,-0.7,-0.7,-0.7034,-0.02,-0.39
2372.0,-0.7,-0.7,-0.7074,-0.03,-0.4
2374.0,-0.7,-0.7,-0.7081,-0.04,-0.41
2375.0,-0.7,-0.7,-0.7023,-0.02,-0.39
2376.0,-0.7,-0.7,-0.7012,-0.01,-0.38
2377.0,-0.7,-0.7,-0.7034,-0.02,-0.39
2378.0,-0.7,-0.7,-0.706,-0.03,-0.4
2379.0,-0.7,-0.7,-0.7012,-0.01,-0.38
2380.0,-0.7,-0.7,-0.6936,0.02,0.36
2381.0,-0.7,-0.7,-0.7081,-0.04,-0.41
2382.0,-0.7,-0.7,-0.6885,0.04,0.38
2384.0,-0.7,-0.7,-0.7012,-0.01,-0.38
2385.0,-0.7,-0.7,-0.7041,-0.02,-0.39
2386.0,-0.7,-0.7,-0.7045,-0.02,-0.39
2387.0,-0.7,-0.7,-0.7031,-0.02,-0.39
2388.0,-0.7,-0.7,-0.7045,-0.02,-0.39
2389.0,-0.7,-0.7,-0.6893,0.04,0.38
2390.0,-0.7,-0.7,-0.6994,-0.0,-0.37
2391.0,-0.7,-0.7,-0.7045,-0.02,-0.39
2392.0,-0.7,-0.7,-0.7002,-0.0,-0.37
2394.0,-0.7,-0.7,-0.7023,-0.01,-0.38
2395.0,-0.7,-0.7,-0.7031,-0.02,-0.39
2396.0,-0.7,-0.7,-0.7016,-0.01,-0.38
2397.0,-0.7,-0.7,-0.7027,-0.02,-0.39
2398.0,-0.7,-0.7,-0.7016,-0.01,-0.38
2399.0,-0.7,-0.7,-0.7016,-0.01,-0.38
2400.0,-0.7,-0.7,-0.6896,0.04,0.38
2401.0,-0.7,-0.7,-0.6929,0.03,0.37
2403.0,-0.7,-0.7,-0.6998,0.0,0.34
2404.0,-0.7,-0.7,-0.698,0.01,0.35
2405.0,-0.7,-0.7,-0.6983,0.01,0.35
2406.0,-0.7,-0.7,-0.6965,0.02,0.36
2407.0,-0.7,-0.7,-0.7049,-0.02,-0.39
2408.0,-0.7,-0.7,-0.6972,0.01,0.35
2409.0,-0.7,-0.7,-0.7002,0.0,0.34
2410.0,-0.7,-0.7,-0.6998,0.0,0.34
2411.0,-0.7,-0.7,-0.6991,0.01,0.35
2412.0,-0.7,-0.7,-0.6983,0.01,0.35
2413.0,-0.7,-0.7,-0.6965,0.02,0.36
2415.0,-0.7,-0.7,-0.7023,-0.01,-0.38
2416.0,-0.7,-0.7,-0.7002,0.0,0.34
2417.0,-0.7,-0.7,-0.6907,0.04,0.38
2418.0,-0.7,-0.7,-0.6976,0.01,0.35
2419.0,-0.7,-0.7,-0.6962,0.02,0.36
2420.0,-0.7,-0.7,-0.6943,0.03,0.37
2421.0,-0.7,-0.7,-0.6954,0.03,0.37
2422.0,-0.7,-0.7,-0.6914,0.04,0.38
2423.0,-0.7,-0.7,-0.6987,0.02,0.36
2424.0,-0.7,-0.7,-0.6929,0.04,0.38
2425.0,-0.7,-0.7,-0.6983,0.02,0.36
2427.0,-0.7,-0.7,-0.6925,0.04,0.38
2428.0,-0.7,-0.7,-0.698,0.02,0.36
2429.0,-0.7,-0.7,-0.6983,0.02,0.36
2430.0,-0.7,-0.7,-0.698,0.02,0.36
2431.0,-0.7,-0.7,-0.7041,-0.01,-0.38
2432.0,-0.7,-0.7,-0.6987,0.01,0.35
2433.0,-0.7,-0.7,-0.7012,0.0,0.34
2434.0,-0.7,-0.7,-0.7009,0.0,0.34
2435.0,-0.7,-0.7,-0.6994,0.01,0.35
2436.0,-0.7,-0.7,-0.6962,0.02,0.36
2437.0,-0.7,-0.7,-0.6987,0.01,0.35
2439.0,-0.7,-0.7,-0.69,0.05,0.39
2440.0,-0.7,-0.7,-0.7012,0.0,0.34
2441.0,-0.7,-0.7,-0.7128,-0.04,-0.41
2442.0,-0.7,-0.7,-0.7096,-0.04,-0.41
2443.0,-0.7,-0.7,-0.7052,-0.02,-0.39
2444.0,-0.7,-0.7,-0.7041,-0.02,-0.39
2445.0,-0.7,-0.7,-0.7005,-0.01,-0.38
2446.0,-0.7,-0.7,-0.7089,-0.04,-0.41
2447.0,-0.7,-0.7,-0.7049,-0.03,-0.4
2449.0,-0.7,-0.7,-0.6987,-0.0,-0.37
2450.0,-0.7,-0.7,-0.7096,-0.05,-0.42
2451.0,-0.7,-0.7,-0.7016,-0.02,-0.39
2452.0,-0.7,-0.7,-0.7041,-0.03,-0.4
2453.0,-0.7,-0.7,-0.6994,-0.01,-0.38
2454.0,-0.7,-0.7,-0.6994,-0.01,-0.38
2455.0,-0.7,-0.7,-0.7074,-0.04,-0.41
2456.0,-0.7,-0.7,-0.7038,-0.02,-0.39
2458.0,-0.7,-0.7,-0.7012,-0.01,-0.38
2459.0,-0.7,-0.7,-0.6983,-0.0,-0.37
2460.0,-0.7,-0.7,-0.6983,-0.0,-0.37
2461.0,-0.7,-0.7,-0.7197,-0.09,-0.46
2462.0,-0.7,-0.7,-0.7041,-0.03,-0.4
2463.0,-0.7,-0.7,-0.7041,-0.03,-0.4
2464.0,-0.7,-0.7,-0.6856,0.05,0.39
2465.0,-0.7,-0.7,-0.69,0.03,0.37
2466.0,-0.7,-0.7,-0.7016,-0.01,-0.38
2468.0,-0.7,-0.7,-0.7005,-0.01,-0.38
2469.0,-0.7,-0.7,-0.7016,-0.01,-0.38
2470.0,-0.7,-0.7,-0.6972,0.01,0.35
2471.0,-0.7,-0.7,-0.7012,-0.01,-0.38
2472.0,-0.7,-0.7,-0.7074,-0.03,-0.4
2473.0,-0.7,-0.7,-0.6987,0.0,0.34
2474.0,-0.7,-0.7,-0.7212,-0.09,-0.46
2475.0,-0.7,-0.7,-0.6987,-0.01,-0.38
2477.0,-0.7,-0.7,-0.7002,-0.01,-0.38
2478.0,-0.7,-0.7,-0.7002,-0.01,-0.38
2479.0,-0.7,-0.7,-0.6893,0.04,0.38
2480.0,-0.7,-0.7,-0.6878,0.05,0.39
2481.0,-0.7,-0.7,-0.706,-0.02,-0.39
2482.0,-0.7,-0.7,-0.6972,0.01,0.35
2483.0,-0.7,-0.7,-0.7154,-0.06,-0.43
2484.0,-0.7,-0.7,-0.6983,0.0,0.34
2485.0,-0.7,-0.7,-0.6972,0.01,0.35
2486.0,-0.7,-0.7,-0.7038,-0.02,-0.39
2488.0,-0.7,-0.7,-0.7016,-0.01,-0.38
2489.0,-0.7,-0.7,-0.6991,-0.0,-0.37
2490.0,-0.7,-0.7,-0.6965,0.01,0.35
2491.0,-0.7,-0.7,-0.6965,0.01,0.35
2492.0,-0.7,-0.7,-0.6958,0.02,0.36
2493.0,-0.7,-0.7,-0.6965,0.02,0.36
2494.0,-0.7,-0.7,-0.6943,0.03,0.37
2495.0,-0.7,-0.7,-0.711,-0.04,-0.41
2496.0,-0.7,-0.7,-0.6958,0.02,0.36
2497.0,-0.7,-0.7,-0.6773,0.09,0.43
2499.0,-0.7,-0.7,-0.6962,0.02,0.36
2500.0,-0.7,-0.7,-0.698,0.02,0.36
2501.0,-0.7,-0.7,-0.6943,0.03,0.37
2502.0,-0.7,-0.7,-0.6918,0.04,0.38
2503.0,-0.7,-0.7,-0.6965,0.03,0.37
2504.0,-0.7,-0.7,-0.6914,0.05,0.39
2505.0,-0.7,-0.7,-0.6885,0.06,0.4
2506.0,-0.7,-0.7,-0.6972,0.03,0.37
2507.0,-0.7,-0.7,-0.6958,0.03,0.37
2508.0,-0.7,-0.7,-0.698,0.02,0.36
2509.0,-0.7,-0.7,-0.6827,0.09,0.43
2511.0,-0.7,-0.7,-0.6936,0.05,0.39
2512.0,-0.7,-0.7,-0.6958,0.04,0.38
2513.0,-0.7,-0.7,-0.6983,0.03,0.37
2514.0,-0.7,-0.7,-0.7321,-0.11,-0.48
2515.0,-0.7,-0.7,-0.7052,-0.02,-0.39
2516.0,-0.7,-0.7,-0.6965,0.02,0.36
2517.0,-0.7,-0.7,-0.6994,0.01,0.35
2518.0,-0.7,-0.7,-0.6972,0.02,0.36
2519.0,-0.7,-0.7,-0.7002,0.0,0.34
2520.0,-0.7,-0.7,-0.6983,0.01,0.35
2521.0,-0.7,-0.7,-0.6943,0.03,0.37
2523.0,-0.7,-0.7,-0.7045,-0.01,-0.38
2524.0,-0.7,-0.7,-0.6994,0.01,0.35
2525.0,-0.7,-0.7,-0.7031,-0.01,-0.38
2526.0,-0.7,-0.7,-0.6994,0.0,0.34
2527.0,-0.7,-0.7,-0.6987,0.01,0.35
2528.0,-0.7,-0.7,-0.7002,0.0,0.34
2529.0,-0.7,-0.7,-0.7139,-0.06,-0.43
2530.0,-0.7,-0.7,-0.7078,-0.03,-0.4
2531.0,-0.7,-0.7,-0.7012,-0.01,-0.38
2533.0,-0.7,-0.7,-0.6983,0.0,0.34
2534.0,-0.7,-0.7,-0.7002,-0.0,-0.37
2535.0,-0.7,-0.7,-0.7041,-0.02,-0.39
2536.0,-0.7,-0.7,-0.6965,0.01,0.35
2537.0,-0.7,-0.7,-0.6896,0.04,0.38
2538.0,-0.7,-0.7,-0.6994,0.0,0.34
2539.0,-0.7,-0.7,-0.7103,-0.04,-0.41
2540.0,-0.7,-0.7,-0.7016,-0.01,-0.38
2541.0,-0.7,-0.7,-0.7052,-0.02,-0.39
2542.0,-0.7,-0.7,-0.698,0.0,0.34
2544.0,-0.7,-0.7,-0.7143,-0.06,-0.43
2545.0,-0.7,-0.7,-0.6954,0.01,0.35
2546.0,-0.7,-0.7,-0.7002,-0.01,-0.38
2547.0,-0.7,-0.7,-0.7045,-0.02,-0.39
2548.0,-0.7,-0.7,-0.6958,0.01,0.35
2549.0,-0.7,-0.7,-0.6994,-0.0,-0.37
2550.0,-0.7,-0.7,-0.7002,-0.0,-0.37
2551.0,-0.7,-0.7,-0.7009,-0.01,-0.38
2552.0,-0.7,-0.7,-0.6914,0.03,0.37
2554.0,-0.7,-0.7,-0.7099,-0.04,-0.41
2555.0,-0.7,-0.7,-0.7002,-0.0,-0.37
2556.0,-0.7,-0.7,-0.7078,-0.04,-0.41
2557.0,-0.7,-0.7,-0.6773,0.09,0.43
2558.0,-0.7,-0.7,-0.7009,-0.0,-0.37
2559.0,-0.7,-0.7,-0.7045,-0.02,-0.39
2560.0,-0.7,-0.7,-0.6983,0.01,0.35
2561.0,-0.7,-0.7,-0.6726,0.11,0.45
2562.0,-0.7,-0.7,-0.7009,0.01,0.35
2563.0,-0.7,-0.7,-0.6617,0.17,0.51
2565.0,-0.7,-0.7,-0.7002,0.02,0.36
2566.0,-0.7,-0.7,-0.6994,0.02,0.36
2567.0,-0.7,-0.7,-0.702,0.01,0.35
2568.0,-0.7,-0.7,-0.6951,0.04,0.38
2569.0,-0.7,-0.7,-0.6994,0.02,0.36
2570.0,-0.7,-0.7,-0.6987,0.02,0.36
2571.0,-0.7,-0.7,-0.702,0.01,0.35
2572.0,-0.7,-0.7,-0.6954,0.03,0.37
2573.0,-0.7,-0.7,-0.7012,0.01,0.35
2574.0,-0.7,-0.7,-0.6962,0.03,0.37
2575.0,-0.7,-0.7,-0.7002,0.01,0.35
2577.0,-0.7,-0.7,-0.7023,0.0,0.34
2578.0,-0.7,-0.7,-0.6994,0.01,0.35
2579.0,-0.7,-0.7,-0.6827,0.08,0.42
2580.0,-0.7,-0.7,-0.6936,0.04,0.38
2581.0,-0.7,-0.7,-0.7038,-0.0,-0.37
2582.0,-0.7,-0.7,-0.7012,0.01,0.35
2583.0,-0.7,-0.7,-0.7012,0.0,0.34
2584.0,-0.7,-0.7,-0.7009,0.0,0.34
2585.0,-0.7,-0.7,-0.7012,0.0,0.34
2586.0,-0.7,-0.7,-0.6958,0.02,0.36
2587.0,-0.7,-0.7,-0.6987,0.01,0.35
2589.0,-0.7,-0.7,-0.711,-0.04,-0.41
2590.0,-0.7,-0.7,-0.7034,-0.01,-0.38
2591.0,-0.7,-0.7,-0.7031,-0.01,-0.38
2592.0,-0.7,-0.7,-0.7121,-0.05,-0.42
2593.0,-0.7,-0.7,-0.7027,-0.02,-0.39
2594.0,-0.7,-0.7,-0.6958,0.01,0.35
2595.0,-0.7,-0.7,-0.7067,-0.03,-0.4
2596.0,-0.7,-0.7,-0.7067,-0.03,-0.4
2598.0,-0.7,-0.7,-0.7023,-0.02,-0.39
2599.0,-0.7,-0.7,-0.706,-0.03,-0.4
2600.0,-0.7,-0.7,-0.7027,-0.02,-0.39
2601.0,-0.7,-0.7,-0.7038,-0.02,-0.39
2602.0,-0.7,-0.7,-0.7002,-0.01,-0.38
2603.0,-0.7,-0.7,-0.6824,0.06,0.4
2604.0,-0.7,-0.7,-0.7031,-0.01,-0.38
2605.0,-0.7,-0.7,-0.7002,-0.0,-0.37
2606.0,-0.7,-0.7,-0.7052,-0.02,-0.39
2608.0,-0.7,-0.7,-0.7016,-0.01,-0.38
2609.0,-0.7,-0.7,-0.7092,-0.04,-0.41
2610.0,-0.7,-0.7,-0.6943,0.02,0.36
2611.0,-0.7,-0.7,-0.706,-0.03,-0.4
2612.0,-0.7,-0.7,-0.7023,-0.02,-0.39
2613.0,-0.7,-0.7,-0.6933,0.02,0.36
2614.0,-0.7,-0.7,-0.698,0.01,0.35
2615.0,-0.7,-0.7,-0.7176,-0.07,-0.44
2616.0,-0.7,-0.7,-0.7081,-0.04,-0.41
2617.0,-0.7,-0.7,-0.7074,-0.04,-0.41
2619.0,-0.7,-0.7,-0.7027,-0.02,-0.39
2620.0,-0.7,-0.7,-0.7002,-0.01,-0.38
2621.0,-0.7,-0.7,-0.6994,-0.01,-0.38
2622.0,-0.7,-0.7,-0.6994,-0.01,-0.38
2623.0,-0.7,-0.7,-0.7147,-0.07,-0.44
2624.0,-0.7,-0.7,-0.6983,-0.01,-0.38
2625.0,-0.7,-0.7,-0.7016,-0.02,-0.39
2626.0,-0.7,-0.7,-0.6994,-0.01,-0.38
2628.0,-0.7,-0.7,-0.7005,-0.01,-0.38
2629.0,-0.7,-0.7,-0.7009,-0.01,-0.38
2630.0,-0.7,-0.7,-0.7245,-0.11,-0.48
2631.0,-0.7,-0.7,-0.6994,-0.01,-0.38
2632.0,-0.7,-0.7,-0.7154,-0.08,-0.45
2633.0,-0.7,-0.7,-0.6991,-0.01,-0.38
2634.0,-0.7,-0.7,-0.7038,-0.03,-0.4
2635.0,-0.7,-0.7,-0.6998,-0.02,-0.39
2637.0,-0.7,-0.7,-0.6907,0.02,0.36
2638.0,-0.7,-0.7,-0.6943,0.01,0.35
2639.0,-0.7,-0.7,-0.7205,-0.09,-0.46
2640.0,-0.7,-0.7,-0.6896,0.03,0.37
2641.0,-0.7,-0.7,-0.6972,0.0,0.34
2642.0,-0.7,-0.7,-0.6958,0.01,0.35
2643.0,-0.7,-0.7,-0.6958,0.01,0.35
2644.0,-0.7,-0.7,-0.6972,0.01,0.35
2645.0,-0.7,-0.7,-0.6842,0.06,0.4
2646.0,-0.7,-0.7,-0.6936,0.03,0.37
2648.0,-0.7,-0.7,-0.6965,0.02,0.36
2649.0,-0.7,-0.7,-0.6922,0.04,0.38
2650.0,-0.7,-0.7,-0.6965,0.02,0.36
2651.0,-0.7,-0.7,-0.694,0.03,0.37
2652.0,-0.7,-0.7,-0.6943,0.03,0.37
2653.0,-0.7,-0.7,-0.6951,0.03,0.37
2654.0,-0.7,-0.7,-0.6954,0.03,0.37
2655.0,-0.7,-0.7,-0.6954,0.03,0.37
2656.0,-0.7,-0.7,-0.6965,0.03,0.37
2657.0,-0.7,-0.7,-0.6943,0.04,0.38
2658.0,-0.7,-0.7,-0.6965,0.03,0.37
2660.0,-0.7,-0.7,-0.6943,0.04,0.38
2661.0,-0.7,-0.7,-0.6983,0.02,0.36
2662.0,-0.7,-0.7,-0.711,-0.03,-0.4
2663.0,-0.7,-0.7,-0.6972,0.02,0.36
2664.0,-0.7,-0.7,-0.6994,0.01,0.35
2665.0,-0.7,-0.7,-0.6867,0.06,0.4
2666.0,-0.7,-0.7,-0.6994,0.01,0.35
2667.0,-0.7,-0.7,-0.6958,0.03,0.37
2668.0,-0.7,-0.7,-0.6962,0.03,0.37
2669.0,-0.7,-0.7,-0.6893,0.06,0.4
2670.0,-0.7,-0.7,-0.6958,0.03,0.37
2672.0,-0.7,-0.7,-0.6947,0.04,0.38
2673.0,-0.7,-0.7,-0.7023,0.01,0.35
2674.0,-0.7,-0.7,-0.7002,0.01,0.35
2675.0,-0.7,-0.7,-0.665,0.16,0.5
2676.0,-0.7,-0.7,-0.6991,0.03,0.37
2677.0,-0.7,-0.7,-0.6983,0.03,0.37
2678.0,-0.7,-0.7,-0.7234,-0.08,-0.45
2679.0,-0.7,-0.7,-0.6994,0.01,0.35
2680.0,-0.7,-0.7,-0.7052,-0.01,-0.38
2681.0,-0.7,-0.7,-0.6965,0.02,0.36
2683.0,-0.7,-0.7,-0.707,-0.02,-0.39
2684.0,-0.7,-0.7,-0.7002,0.0,0.34
2685.0,-0.7,-0.7,-0.6954,0.02,0.36
2686.0,-0.7,-0.7,-0.6958,0.02,0.36
2687.0,-0.7,-0.7,-0.6882,0.05,0.39
2688.0,-0.7,-0.7,-0.7128,-0.04,-0.41
2689.0,-0.7,-0.7,-0.7067,-0.02,-0.39
2690.0,-0.7,-0.7,-0.7023,-0.01,-0.38
2691.0,-0.7,-0.7,-0.7132,-0.05,-0.42
2692.0,-0.7,-0.7,-0.7103,-0.05,-0.42
2694.0,-0.7,-0.7,-0.7118,-0.06,-0.43
2695.0,-0.7,-0.7,-0.7052,-0.03,-0.4
2696.0,-0.7,-0.7,-0.7212,-0.1,-0.47
2697.0,-0.7,-0.7,-0.711,-0.06,-0.43
2698.0,-0.7,-0.7,-0.7002,-0.02,-0.39
2699.0,-0.7,-0.7,-0.7012,-0.02,-0.39
2700.0,-0.7,-0.7,-0.7154,-0.08,-0.45
2701.0,-0.7,-0.7,-0.6936,0.01,0.35
2703.0,-0.7,-0.7,-0.6965,-0.0,-0.37
2704.0,-0.7,-0.7,-0.6965,0.0,0.34
2705.0,-0.7,-0.7,-0.6976,-0.0,-0.37
2706.0,-0.7,-0.7,-0.7078,-0.04,-0.41
2707.0,-0.7,-0.7,-0.7016,-0.02,-0.39
2708.0,-0.7,-0.7,-0.7031,-0.02,-0.39
2709.0,-0.7,-0.7,-0.7205,-0.1,-0.47
2710.0,-0.7,-0.7,-0.7041,-0.03,-0.4
2711.0,-0.7,-0.7,-0.6991,-0.01,-0.38
2713.0,-0.7,-0.7,-0.6954,0.0,0.34
2714.0,-0.7,-0.7,-0.7187,-0.09,-0.46
2715.0,-0.7,-0.7,-0.706,-0.04,-0.41
2716.0,-0.7,-0.7,-0.7016,-0.02,-0.39
2717.0,-0.7,-0.7,-0.6882,0.03,0.37
2718.0,-0.7,-0.7,-0.7016,-0.02,-0.39
2719.0,-0.7,-0.7,-0.6991,-0.01,-0.38
2720.0,-0.7,-0.7,-0.7023,-0.02,-0.39
2721.0,-0.7,-0.7,-0.6943,0.01,0.35
2723.0,-0.7,-0.7,-0.7099,-0.05,-0.42
2724.0,-0.7,-0.7,-0.7012,-0.01,-0.38
2725.0,-0.7,-0.7,-0.6958,0.01,0.35
2726.0,-0.7,-0.7,-0.6994,-0.0,-0.37
2727.0,-0.7,-0.7,-0.6987,-0.0,-0.37
2728.0,-0.7,-0.7,-0.6994,-0.0,-0.37
2729.0,-0.7,-0.7,-0.6987,0.0,0.34
2730.0,-0.7,-0.7,-0.7023,-0.01,-0.38
2731.0,-0.7,-0.7,-0.698,0.0,0.34
2733.0,-0.7,-0.7,-0.6972,0.01,0.35
2734.0,-0.7,-0.7,-0.6744,0.1,0.44
2735.0,-0.7,-0.7,-0.6907,0.05,0.39
2736.0,-0.7,-0.7,-0.6907,0.05,0.39
2737.0,-0.7,-0.7,-0.6969,0.02,0.36
2738.0,-0.7,-0.7,-0.6972,0.02,0.36
2739.0,-0.7,-0.7,-0.7002,0.01,0.35
2740.0,-0.7,-0.7,-0.6965,0.02,0.36
2741.0,-0.7,-0.7,-0.6987,0.02,0.36
2742.0,-0.7,-0.7,-0.6965,0.02,0.36
2743.0,-0.7,-0.7,-0.698,0.02,0.36
2745.0,-0.7,-0.7,-0.6726,0.12,0.46
2746.0,-0.7,-0.7,-0.6962,0.03,0.37
2747.0,-0.7,-0.7,-0.6983,0.03,0.37
2748.0,-0.7,-0.7,-0.6972,0.03,0.37
2749.0,-0.7,-0.7,-0.6965,0.03,0.37
2750.0,-0.7,-0.7,-0.6965,0.03,0.37
2751.0,-0.7,-0.7,-0.6965,0.03,0.37
2752.0,-0.7,-0.7,-0.6954,0.03,0.37
2753.0,-0.7,-0.7,-0.7045,-0.0,-0.37
2754.0,-0.7,-0.7,-0.6983,0.02,0.36
2755.0,-0.7,-0.7,-0.6972,0.02,0.36
2757.0,-0.7,-0.7,-0.7012,0.01,0.35
2758.0,-0.7,-0.7,-0.6878,0.06,0.4
2759.0,-0.7,-0.7,-0.6697,0.14,0.48
2760.0,-0.7,-0.7,-0.6987,0.03,0.37
2761.0,-0.7,-0.7,-0.6991,0.03,0.37
2762.0,-0.7,-0.7,-0.7009,0.02,0.36
2763.0,-0.7,-0.7,-0.6998,0.02,0.36
2764.0,-0.7,-0.7,-0.6994,0.02,0.36
2765.0,-0.7,-0.7,-0.7012,0.01,0.35
2766.0,-0.7,-0.7,-0.7016,0.01,0.35
2767.0,-0.7,-0.7,-0.7012,0.01,0.35
2768.0,-0.7,-0.7,-0.7002,0.01,0.35
2770.0,-0.7,-0.7,-0.6972,0.02,0.36
2771.0,-0.7,-0.7,-0.7034,-0.0,-0.37
2772.0,-0.7,-0.7,-0.6947,0.03,0.37
2773.0,-0.7,-0.7,-0.7009,0.0,0.34
2774.0,-0.7,-0.7,-0.7027,-0.0,-0.37
2775.0,-0.7,-0.7,-0.7031,-0.01,-0.38
2776.0,-0.7,-0.7,-0.7016,-0.0,-0.37
2777.0,-0.7,-0.7,-0.7023,-0.01,-0.38
2778.0,-0.7,-0.7,-0.706,-0.02,-0.39
2780.0,-0.7,-0.7,-0.7168,-0.07,-0.44
2781.0,-0.7,-0.7,-0.7009,-0.01,-0.38
2782.0,-0.7,-0.7,-0.7125,-0.06,-0.43
2783.0,-0.7,-0.7,-0.7074,-0.04,-0.41
2784.0,-0.7,-0.7,-0.7041,-0.03,-0.4
2785.0,-0.7,-0.7,-0.7002,-0.01,-0.38
2786.0,-0.7,-0.7,-0.7139,-0.07,-0.44
2787.0,-0.7,-0.7,-0.7056,-0.04,-0.41
2789.0,-0.7,-0.7,-0.7038,-0.03,-0.4
2790.0,-0.7,-0.7,-0.7078,-0.05,-0.42
2791.0,-0.7,-0.7,-0.7139,-0.07,-0.44
2792.0,-0.7,-0.7,-0.702,-0.03,-0.4
2793.0,-0.7,-0.7,-0.7045,-0.04,-0.41
2794.0,-0.7,-0.7,-0.7009,-0.02,-0.39
2795.0,-0.7,-0.7,-0.7052,-0.04,-0.41
2796.0,-0.7,-0.7,-0.7023,-0.03,-0.4
2798.0,-0.7,-0.7,-0.702,-0.02,-0.39
2799.0,-0.7,-0.7,-0.7012,-0.02,-0.39
2800.0,-0.7,-0.7,-0.7016,-0.02,-0.39
2801.0,-0.7,-0.7,-0.7031,-0.03,-0.4
2802.0,-0.7,-0.7,-0.7016,-0.02,-0.39
2803.0,-0.7,-0.7,-0.7016,-0.02,-0.39
2804.0,-0.7,-0.7,-0.7081,-0.05,-0.42
2805.0,-0.7,-0.7,-0.6922,0.02,0.36
2807.0,-0.7,-0.7,-0.6954,0.01,0.35
2808.0,-0.7,-0.7,-0.7074,-0.04,-0.41
2809.0,-0.7,-0.7,-0.7023,-0.02,-0.39
2810.0,-0.7,-0.7,-0.7002,-0.01,-0.38
2811.0,-0.7,-0.7,-0.698,-0.0,-0.37
2812.0,-0.7,-0.7,-0.6914,0.03,0.37
2813.0,-0.7,-0.7,-0.6925,0.03,0.37
2814.0,-0.7,-0.7,-0.7052,-0.02,-0.39
2815.0,-0.7,-0.7,-0.6983,0.0,0.34
2816.0,-0.7,-0.7,-0.698,0.01,0.35
2818.0,-0.7,-0.7,-0.6962,0.02,0.36
2819.0,-0.7,-0.7,-0.6965,0.01,0.35
2820.0,-0.7,-0.7,-0.6943,0.03,0.37
2821.0,-0.7,-0.7,-0.7016,-0.0,-0.37
2822.0,-0.7,-0.7,-0.7023,-0.01,-0.38
2823.0,-0.7,-0.7,-0.6965,0.02,0.36
2824.0,-0.7,-0.7,-0.7002,0.0,0.34
2825.0,-0.7,-0.7,-0.6983,0.01,0.35
2826.0,-0.7,-0.7,-0.6958,0.02,0.36
2827.0,-0.7,-0.7,-0.7023,-0.01,-0.38
2829.0,-0.7,-0.7,-0.6958,0.02,0.36
2830.0,-0.7,-0.7,-0.7038,-0.01,-0.38
2831.0,-0.7,-0.7,-0.6943,0.03,0.37
2832.0,-0.7,-0.7,-0.6907,0.04,0.38
2833.0,-0.7,-0.7,-0.6965,0.02,0.36
2834.0,-0.7,-0.7,-0.6987,0.01,0.35
2835.0,-0.7,-0.7,-0.6951,0.03,0.37
2836.0,-0.7,-0.7,-0.6987,0.01,0.35
2837.0,-0.7,-0.7,-0.6965,0.02,0.36
2838.0,-0.7,-0.7,-0.6987,0.01,0.35
2840.0,-0.7,-0.7,-0.6918,0.04,0.38
2841.0,-0.7,-0.7,-0.6965,0.02,0.36
2842.0,-0.7,-0.7,-0.7241,-0.09,-0.46
2843.0,-0.7,-0.7,-0.7081,-0.03,-0.4
2844.0,-0.7,-0.7,-0.6994,0.0,0.34
2845.0,-0.7,-0.7,-0.7128,-0.05,-0.42
2846.0,-0.7,-0.7,-0.698,0.0,0.34
2847.0,-0.7,-0.7,-0.6914,0.03,0.37
2848.0,-0.7,-0.7,-0.6929,0.03,0.37
2849.0,-0.7,-0.7,-0.6914,0.04,0.38
2850.0,-0.7,-0.7,-0.698,0.01,0.35
2852.0,-0.7,-0.7,-0.7016,-0.0,-0.37
2853.0,-0.7,-0.7,-0.6943,0.03,0.37
2854.0,-0.7,-0.7,-0.6965,0.02,0.36
2855.0,-0.7,-0.7,-0.6998,0.01,0.35
2856.0,-0.7,-0.7,-0.7089,-0.03,-0.4
2857.0,-0.7,-0.7,-0.6965,0.02,0.36
2858.0,-0.7,-0.7,-0.6962,0.02,0.36
2859.0,-0.7,-0.7,-0.6987,0.01,0.35
2860.0,-0.7,-0.7,-0.7005,0.0,0.34
2861.0,-0.7,-0.7,-0.6965,0.02,0.36
2863.0,-0.7,-0.7,-0.7089,-0.03,-0.4
2864.0,-0.7,-0.7,-0.6976,0.01,0.35
2865.0,-0.7,-0.7,-0.6965,0.02,0.36
2866.0,-0.7,-0.7,-0.7005,0.0,0.34
2867.0,-0.7,-0.7,-0.7016,-0.0,-0.37
2868.0,-0.7,-0.7,-0.6987,0.01,0.35
2869.0,-0.7,-0.7,-0.7099,-0.04,-0.41
2870.0,-0.7,-0.7,-0.7009,-0.01,-0.38
2871.0,-0.7,-0.7,-0.6994,0.0,0.34
2872.0,-0.7,-0.7,-0.6958,0.02,0.36
2874.0,-0.7,-0.7,-0.682,0.07,0.41
2875.0,-0.7,-0.7,-0.6885,0.05,0.39
2876.0,-0.7,-0.7,-0.6994,0.01,0.35
2877.0,-0.7,-0.7,-0.6972,0.02,0.36
2878.0,-0.7,-0.7,-0.702,0.0,0.34
2879.0,-0.7,-0.7,-0.6965,0.02,0.36
2880.0,-0.7,-0.7,-0.6987,0.01,0.35
2881.0,-0.7,-0.7,-0.7023,-0.0,-0.37
2882.0,-0.7,-0.7,-0.7012,0.0,0.34
2883.0,-0.7,-0.7,-0.7012,0.0,0.34
2884.0,-0.7,-0.7,-0.7002,0.0,0.34
2886.0,-0.7,-0.7,-0.7023,-0.01,-0.38
2887.0,-0.7,-0.7,-0.6907,0.04,0.38
2888.0,-0.7,-0.7,-0.706,-0.02,-0.39
2889.0,-0.7,-0.7,-0.7023,-0.01,-0.38
2890.0,-0.7,-0.7,-0.7023,-0.01,-0.38
2891.0,-0.7,-0.7,-0.7168,-0.07,-0.44
2892.0,-0.7,-0.7,-0.6951,0.02,0.36
2893.0,-0.7,-0.7,-0.7052,-0.02,-0.39
2894.0,-0.7,-0.7,-0.7052,-0.03,-0.4
2896.0,-0.7,-0.7,-0.6958,0.01,0.35
2897.0,-0.7,-0.7,-0.6936,0.02,0.36
2898.0,-0.7,-0.7,-0.7023,-0.01,-0.38
2899.0,-0.7,-0.7,-0.7023,-0.01,-0.38
2900.0,-0.7,-0.7,-0.7031,-0.02,-0.39
2901.0,-0.7,-0.7,-0.7045,-0.02,-0.39
2902.0,-0.7,-0.7,-0.6987,0.0,0.34
2903.0,-0.7,-0.7,-0.6972,0.01,0.35
2904.0,-0.7,-0.7,-0.6998,-0.0,-0.37
2906.0,-0.7,-0.7,-0.7056,-0.03,-0.4
2907.0,-0.7,-0.7,-0.7002,-0.0,-0.37
2908.0,-0.7,-0.7,-0.702,-0.01,-0.38
2909.0,-0.7,-0.7,-0.7081,-0.04,-0.41
2910.0,-0.7,-0.7,-0.7038,-0.02,-0.39
2911.0,-0.7,-0.7,-0.7023,-0.02,-0.39
2912.0,-0.7,-0.7,-0.7023,-0.02,-0.39
2913.0,-0.7,-0.7,-0.6947,0.01,0.35
2914.0,-0.7,-0.7,-0.6922,0.03,0.37
2916.0,-0.7,-0.7,-0.7049,-0.02,-0.39
2917.0,-0.7,-0.7,-0.6806,0.08,0.42
2918.0,-0.7,-0.7,-0.6918,0.04,0.38
2919.0,-0.7,-0.7,-0.7009,0.0,0.34
2920.0,-0.7,-0.7,-0.6798,0.09,0.43
2921.0,-0.7,-0.7,-0.6904,0.05,0.39
2922.0,-0.7,-0.7,-0.7034,-0.0,-0.37
2923.0,-0.7,-0.7,-0.7016,0.0,0.34
2924.0,-0.7,-0.7,-0.7016,0.0,0.34
2925.0,-0.7,-0.7,-0.7023,-0.0,-0.37
2926.0,-0.7,-0.7,-0.7009,0.0,0.34
2928.0,-0.7,-0.7,-0.7147,-0.05,-0.42
2929.0,-0.7,-0.7,-0.7161,-0.07,-0.44
2930.0,-0.7,-0.7,-0.7099,-0.05,-0.42
2931.0,-0.7,-0.7,-0.7009,-0.01,-0.38
2932.0,-0.7,-0.7,-0.7012,-0.01,-0.38
2933.0,-0.7,-0.7,-0.7012,-0.01,-0.38
2934.0,-0.7,-0.7,-0.7089,-0.04,-0.41
2935.0,-0.7,-0.7,-0.6958,0.01,0.35
2937.0,-0.7,-0.7,-0.7031,-0.02,-0.39
2938.0,-0.7,-0.7,-0.702,-0.02,-0.39
2939.0,-0.7,-0.7,-0.6962,0.01,0.35
2940.0,-0.7,-0.7,-0.7002,-0.01,-0.38
2941.0,-0.7,-0.7,-0.7031,-0.02,-0.39
2942.0,-0.7,-0.7,-0.698,0.0,0.34
2943.0,-0.7,-0.7,-0.6987,0.0,0.34
2944.0,-0.7,-0.7,-0.7002,-0.0,-0.37
2945.0,-0.7,-0.7,-0.7067,-0.03,-0.4
2946.0,-0.7,-0.7,-0.7034,-0.02,-0.39
2948.0,-0.7,-0.7,-0.7096,-0.05,-0.42
2949.0,-0.7,-0.7,-0.6943,0.01,0.35
2950.0,-0.7,-0.7,-0.6994,-0.0,-0.37
2951.0,-0.7,-0.7,-0.7546,-0.23,-0.6
2952.0,-0.7,-0.7,-0.7002,-0.02,-0.39
2953.0,-0.7,-0.7,-0.7038,-0.04,-0.41
2954.0,-0.7,-0.7,-0.6972,-0.01,-0.38
2955.0,-0.7,-0.7,-0.7041,-0.03,-0.4
2957.0,-0.7,-0.7,-0.702,-0.03,-0.4
2958.0,-0.7,-0.7,-0.6998,-0.02,-0.39
2959.0,-0.7,-0.7,-0.706,-0.04,-0.41
2960.0,-0.7,-0.7,-0.7038,-0.03,-0.4
2961.0,-0.7,-0.7,-0.7045,-0.03,-0.4
2962.0,-0.7,-0.7,-0.7002,-0.02,-0.39
2963.0,-0.7,-0.7,-0.6972,-0.0,-0.37
2964.0,-0.7,-0.7,-0.6871,0.04,0.38
2966.0,-0.7,-0.7,-0.6972,0.0,0.34
2967.0,-0.7,-0.7,-0.6965,0.01,0.35
2968.0,-0.7,-0.7,-0.6573,0.17,0.51
2969.0,-0.7,-0.7,-0.7103,-0.03,-0.4
2970.0,-0.7,-0.7,-0.6726,0.12,0.46
2971.0,-0.7,-0.7,-0.6983,0.02,0.36
2972.0,-0.7,-0.7,-0.6954,0.03,0.37
2973.0,-0.7,-0.7,-0.6958,0.03,0.37
2974.0,-0.7,-0.7,-0.6972,0.03,0.37
2975.0,-0.7,-0.7,-0.6965,0.03,0.37
2976.0,-0.7,-0.7,-0.6933,0.04,0.38
2978.0,-0.7,-0.7,-0.6972,0.03,0.37
2979.0,-0.7,-0.7,-0.6936,0.04,0.38
2980.0,-0.7,-0.7,-0.6936,0.04,0.38
2981.0,-0.7,-0.7,-0.7002,0.02,0.36
2982.0,-0.7,-0.7,-0.6958,0.03,0.37
2983.0,-0.7,-0.7,-0.6958,0.03,0.37
2984.0,-0.7,-0.7,-0.6885,0.06,0.4
2985.0,-0.7,-0.7,-0.6943,0.04,0.38
2986.0,-0.7,-0.7,-0.6947,0.04,0.38
2987.0,-0.7,-0.7,-0.6936,0.04,0.38
2988.0,-0.7,-0.7,-0.6954,0.04,0.38
2990.0,-0.7,-0.7,-0.6907,0.06,0.4
2991.0,-0.7,-0.7,-0.6929,0.05,0.39
2992.0,-0.7,-0.7,-0.6987,0.03,0.37
2993.0,-0.7,-0.7,-0.7002,0.02,0.36
2994.0,-0.7,-0.7,-0.7002,0.02,0.36
2995.0,-0.7,-0.7,-0.6991,0.02,0.36
2996.0,-0.7,-0.7,-0.6987,0.02,0.36
2997.0,-0.7,-0.7,-0.7023,0.0,0.34
2998.0,-0.7,-0.7,-0.6987,0.02,0.36
2999.0,-0.7,-0.7,-0.7031,-0.0,-0.37
3000.0,0.7,0.7,-0.6994,-5.77,-6.14
3002.0,0.7,0.7,-0.6936,-6.22,-6.59
3003.0,0.7,0.7,-0.6965,-6.66,-7.03
3004.0,0.7,0.7,-0.7016,-7.07,-7.44
3005.0,0.7,0.7,-0.7031,-7.43,-7.8
3006.0,0.7,0.7,-0.7031,-7.76,-8.13
3007.0,0.7,0.7,-0.6929,-8.01,-8.38
3008.0,0.7,0.7,-0.6907,-8.27,-8.64
3009.0,0.7,0.7,-0.6893,-8.51,-8.88
3010.0,0.7,0.7,-0.6929,-8.74,-9.11
3011.0,0.7,0.7,-0.6849,-8.91,-9.28
3013.0,0.7,0.7,-0.6777,-9.06,-9.43
3014.0,0.7,0.7,-0.7041,-9.33,-9.7
3015.0,0.7,0.7,-0.6675,-9.34,-9.71
3016.0,0.7,0.7,-0.6653,-9.46,-9.83
3017.0,0.7,0.7,-0.653,-9.53,-9.9
3018.0,0.7,0.7,-0.6512,-9.62,-9.99
3019.0,0.7,0.7,-0.6392,-9.67,-10.04
3020.0,0.7,0.7,-0.6378,-9.74,-10.11
3021.0,0.7,0.7,-0.6269,-9.77,-10.14
3022.0,0.7,0.7,-0.6338,-9.86,-10.23
3024.0,0.7,0.7,-0.6203,-9.87,-10.24
3025.0,0.7,0.7,-0.5725,-9.72,-10.09
3026.0,0.7,0.7,-0.6033,-9.88,-10.25
3027.0,0.7,0.7,-0.5928,-9.87,-10.24
3028.0,0.7,0.7,-0.5822,-9.86,-10.23
3029.0,0.7,0.7,-0.5739,-9.85,-10.22
3030.0,0.7,0.7,-0.5021,-9.57,-9.94
3031.0,0.7,0.7,-0.5598,-9.8,-10.17
3032.0,0.7,0.7,-0.5413,-9.74,-10.11
3033.0,0.7,0.7,-0.5362,-9.72,-10.09
3035.0,0.7,0.7,-0.5282,-9.69,-10.06
3036.0,0.7,0.7,-0.5213,-9.66,-10.03
3037.0,0.7,0.7,-0.5242,-9.67,-10.04
3038.0,0.7,0.7,-0.4981,-9.56,-9.93
3039.0,0.7,0.7,-0.4926,-9.53,-9.9
3040.0,0.7,0.7,-0.4752,-9.45,-9.82
3041.0,0.7,0.7,-0.4484,-9.32,-9.69
3042.0,0.7,0.7,-0.4614,-9.35,-9.72
3043.0,0.7,0.7,-0.4513,-9.3,-9.67
3044.0,0.7,0.7,-0.4382,-9.22,-9.59
3046.0,0.7,0.7,-0.4379,-9.2,-9.57
3047.0,0.7,0.7,-0.4107,-9.07,-9.44
3048.0,0.7,0.7,-0.4096,-9.04,-9.41
3049.0,0.7,0.7,-0.4005,-8.97,-9.34
3050.0,0.7,0.7,-0.39,-8.91,-9.28
3051.0,0.7,0.7,-0.3802,-8.84,-9.21
3052.0,0.7,0.7,-0.3751,-8.79,-9.16
3053.0,0.7,0.7,-0.3679,-8.73,-9.1
3054.0,0.7,0.7,-0.3475,-8.62,-8.99
3055.0,0.7,0.7,-0.3403,-8.56,-8.93
3057.0,0.7,0.7,-0.3185,-8.44,-8.81
3058.0,0.7,0.7,-0.3065,-8.35,-8.72
3059.0,0.7,0.7,-0.3062,-8.32,-8.69
3060.0,0.7,0.7,-0.2967,-8.24,-8.61
3061.0,0.7,0.7,-0.2822,-8.15,-8.52
3062.0,0.7,0.7,-0.2775,-8.1,-8.47
3063.0,0.7,0.7,-0.263,-8.0,-8.37
3064.0,0.7,0.7,-0.2496,-7.91,-8.28
3065.0,0.7,0.7,-0.2416,-7.84,-8.21
3066.0,0.7,0.7,-0.2285,-7.75,-8.12
3068.0,0.7,0.7,-0.2256,-7.7,-8.07
3069.0,0.7,0.7,-0.214,-7.62,-7.99
3070.0,0.7,0.7,-0.1944,-7.5,-7.87
3071.0,0.7,0.7,-0.1774,-7.39,-7.76
3072.0,0.7,0.7,-0.1749,-7.34,-7.71
3073.0,0.7,0.7,-0.164,-7.25,-7.62
3074.0,0.7,0.7,-0.1469,-7.15,-7.52
3075.0,0.7,0.7,-0.14,-7.08,-7.45
3076.0,0.7,0.7,-0.1306,-7.0,-7.37
3077.0,0.7,0.7,-0.119,-6.91,-7.28
3079.0,0.7,0.7,-0.1125,-6.84,-7.21
3080.0,0.7,0.7,-0.1023,-6.76,-7.13
3081.0,0.7,0.7,-0.0827,-6.64,-7.01
3082.0,0.7,0.7,-0.0791,-6.59,-6.96
3083.0,0.7,0.7,-0.0599,-6.47,-6.84
3084.0,0.7,0.7,-0.0464,-6.37,-6.74
3085.0,0.7,0.7,-0.0399,-6.3,-6.67
3086.0,0.7,0.7,-0.029,-6.22,-6.59
3087.0,0.7,0.7,-0.012,-6.1,-6.47
3088.0,0.7,0.7,-0.0036,-6.03,-6.4
3090.0,0.7,0.7,-0.0007,-5.97,-6.34
3091.0,0.7,0.7,0.0145,-5.87,-6.24
3092.0,0.7,0.7,0.029,-5.77,-6.14
3093.0,0.7,0.7,0.033,-5.71,-6.08
3094.0,0.7,0.7,0.045,-5.62,-5.99
3095.0,0.7,0.7,0.0573,-5.53,-5.9
3096.0,0.7,0.7,0.0682,-5.44,-5.81
3097.0,0.7,0.7,0.082,-5.35,-5.72
3098.0,0.7,0.7,0.0907,-5.27,-5.64
3099.0,0.7,0.7,0.1027,-5.18,-5.55
3100.0,0.7,0.7,0.1139,-5.09,-5.46
3101.0,0.7,0.7,0.1197,-5.02,-5.39
3102.0,0.7,0.7,0.1364,-4.92,-5.29
3104.0,0.7,0.7,0.1408,-4.86,-5.23
3105.0,0.7,0.7,0.1429,-4.81,-5.18
3106.0,0.7,0.7,0.1712,-4.65,-5.02
3107.0,0.7,0.7,0.1734,-4.6,-4.97
3108.0,0.7,0.7,0.1865,-4.51,-4.88
3109.0,0.7,0.7,0.2002,-4.41,-4.78
3110.0,0.7,0.7,0.21,-4.33,-4.7
3111.0,0.7,0.7,0.2184,-4.25,-4.62
3112.0,0.7,0.7,0.2285,-4.17,-4.54
3113.0,0.7,0.7,0.2336,-4.11,-4.48
3114.0,0.7,0.7,0.2438,-4.03,-4.4
3115.0,0.7,0.7,0.2605,-3.92,-4.29
3117.0,0.7,0.7,0.2724,-3.83,-4.2
3118.0,0.7,0.7,0.2909,-3.71,-4.08
3119.0,0.7,0.7,0.2873,-3.69,-4.06
3120.0,0.7,0.7,0.3069,-3.57,-3.94
3121.0,0.7,0.7,0.3105,-3.51,-3.88
3122.0,0.7,0.7,0.325,-3.41,-3.78
3123.0,0.7,0.7,0.3265,-3.37,-3.74
3124.0,0.7,0.7,0.325,-3.33,-3.7
3125.0,0.7,0.7,0.3519,-3.19,-3.56
3126.0,0.7,0.7,0.3541,-3.14,-3.51
3127.0,0.7,0.7,0.3697,-3.04,-3.41
3128.0,0.7,0.7,0.3707,-3.0,-3.37
3130.0,0.7,0.7,0.3831,-2.91,-3.28
3131.0,0.7,0.7,0.3947,-2.83,-3.2
3132.0,0.7,0.7,0.3976,-2.78,-3.15
3133.0,0.7,0.7,0.4063,-2.71,-3.08
3134.0,0.7,0.7,0.3954,-2.72,-3.09
3135.0,0.7,0.7,0.4186,-2.59,-2.96
3136.0,0.7,0.7,0.4302,-2.51,-2.88
3137.0,0.7,0.7,0.4506,-2.39,-2.76
3138.0,0.7,0.7,0.4469,-2.37,-2.74
3139.0,0.7,0.7,0.4578,-2.29,-2.66
3140.0,0.7,0.7,0.4596,-2.25,-2.62
3141.0,0.7,0.7,0.468,-2.18,-2.55
3143.0,0.7,0.7,0.472,-2.14,-2.51
3144.0,0.7,0.7,0.4781,-2.08,-2.45
3145.0,0.7,0.7,0.4897,-2.0,-2.37
3146.0,0.7,0.7,0.4919,-1.96,-2.33
3147.0,0.7,0.7,0.4912,-1.94,-2.31
3148.0,0.7,0.7,0.509,-1.84,-2.21
3149.0,0.7,0.7,0.5122,-1.8,-2.17
3150.0,0.7,0.7,0.526,-1.71,-2.08
3151.0,0.7,0.7,0.5296,-1.67,-2.04
3152.0,0.7,0.7,0.5398,-1.59,-1.96
3153.0,0.7,0.7,0.5427,-1.55,-1.92
3154.0,0.7,0.7,0.5442,-1.52,-1.89
3156.0,0.7,0.7,0.5492,-1.47,-1.84
3157.0,0.7,0.7,0.5543,-1.43,-1.8
3158.0,0.7,0.7,0.5652,-1.36,-1.73
3159.0,0.7,0.7,0.5681,-1.32,-1.69
3160.0,0.7,0.7,0.5757,-1.26,-1.63
3161.0,0.7,0.7,0.5783,-1.23,-1.6
3162.0,0.7,0.7,0.5899,-1.15,-1.52
3163.0,0.7,0.7,0.5906,-1.13,-1.5
3164.0,0.7,0.7,0.5942,-1.09,-1.46
3165.0,0.7,0.7,0.5986,-1.05,-1.42
3166.0,0.7,0.7,0.6029,-1.01,-1.38
3167.0,0.7,0.7,0.6312,-0.87,-1.24
3169.0,0.7,0.7,0.6138,-0.91,-1.28
3170.0,0.7,0.7,0.6182,-0.87,-1.24
3171.0,0.7,0.7,0.6102,-0.89,-1.26
3172.0,0.7,0.7,0.6247,-0.81,-1.18
3173.0,0.7,0.7,0.6222,-0.8,-1.17
3174.0,0.7,0.7,0.6319,-0.74,-1.11
3175.0,0.7,0.7,0.6334,-0.72,-1.09
3176.0,0.7,0.7,0.6385,-0.68,-1.05
3177.0,0.7,0.7,0.6414,-0.65,-1.02
3178.0,0.7,0.7,0.6523,-0.59,-0.96
3179.0,0.7,0.7,0.6385,-0.63,-1.0
3180.0,0.7,0.7,0.6537,-0.55,-0.92
3182.0,0.7,0.7,0.6762,-0.44,-0.81
3183.0,0.7,0.7,0.6479,-0.54,-0.91
3184.0,0.7,0.7,0.6646,-0.46,-0.83
3185.0,0.7,0.7,0.6653,-0.44,-0.81
3186.0,0.7,0.7,0.6646,-0.43,-0.8
3187.0,0.7,0.7,0.6711,-0.39,-0.76
3188.0,0.7,0.7,0.674,-0.36,-0.73
3189.0,0.7,0.7,0.6744,-0.34,-0.71
3190.0,0.7,0.7,0.6784,-0.32,-0.69
3191.0,0.7,0.7,0.6827,-0.28,-0.65
3192.0,0.7,0.7,0.6791,-0.29,-0.66
3193.0,0.7,0.7,0.6871,-0.24,-0.61
3195.0,0.7,0.7,0.6893,-0.22,-0.59
3196.0,0.7,0.7,0.6958,-0.18,-0.55
3197.0,0.7,0.7,0.6936,-0.18,-0.55
3198.0,0.7,0.7,0.6994,-0.14,-0.51
3199.0,0.7,0.7,0.6976,-0.14,-0.51
3200.0,0.7,0.7,0.6914,-0.15,-0.52
3201.0,0.7,0.7,0.7023,-0.1,-0.47
3202.0,0.7,0.7,0.7023,-0.09,-0.46
3203.0,0.7,0.7,0.7045,-0.07,-0.44
3204.0,0.7,0.7,0.7052,-0.06,-0.43
3205.0,0.7,0.7,0.7089,-0.03,-0.4
3206.0,0.7,0.7,0.7081,-0.03,-0.4
3207.0,0.7,0.7,0.7103,-0.01,-0.38
3209.0,0.7,0.7,0.7092,-0.01,-0.38
3210.0,0.7,0.7,0.7139,0.02,0.36
3211.0,0.7,0.7,0.7161,0.04,0.38
3212.0,0.7,0.7,0.7103,0.02,0.36
3213.0,0.7,0.7,0.7147,0.04,0.38
3214.0,0.7,0.7,0.7147,0.05,0.39
3215.0,0.7,0.7,0.7176,0.07,0.41
3216.0,0.7,0.7,0.7205,0.09,0.43
3217.0,0.7,0.7,0.7168,0.08,0.42
3218.0,0.7,0.7,0.7197,0.1,0.44
3219.0,0.7,0.7,0.7226,0.11,0.45
3220.0,0.7,0.7,0.7205,0.11,0.45
3221.0,0.7,0.7,0.7226,0.12,0.46
3222.0,0.7,0.7,0.7248,0.14,0.48
3223.0,0.7,0.7,0.7226,0.13,0.47
3224.0,0.7,0.7,0.7226,0.14,0.48
3225.0,0.7,0.7,0.719,0.13,0.47
3226.0,0.7,0.7,0.7237,0.15,0.49
3227.0,0.7,0.7,0.7226,0.15,0.49
3229.0,0.7,0.7,0.7255,0.16,0.5
3230.0,0.7,0.7,0.7237,0.16,0.5
3231.0,0.7,0.7,0.7226,0.16,0.5
3232.0,0.7,0.7,0.7161,0.13,0.47
3233.0,0.7,0.7,0.7176,0.14,0.48
3234.0,0.7,0.7,0.7313,0.19,0.53
3235.0,0.7,0.7,0.7226,0.16,0.5
3236.0,0.7,0.7,0.7197,0.15,0.49
3237.0,0.7,0.7,0.7219,0.16,0.5
3238.0,0.7,0.7,0.7197,0.15,0.49
3239.0,0.7,0.7,0.7219,0.16,0.5
3240.0,0.7,0.7,0.7255,0.18,0.52
3241.0,0.7,0.7,0.7219,0.17,0.51
3242.0,0.7,0.7,0.7226,0.17,0.51
3243.0,0.7,0.7,0.7176,0.15,0.49
3244.0,0.7,0.7,0.7136,0.13,0.47
3245.0,0.7,0.7,0.7176,0.15,0.49
3246.0,0.7,0.7,0.7208,0.16,0.5
3247.0,0.7,0.7,0.7197,0.15,0.49
3248.0,0.7,0.7,0.7205,0.16,0.5
3249.0,0.7,0.7,0.7168,0.14,0.48
3251.0,0.7,0.7,0.7234,0.17,0.51
3252.0,0.7,0.7,0.7234,0.17,0.51
3253.0,0.7,0.7,0.703,0.09,0.43
3254.0,0.7,0.7,0.7179,0.14,0.48
3255.0,0.7,0.7,0.7154,0.13,0.47
3256.0,0.7,0.7,0.715,0.13,0.47
3257.0,0.7,0.7,0.7161,0.13,0.47
3258.0,0.7,0.7,0.7139,0.12,0.46
3259.0,0.7,0.7,0.7161,0.13,0.47
3260.0,0.7,0.7,0.7147,0.13,0.47
3261.0,0.7,0.7,0.7118,0.11,0.45
3262.0,0.7,0.7,0.7118,0.11,0.45
3263.0,0.7,0.7,0.711,0.11,0.45
3264.0,0.7,0.7,0.711,0.1,0.44
3265.0,0.7,0.7,0.711,0.1,0.44
3266.0,0.7,0.7,0.711,0.1,0.44
3267.0,0.7,0.7,0.7103,0.1,0.44
3268.0,0.7,0.7,0.7092,0.09,0.43
3269.0,0.7,0.7,0.6943,0.03,0.37
3270.0,0.7,0.7,0.7103,0.09,0.43
3271.0,0.7,0.7,0.7052,0.07,0.41
3272.0,0.7,0.7,0.7118,0.09,0.43
3274.0,0.7,0.7,0.7045,0.06,0.4
3275.0,0.7,0.7,0.7063,0.07,0.41
3276.0,0.7,0.7,0.7052,0.06,0.4
3277.0,0.7,0.7,0.7081,0.07,0.41
3278.0,0.7,0.7,0.7023,0.05,0.39
3279.0,0.7,0.7,0.7034,0.05,0.39
3280.0,0.7,0.7,0.7023,0.04,0.38
3281.0,0.7,0.7,0.6987,0.02,0.36
3282.0,0.7,0.7,0.7001,0.03,0.37
3283.0,0.7,0.7,0.7001,0.03,0.37
3284.0,0.7,0.7,0.7001,0.02,0.36
3285.0,0.7,0.7,0.6929,-0.01,-0.38
3286.0,0.7,0.7,0.702,0.02,0.36
3287.0,0.7,0.7,0.6972,0.0,0.34
3288.0,0.7,0.7,0.6965,-0.0,-0.37
3289.0,0.7,0.7,0.7132,0.07,0.41
3290.0,0.7,0.7,0.715,0.08,0.42
3291.0,0.7,0.7,0.6965,0.0,0.34
3292.0,0.7,0.7,0.6958,-0.0,-0.37
3293.0,0.7,0.7,0.6976,0.0,0.34
3294.0,0.7,0.7,0.6954,-0.01,-0.38
3296.0,0.7,0.7,0.6958,-0.01,-0.38
3297.0,0.7,0.7,0.6943,-0.02,-0.39
3298.0,0.7,0.7,0.6951,-0.02,-0.39
3299.0,0.7,0.7,0.6936,-0.02,-0.39
3300.0,0.7,0.7,0.7092,0.04,0.38
3301.0,0.7,0.7,0.7023,0.01,0.35
3302.0,0.7,0.7,0.6972,-0.01,-0.38
3303.0,0.7,0.7,0.6965,-0.01,-0.38
3304.0,0.7,0.7,0.6936,-0.03,-0.4
3305.0,0.7,0.7,0.6965,-0.02,-0.39
3306.0,0.7,0.7,0.6972,-0.01,-0.38
3307.0,0.7,0.7,0.6958,-0.02,-0.39
3308.0,0.7,0.7,0.703,0.01,0.35
3309.0,0.7,0.7,0.6947,-0.02,-0.39
3310.0,0.7,0.7,0.6943,-0.03,-0.4
3312.0,0.7,0.7,0.6947,-0.03,-0.4
3313.0,0.7,0.7,0.6871,-0.06,-0.43
3314.0,0.7,0.7,0.6929,-0.04,-0.41
3315.0,0.7,0.7,0.6936,-0.04,-0.41
3316.0,0.7,0.7,0.6929,-0.04,-0.41
3317.0,0.7,0.7,0.6947,-0.04,-0.41
3318.0,0.7,0.7,0.6871,-0.07,-0.44
3319.0,0.7,0.7,0.6936,-0.04,-0.41
3320.0,0.7,0.7,0.6976,-0.03,-0.4
3321.0,0.7,0.7,0.6878,-0.07,-0.44
3322.0,0.7,0.7,0.6994,-0.02,-0.39
3323.0,0.7,0.7,0.6976,-0.03,-0.4
3325.0,0.7,0.7,0.6958,-0.04,-0.41
3326.0,0.7,0.7,0.6965,-0.03,-0.4
3327.0,0.7,0.7,0.6976,-0.03,-0.4
3328.0,0.7,0.7,0.6936,-0.04,-0.41
3329.0,0.7,0.7,0.7005,-0.02,-0.39
3330.0,0.7,0.7,0.6893,-0.06,-0.43
3331.0,0.7,0.7,0.7023,-0.01,-0.38
3332.0,0.7,0.7,0.6972,-0.03,-0.4
3333.0,0.7,0.7,0.6987,-0.02,-0.39
3334.0,0.7,0.7,0.703,-0.0,-0.37
3335.0,0.7,0.7,0.7005,-0.01,-0.38
3336.0,0.7,0.7,0.703,0.0,0.34
3337.0,0.7,0.7,0.7081,0.03,0.37
3338.0,0.7,0.7,0.7023,0.0,0.34
3339.0,0.7,0.7,0.7001,-0.0,-0.37
3341.0,0.7,0.7,0.7103,0.04,0.38
3342.0,0.7,0.7,0.698,-0.01,-0.38
3343.0,0.7,0.7,0.7023,0.01,0.35
3344.0,0.7,0.7,0.7023,0.01,0.35
3345.0,0.7,0.7,0.7052,0.02,0.36
3346.0,0.7,0.7,0.703,0.02,0.36
3347.0,0.7,0.7,0.7023,0.01,0.35
3348.0,0.7,0.7,0.6943,-0.02,-0.39
3349.0,0.7,0.7,0.7023,0.01,0.35
3350.0,0.7,0.7,0.703,0.02,0.36
3351.0,0.7,0.7,0.7023,0.01,0.35
3352.0,0.7,0.7,0.7001,0.0,0.34
3353.0,0.7,0.7,0.7045,0.02,0.36
3354.0,0.7,0.7,0.7023,0.01,0.35
3355.0,0.7,0.7,0.6994,0.0,0.34
3356.0,0.7,0.7,0.7023,0.01,0.35
3357.0,0.7,0.7,0.7001,0.01,0.35
3358.0,0.7,0.7,0.7023,0.01,0.35
3359.0,0.7,0.7,0.7023,0.01,0.35
3360.0,0.7,0.7,0.6987,-0.0,-0.37
3362.0,0.7,0.7,0.7023,0.01,0.35
3363.0,0.7,0.7,0.7139,0.06,0.4
3364.0,0.7,0.7,0.7001,0.01,0.35
3365.0,0.7,0.7,0.703,0.02,0.36
3366.0,0.7,0.7,0.6947,-0.01,-0.38
3367.0,0.7,0.7,0.702,0.01,0.35
3368.0,0.7,0.7,0.7049,0.03,0.37
3369.0,0.7,0.7,0.7052,0.03,0.37
3370.0,0.7,0.7,0.6798,-0.07,-0.44
3371.0,0.7,0.7,0.6994,-0.0,-0.37
3372.0,0.7,0.7,0.7001,0.0,0.34
3373.0,0.7,0.7,0.7001,0.0,0.34
3374.0,0.7,0.7,0.6994,-0.0,-0.37
3375.0,0.7,0.7,0.7023,0.01,0.35
3376.0,0.7,0.7,0.7107,0.05,0.39
3377.0,0.7,0.7,0.703,0.02,0.36
3378.0,0.7,0.7,0.7052,0.03,0.37
3379.0,0.7,0.7,0.6972,-0.0,-0.37
3380.0,0.7,0.7,0.7009,0.01,0.35
3381.0,0.7,0.7,0.698,-0.0,-0.37
3383.0,0.7,0.7,0.6994,0.0,0.34
3384.0,0.7,0.7,0.6918,-0.03,-0.4
3385.0,0.7,0.7,0.6889,-0.05,-0.42
3386.0,0.7,0.7,0.7034,0.01,0.35
3387.0,0.7,0.7,0.7034,0.01,0.35
3388.0,0.7,0.7,0.6994,-0.0,-0.37
3389.0,0.7,0.7,0.6994,-0.0,-0.37
3390.0,0.7,0.7,0.7092,0.04,0.38
3391.0,0.7,0.7,0.7001,0.0,0.34
3392.0,0.7,0.7,0.7034,0.02,0.36
3393.0,0.7,0.7,0.7045,0.02,0.36
3394.0,0.7,0.7,0.703,0.02,0.36
3395.0,0.7,0.7,0.6972,-0.01,-0.38
3396.0,0.7,0.7,0.6994,0.0,0.34
3397.0,0.7,0.7,0.6951,-0.02,-0.39
3398.0,0.7,0.7,0.7023,0.01,0.35
3399.0,0.7,0.7,0.7001,0.0,0.34
3401.0,0.7,0.7,0.7045,0.02,0.36
3402.0,0.7,0.7,0.7089,0.04,0.38
3403.0,0.7,0.7,0.6965,-0.01,-0.38
3404.0,0.7,0.7,0.7023,0.01,0.35
3405.0,0.7,0.7,0.6965,-0.01,-0.38
3406.0,0.7,0.7,0.6907,-0.04,-0.41
3407.0,0.7,0.7,0.7023,0.01,0.35
3408.0,0.7,0.7,0.7317,0.13,0.47
3409.0,0.7,0.7,0.6972,-0.0,-0.37
3410.0,0.7,0.7,0.6965,-0.01,-0.38
3411.0,0.7,0.7,0.6972,-0.0,-0.37
3412.0,0.7,0.7,0.6972,-0.01,-0.38
3413.0,0.7,0.7,0.6791,-0.08,-0.45
3414.0,0.7,0.7,0.6965,-0.02,-0.39
3415.0,0.7,0.7,0.7023,0.01,0.35
3416.0,0.7,0.7,0.6998,-0.0,-0.37
3418.0,0.7,0.7,0.6965,-0.02,-0.39
3419.0,0.7,0.7,0.7005,-0.0,-0.37
3420.0,0.7,0.7,0.7001,-0.0,-0.37
3421.0,0.7,0.7,0.6918,-0.04,-0.41
3422.0,0.7,0.7,0.7234,0.09,0.43
3423.0,0.7,0.7,0.6972,-0.01,-0.38
3424.0,0.7,0.7,0.7009,0.01,0.35
3425.0,0.7,0.7,0.7001,0.0,0.34
3426.0,0.7,0.7,0.6994,-0.0,-0.37
3427.0,0.7,0.7,0.6987,-0.0,-0.37
3428.0,0.7,0.7,0.6987,-0.0,-0.37
3429.0,0.7,0.7,0.6994,-0.0,-0.37
3430.0,0.7,0.7,0.6943,-0.02,-0.39
3431.0,0.7,0.7,0.7023,0.01,0.35
3433.0,0.7,0.7,0.706,0.02,0.36
3434.0,0.7,0.7,0.711,0.05,0.39
3435.0,0.7,0.7,0.7324,0.14,0.48
3436.0,0.7,0.7,0.6994,0.01,0.35
3437.0,0.7,0.7,0.7023,0.02,0.36
3438.0,0.7,0.7,0.6994,0.01,0.35
3439.0,0.7,0.7,0.7005,0.01,0.35
3440.0,0.7,0.7,0.6987,0.01,0.35
3441.0,0.7,0.7,0.6987,0.0,0.34
3442.0,0.7,0.7,0.6994,0.01,0.35
3443.0,0.7,0.7,0.7023,0.02,0.36
3444.0,0.7,0.7,0.6987,0.0,0.34
3445.0,0.7,0.7,0.7034,0.02,0.36
3446.0,0.7,0.7,0.6936,-0.02,-0.39
3447.0,0.7,0.7,0.7023,0.01,0.35
3448.0,0.7,0.7,0.7255,0.11,0.45
3449.0,0.7,0.7,0.698,0.0,0.34
3450.0,0.7,0.7,0.6994,0.01,0.35
3451.0,0.7,0.7,0.7001,0.01,0.35
3452.0,0.7,0.7,0.6965,-0.01,-0.38
3453.0,0.7,0.7,0.7001,0.01,0.35
3455.0,0.7,0.7,0.6994,0.0,0.34
3456.0,0.7,0.7,0.6965,-0.01,-0.38
3457.0,0.7,0.7,0.7038,0.02,0.36
3458.0,0.7,0.7,0.6947,-0.02,-0.39
3459.0,0.7,0.7,0.706,0.03,0.37
3460.0,0.7,0.7,0.6994,0.0,0.34
3461.0,0.7,0.7,0.6994,0.0,0.34
3462.0,0.7,0.7,0.6972,-0.01,-0.38
3463.0,0.7,0.7,0.7001,0.0,0.34
3464.0,0.7,0.7,0.7001,0.0,0.34
3465.0,0.7,0.7,0.6914,-0.03,-0.4
3466.0,0.7,0.7,0.6987,-0.01,-0.38
3467.0,0.7,0.7,0.6972,-0.01,-0.38
3468.0,0.7,0.7,0.6965,-0.02,-0.39
3469.0,0.7,0.7,0.6965,-0.02,-0.39
3470.0,0.7,0.7,0.6987,-0.01,-0.38
3472.0,0.7,0.7,0.7001,-0.0,-0.37
3473.0,0.7,0.7,0.6965,-0.02,-0.39
3474.0,0.7,0.7,0.7052,0.02,0.36
3475.0,0.7,0.7,0.6965,-0.02,-0.39
3476.0,0.7,0.7,0.7393,0.16,0.5
3477.0,0.7,0.7,0.6965,-0.0,-0.37
3478.0,0.7,0.7,0.6972,-0.0,-0.37
3479.0,0.7,0.7,0.6922,-0.03,-0.4
3480.0,0.7,0.7,0.6965,-0.01,-0.38
3481.0,0.7,0.7,0.698,-0.01,-0.38
3482.0,0.7,0.7,0.6965,-0.01,-0.38
3483.0,0.7,0.7,0.6972,-0.01,-0.38
3484.0,0.7,0.7,0.6994,-0.0,-0.37
3485.0,0.7,0.7,0.6972,-0.01,-0.38
3487.0,0.7,0.7,0.6972,-0.01,-0.38
3488.0,0.7,0.7,0.7001,-0.0,-0.37
3489.0,0.7,0.7,0.7023,0.01,0.35
3490.0,0.7,0.7,0.6965,-0.02,-0.39
3491.0,0.7,0.7,0.6987,-0.01,-0.38
3492.0,0.7,0.7,0.6987,-0.01,-0.38
3493.0,0.7,0.7,0.6965,-0.02,-0.39
3494.0,0.7,0.7,0.6972,-0.02,-0.39
3495.0,0.7,0.7,0.6972,-0.02,-0.39
3496.0,0.7,0.7,0.6987,-0.01,-0.38
3497.0,0.7,0.7,0.6965,-0.02,-0.39
3498.0,0.7,0.7,0.6943,-0.03,-0.4
3499.0,0.7,0.7,0.7005,-0.01,-0.38
3501.0,0.7,0.7,0.7005,-0.0,-0.37
3502.0,0.7,0.7,0.7034,0.01,0.35
3503.0,0.7,0.7,0.6994,-0.01,-0.38
3504.0,0.7,0.7,0.6987,-0.01,-0.38
3505.0,0.7,0.7,0.7052,0.02,0.36
3506.0,0.7,0.7,0.7023,0.01,0.35
3507.0,0.7,0.7,0.703,0.01,0.35
3508.0,0.7,0.7,0.7038,0.02,0.36
3509.0,0.7,0.7,0.703,0.01,0.35
3510.0,0.7,0.7,0.7052,0.02,0.36
3511.0,0.7,0.7,0.7023,0.01,0.35
3512.0,0.7,0.7,0.706,0.03,0.37
3513.0,0.7,0.7,0.7023,0.02,0.36
3514.0,0.7,0.7,0.7034,0.02,0.36
3515.0,0.7,0.7,0.7023,0.02,0.36
3516.0,0.7,0.7,0.7063,0.03,0.37
3517.0,0.7,0.7,0.703,0.02,0.36
3518.0,0.7,0.7,0.703,0.02,0.36
3519.0,0.7,0.7,0.7092,0.05,0.39
3520.0,0.7,0.7,0.7023,0.02,0.36
3521.0,0.7,0.7,0.706,0.04,0.38
3523.0,0.7,0.7,0.7034,0.03,0.37
3524.0,0.7,0.7,0.7023,0.02,0.36
3525.0,0.7,0.7,0.7005,0.01,0.35
3526.0,0.7,0.7,0.7089,0.05,0.39
3527.0,0.7,0.7,0.6987,0.01,0.35
3528.0,0.7,0.7,0.6929,-0.02,-0.39
3529.0,0.7,0.7,0.7045,0.03,0.37
3530.0,0.7,0.7,0.7005,0.01,0.35
3531.0,0.7,0.7,0.703,0.02,0.36
3532.0,0.7,0.7,0.703,0.02,0.36
3533.0,0.7,0.7,0.706,0.03,0.37
3534.0,0.7,0.7,0.7034,0.02,0.36
3535.0,0.7,0.7,0.706,0.03,0.37
3536.0,0.7,0.7,0.703,0.02,0.36
3537.0,0.7,0.7,0.6976,0.0,0.34
3538.0,0.7,0.7,0.6842,-0.06,-0.43
3539.0,0.7,0.7,0.7016,0.01,0.35
3540.0,0.7,0.7,0.7052,0.03,0.37
3541.0,0.7,0.7,0.7023,0.01,0.35
3542.0,0.7,0.7,0.6972,-0.01,-0.38
3544.0,0.7,0.7,0.7005,0.01,0.35
3545.0,0.7,0.7,0.6994,0.0,0.34
3546.0,0.7,0.7,0.6976,-0.01,-0.38
3547.0,0.7,0.7,0.7001,0.0,0.34
3548.0,0.7,0.7,0.703,0.01,0.35
3549.0,0.7,0.7,0.7081,0.04,0.38
3550.0,0.7,0.7,0.6947,-0.02,-0.39
3551.0,0.7,0.7,0.7023,0.01,0.35
3552.0,0.7,0.7,0.6972,-0.01,-0.38
3553.0,0.7,0.7,0.6976,-0.01,-0.38
3554.0,0.7,0.7,0.6965,-0.01,-0.38
3555.0,0.7,0.7,0.6907,-0.04,-0.41
3556.0,0.7,0.7,0.6907,-0.04,-0.41
3557.0,0.7,0.7,0.6965,-0.02,-0.39
3558.0,0.7,0.7,0.6936,-0.03,-0.4
3559.0,0.7,0.7,0.7045,0.01,0.35
3560.0,0.7,0.7,0.6918,-0.04,-0.41
3562.0,0.7,0.7,0.7052,0.01,0.35
3563.0,0.7,0.7,0.6885,-0.05,-0.42
3564.0,0.7,0.7,0.7023,0.0,0.34
3565.0,0.7,0.7,0.7023,0.0,0.34
3566.0,0.7,0.7,0.6911,-0.04,-0.41
3567.0,0.7,0.7,0.6929,-0.04,-0.41
3568.0,0.7,0.7,0.6936,-0.04,-0.41
3569.0,0.7,0.7,0.6958,-0.03,-0.4
3570.0,0.7,0.7,0.6947,-0.03,-0.4
3571.0,0.7,0.7,0.6943,-0.04,-0.41
3572.0,0.7,0.7,0.6936,-0.04,-0.41
3573.0,0.7,0.7,0.6965,-0.03,-0.4
3574.0,0.7,0.7,0.6965,-0.03,-0.4
3575.0,0.7,0.7,0.7023,-0.0,-0.37
3577.0,0.7,0.7,0.6918,-0.05,-0.42
3578.0,0.7,0.7,0.6936,-0.04,-0.41
3579.0,0.7,0.7,0.6936,-0.04,-0.41
3580.0,0.7,0.7,0.6972,-0.03,-0.4
3581.0,0.7,0.7,0.6943,-0.04,-0.41
3582.0,0.7,0.7,0.7045,0.0,0.34
3583.0,0.7,0.7,0.7034,0.0,0.34
3584.0,0.7,0.7,0.6965,-0.02,-0.39
3585.0,0.7,0.7,0.6972,-0.02,-0.39
3586.0,0.7,0.7,0.6951,-0.03,-0.4
3587.0,0.7,0.7,0.706,0.01,0.35
3588.0,0.7,0.7,0.6454,-0.23,-0.6
3589.0,0.7,0.7,0.7001,-0.03,-0.4
3590.0,0.7,0.7,0.6994,-0.03,-0.4
3591.0,0.7,0.7,0.6994,-0.02,-0.39
3593.0,0.7,0.7,0.7001,-0.02,-0.39
3594.0,0.7,0.7,0.7005,-0.02,-0.39
3595.0,0.7,0.7,0.6994,-0.02,-0.39
3596.0,0.7,0.7,0.7016,-0.01,-0.38
3597.0,0.7,0.7,0.6936,-0.04,-0.41
3598.0,0.7,0.7,0.6889,-0.06,-0.43
3599.0,0.7,0.7,0.7001,-0.02,-0.39
3600.0,0.7,0.7,0.6987,-0.02,-0.39
3601.0,0.7,0.7,0.7023,-0.0,-0.37
3602.0,0.7,0.7,0.7023,-0.0,-0.37
3603.0,0.7,0.7,0.703,0.0,0.34
3604.0,0.7,0.7,0.7052,0.01,0.35
3605.0,0.7,0.7,0.7179,0.07,0.41
3606.0,0.7,0.7,0.7092,0.04,0.38
3608.0,0.7,0.7,0.6472,-0.21,-0.58
3609.0,0.7,0.7,0.7067,0.01,0.35
3610.0,0.7,0.7,0.6396,-0.26,-0.63
3611.0,0.7,0.7,0.7023,-0.02,-0.39
3612.0,0.7,0.7,0.7052,-0.01,-0.38
3613.0,0.7,0.7,0.7023,-0.01,-0.38
3614.0,0.7,0.7,0.6631,-0.17,-0.54
3615.0,0.7,0.7,0.7063,-0.0,-0.37
3616.0,0.7,0.7,0.7052,-0.0,-0.37
3617.0,0.7,0.7,0.7241,0.08,0.42
3618.0,0.7,0.7,0.6943,-0.03,-0.4
3619.0,0.7,0.7,0.703,0.0,0.34
3620.0,0.7,0.7,0.7139,0.05,0.39
3621.0,0.7,0.7,0.7074,0.03,0.37
3622.0,0.7,0.7,0.7161,0.06,0.4
3623.0,0.7,0.7,0.7045,0.02,0.36
3625.0,0.7,0.7,0.6994,0.0,0.34
3626.0,0.7,0.7,0.7045,0.02,0.36
3627.0,0.7,0.7,0.7063,0.03,0.37
3628.0,0.7,0.7,0.7074,0.04,0.38
3629.0,0.7,0.7,0.7052,0.03,0.37
3630.0,0.7,0.7,0.7045,0.03,0.37
3631.0,0.7,0.7,0.703,0.02,0.36
3632.0,0.7,0.7,0.7074,0.04,0.38
3633.0,0.7,0.7,0.706,0.04,0.38
3634.0,0.7,0.7,0.6994,0.01,0.35
3635.0,0.7,0.7,0.7034,0.03,0.37
3636.0,0.7,0.7,0.706,0.04,0.38
3637.0,0.7,0.7,0.6943,-0.01,-0.38
3638.0,0.7,0.7,0.7038,0.03,0.37
3639.0,0.7,0.7,0.706,0.03,0.37
3640.0,0.7,0.7,0.703,0.02,0.36
3641.0,0.7,0.7,0.7089,0.05,0.39
3642.0,0.7,0.7,0.7001,0.01,0.35
3643.0,0.7,0.7,0.7023,0.02,0.36
3644.0,0.7,0.7,0.6969,-0.0,-0.37
3645.0,0.7,0.7,0.6965,-0.0,-0.37
3646.0,0.7,0.7,0.7063,0.03,0.37
3648.0,0.7,0.7,0.6994,0.01,0.35
3649.0,0.7,0.7,0.7139,0.07,0.41
3650.0,0.7,0.7,0.7045,0.03,0.37
3651.0,0.7,0.7,0.7052,0.03,0.37
3652.0,0.7,0.7,0.7023,0.02,0.36
3653.0,0.7,0.7,0.6943,-0.01,-0.38
3654.0,0.7,0.7,0.7009,0.01,0.35
3655.0,0.7,0.7,0.7063,0.04,0.38
3656.0,0.7,0.7,0.7023,0.02,0.36
3657.0,0.7,0.7,0.7045,0.03,0.37
3658.0,0.7,0.7,0.6994,0.01,0.35
3659.0,0.7,0.7,0.7063,0.04,0.38
3660.0,0.7,0.7,0.6994,0.01,0.35
3661.0,0.7,0.7,0.706,0.03,0.37
3662.0,0.7,0.7,0.698,0.0,0.34
3663.0,0.7,0.7,0.6943,-0.01,-0.38
3664.0,0.7,0.7,0.6987,0.0,0.34
3665.0,0.7,0.7,0.6994,0.0,0.34
3666.0,0.7,0.7,0.6969,-0.01,-0.38
3667.0,0.7,0.7,0.6987,-0.0,-0.37
3669.0,0.7,0.7,0.6994,0.0,0.34
3670.0,0.7,0.7,0.6994,-0.0,-0.37
3671.0,0.7,0.7,0.6972,-0.01,-0.38
3672.0,0.7,0.7,0.7023,0.01,0.35
3673.0,0.7,0.7,0.6965,-0.01,-0.38
3674.0,0.7,0.7,0.6929,-0.03,-0.4
3675.0,0.7,0.7,0.6972,-0.01,-0.38
3676.0,0.7,0.7,0.6987,-0.01,-0.38
3677.0,0.7,0.7,0.6994,-0.01,-0.38
3678.0,0.7,0.7,0.6976,-0.01,-0.38
3679.0,0.7,0.7,0.7023,0.01,0.35
3680.0,0.7,0.7,0.6994,-0.0,-0.37
3681.0,0.7,0.7,0.6987,-0.01,-0.38
3683.0,0.7,0.7,0.6947,-0.02,-0.39
3684.0,0.7,0.7,0.6987,-0.01,-0.38
3685.0,0.7,0.7,0.6972,-0.02,-0.39
3686.0,0.7,0.7,0.6991,-0.01,-0.38
3687.0,0.7,0.7,0.6943,-0.03,-0.4
3688.0,0.7,0.7,0.6987,-0.01,-0.38
3689.0,0.7,0.7,0.6965,-0.02,-0.39
3690.0,0.7,0.7,0.703,0.01,0.35
3691.0,0.7,0.7,0.6987,-0.01,-0.38
3692.0,0.7,0.7,0.7045,0.01,0.35
3693.0,0.7,0.7,0.6708,-0.12,-0.49
3694.0,0.7,0.7,0.7001,-0.01,-0.38
3695.0,0.7,0.7,0.7045,0.01,0.35
3696.0,0.7,0.7,0.6972,-0.02,-0.39
3698.0,0.7,0.7,0.6987,-0.01,-0.38
3699.0,0.7,0.7,0.6987,-0.01,-0.38
3700.0,0.7,0.7,0.6943,-0.03,-0.4
3701.0,0.7,0.7,0.7001,-0.01,-0.38
3702.0,0.7,0.7,0.7089,0.03,0.37
3703.0,0.7,0.7,0.7081,0.03,0.37
3704.0,0.7,0.7,0.7023,0.01,0.35
3705.0,0.7,0.7,0.703,0.01,0.35
3706.0,0.7,0.7,0.7023,0.01,0.35
3707.0,0.7,0.7,0.7001,0.0,0.34
3708.0,0.7,0.7,0.7001,0.0,0.34
3709.0,0.7,0.7,0.7023,0.01,0.35
3710.0,0.7,0.7,0.706,0.03,0.37
3711.0,0.7,0.7,0.703,0.02,0.36
3712.0,0.7,0.7,0.6987,-0.0,-0.37
3713.0,0.7,0.7,0.7023,0.01,0.35
3714.0,0.7,0.7,0.7023,0.01,0.35
3715.0,0.7,0.7,0.7023,0.01,0.35
3716.0,0.7,0.7,0.7023,0.01,0.35
3718.0,0.7,0.7,0.7023,0.01,0.35
3719.0,0.7,0.7,0.7005,0.01,0.35
3720.0,0.7,0.7,0.7045,0.02,0.36
3721.0,0.7,0.7,0.7009,0.01,0.35
3722.0,0.7,0.7,0.7001,0.01,0.35
3723.0,0.7,0.7,0.6965,-0.01,-0.38
3724.0,0.7,0.7,0.7023,0.01,0.35
3725.0,0.7,0.7,0.706,0.03,0.37
3726.0,0.7,0.7,0.7045,0.02,0.36
3727.0,0.7,0.7,0.703,0.02,0.36
3728.0,0.7,0.7,0.7219,0.1,0.44
3729.0,0.7,0.7,0.6987,0.01,0.35
3730.0,0.7,0.7,0.7023,0.02,0.36
3731.0,0.7,0.7,0.7045,0.03,0.37
3732.0,0.7,0.7,0.6965,-0.0,-0.37
3733.0,0.7,0.7,0.6972,-0.0,-0.37
3734.0,0.7,0.7,0.6972,-0.0,-0.37
3735.0,0.7,0.7,0.703,0.02,0.36
3736.0,0.7,0.7,0.7001,0.01,0.35
3738.0,0.7,0.7,0.7081,0.04,0.38
3739.0,0.7,0.7,0.7005,0.01,0.35
3740.0,0.7,0.7,0.7081,0.04,0.38
3741.0,0.7,0.7,0.6965,-0.0,-0.37
3742.0,0.7,0.7,0.6976,-0.0,-0.37
3743.0,0.7,0.7,0.6965,-0.01,-0.38
3744.0,0.7,0.7,0.6972,-0.01,-0.38
3745.0,0.7,0.7,0.6958,-0.01,-0.38
3746.0,0.7,0.7,0.6965,-0.01,-0.38
3747.0,0.7,0.7,0.6972,-0.01,-0.38
3748.0,0.7,0.7,0.6943,-0.02,-0.39
3749.0,0.7,0.7,0.6972,-0.01,-0.38
3750.0,0.7,0.7,0.6976,-0.01,-0.38
3751.0,0.7,0.7,0.7052,0.02,0.36
3752.0,0.7,0.7,0.6987,-0.01,-0.38
3754.0,0.7,0.7,0.6994,-0.0,-0.37
3755.0,0.7,0.7,0.6972,-0.01,-0.38
3756.0,0.7,0.7,0.6914,-0.04,-0.41
3757.0,0.7,0.7,0.6976,-0.02,-0.39
3758.0,0.7,0.7,0.6914,-0.04,-0.41
3759.0,0.7,0.7,0.6965,-0.02,-0.39
3760.0,0.7,0.7,0.698,-0.02,-0.39
3761.0,0.7,0.7,0.6994,-0.01,-0.38
3762.0,0.7,0.7,0.7001,-0.01,-0.38
3763.0,0.7,0.7,0.7049,0.01,0.35
3764.0,0.7,0.7,0.6396,-0.25,-0.62
3765.0,0.7,0.7,0.7001,-0.02,-0.39
3766.0,0.7,0.7,0.7096,0.02,0.36
3767.0,0.7,0.7,0.6994,-0.02,-0.39
3769.0,0.7,0.7,0.7379,0.14,0.48
3770.0,0.7,0.7,0.7313,0.13,0.47
3771.0,0.7,0.7,0.7001,0.01,0.35
3772.0,0.7,0.7,0.6987,0.0,0.34
3773.0,0.7,0.7,0.7016,0.01,0.35
3774.0,0.7,0.7,0.6994,0.0,0.34
3775.0,0.7,0.7,0.7023,0.02,0.36
3776.0,0.7,0.7,0.702,0.01,0.35
3777.0,0.7,0.7,0.7016,0.01,0.35
3778.0,0.7,0.7,0.7016,0.01,0.35
3779.0,0.7,0.7,0.6994,0.0,0.34
3780.0,0.7,0.7,0.6987,0.0,0.34
3781.0,0.7,0.7,0.7023,0.01,0.35
3782.0,0.7,0.7,0.7023,0.01,0.35
3783.0,0.7,0.7,0.7001,0.01,0.35
3784.0,0.7,0.7,0.7092,0.04,0.38
3785.0,0.7,0.7,0.7023,0.02,0.36
3786.0,0.7,0.7,0.698,-0.0,-0.37
3787.0,0.7,0.7,0.7016,0.01,0.35
3788.0,0.7,0.7,0.6965,-0.01,-0.38
3789.0,0.7,0.7,0.6994,0.0,0.34
3791.0,0.7,0.7,0.7023,0.01,0.35
3792.0,0.7,0.7,0.6994,0.0,0.34
3793.0,0.7,0.7,0.7052,0.03,0.37
3794.0,0.7,0.7,0.6943,-0.02,-0.39
3795.0,0.7,0.7,0.703,0.02,0.36
3796.0,0.7,0.7,0.7001,0.0,0.34
3797.0,0.7,0.7,0.6987,-0.0,-0.37
3798.0,0.7,0.7,0.6943,-0.02,-0.39
3799.0,0.7,0.7,0.6994,-0.0,-0.37
3800.0,0.7,0.7,0.7074,0.03,0.37
3801.0,0.7,0.7,0.6983,-0.0,-0.37
3802.0,0.7,0.7,0.6965,-0.01,-0.38
3803.0,0.7,0.7,0.7081,0.03,0.37
3804.0,0.7,0.7,0.7081,0.04,0.38
3805.0,0.7,0.7,0.6922,-0.03,-0.4
3806.0,0.7,0.7,0.7001,0.0,0.34
3807.0,0.7,0.7,0.6878,-0.05,-0.42
3809.0,0.7,0.7,0.6965,-0.02,-0.39
3810.0,0.7,0.7,0.6958,-0.02,-0.39
3811.0,0.7,0.7,0.6965,-0.02,-0.39
3812.0,0.7,0.7,0.6976,-0.01,-0.38
3813.0,0.7,0.7,0.6871,-0.06,-0.43
3814.0,0.7,0.7,0.6929,-0.04,-0.41
3815.0,0.7,0.7,0.698,-0.02,-0.39
3816.0,0.7,0.7,0.6972,-0.02,-0.39
3817.0,0.7,0.7,0.6987,-0.02,-0.39
3818.0,0.7,0.7,0.6987,-0.02,-0.39
3819.0,0.7,0.7,0.6965,-0.02,-0.39
3820.0,0.7,0.7,0.7045,0.01,0.35
3821.0,0.7,0.7,0.7001,-0.01,-0.38
3822.0,0.7,0.7,0.6972,-0.02,-0.39
3824.0,0.7,0.7,0.703,0.01,0.35
3825.0,0.7,0.7,0.698,-0.01,-0.38
3826.0,0.7,0.7,0.6943,-0.03,-0.4
3827.0,0.7,0.7,0.7023,0.0,0.34
3828.0,0.7,0.7,0.6972,-0.02,-0.39
3829.0,0.7,0.7,0.7139,0.05,0.39
3830.0,0.7,0.7,0.6987,-0.01,-0.38
3831.0,0.7,0.7,0.6958,-0.02,-0.39
3832.0,0.7,0.7,0.6994,-0.0,-0.37
3833.0,0.7,0.7,0.6994,-0.0,-0.37
3834.0,0.7,0.7,0.7255,0.1,0.44
3835.0,0.7,0.7,0.6994,0.0,0.34
3836.0,0.7,0.7,0.7001,0.01,0.35
3837.0,0.7,0.7,0.7034,0.02,0.36
3838.0,0.7,0.7,0.7016,0.01,0.35
3839.0,0.7,0.7,0.6871,-0.05,-0.42
3841.0,0.7,0.7,0.7038,0.02,0.36
3842.0,0.7,0.7,0.7092,0.04,0.38
3843.0,0.7,0.7,0.7437,0.19,0.53
3844.0,0.7,0.7,0.7001,0.02,0.36
3845.0,0.7,0.7,0.7045,0.04,0.38
3846.0,0.7,0.7,0.6976,0.01,0.35
3847.0,0.7,0.7,0.6947,-0.01,-0.38
3848.0,0.7,0.7,0.7005,0.01,0.35
3849.0,0.7,0.7,0.6994,0.01,0.35
3850.0,0.7,0.7,0.7001,0.01,0.35
3851.0,0.7,0.7,0.7089,0.05,0.39
3852.0,0.7,0.7,0.703,0.02,0.36
3853.0,0.7,0.7,0.6976,0.0,0.34
3854.0,0.7,0.7,0.7023,0.02,0.36
3855.0,0.7,0.7,0.6994,0.01,0.35
3856.0,0.7,0.7,0.7001,0.01,0.35
3857.0,0.7,0.7,0.7016,0.01,0.35
3858.0,0.7,0.7,0.7052,0.03,0.37
3859.0,0.7,0.7,0.6958,-0.01,-0.38
3860.0,0.7,0.7,0.6991,0.0,0.34
3861.0,0.7,0.7,0.6965,-0.01,-0.38
3863.0,0.7,0.7,0.7005,0.01,0.35
3864.0,0.7,0.7,0.7063,0.03,0.37
3865.0,0.7,0.7,0.7089,0.04,0.38
3866.0,0.7,0.7,0.6972,-0.0,-0.37
3867.0,0.7,0.7,0.6976,-0.0,-0.37
3868.0,0.7,0.7,0.6936,-0.02,-0.39
3869.0,0.7,0.7,0.6987,-0.0,-0.37
3870.0,0.7,0.7,0.6972,-0.01,-0.38
3871.0,0.7,0.7,0.6936,-0.03,-0.4
3872.0,0.7,0.7,0.6972,-0.01,-0.38
3873.0,0.7,0.7,0.7005,-0.0,-0.37
3874.0,0.7,0.7,0.6907,-0.04,-0.41
3875.0,0.7,0.7,0.6976,-0.01,-0.38
3876.0,0.7,0.7,0.7023,0.0,0.34
3877.0,0.7,0.7,0.69,-0.05,-0.42
3879.0,0.7,0.7,0.7023,0.0,0.34
3880.0,0.7,0.7,0.6972,-0.02,-0.39
3881.0,0.7,0.7,0.6972,-0.02,-0.39
3882.0,0.7,0.7,0.6987,-0.01,-0.38
3883.0,0.7,0.7,0.6943,-0.03,-0.4
3884.0,0.7,0.7,0.6965,-0.02,-0.39
3885.0,0.7,0.7,0.7052,0.01,0.35
3886.0,0.7,0.7,0.7038,0.01,0.35
3887.0,0.7,0.7,0.6965,-0.02,-0.39
3888.0,0.7,0.7,0.6965,-0.02,-0.39
3889.0,0.7,0.7,0.7023,0.0,0.34
3890.0,0.7,0.7,0.6972,-0.02,-0.39
3891.0,0.7,0.7,0.6976,-0.01,-0.38
3892.0,0.7,0.7,0.6994,-0.01,-0.38
3894.0,0.7,0.7,0.7103,0.04,0.38
3895.0,0.7,0.7,0.6943,-0.02,-0.39
3896.0,0.7,0.7,0.702,0.01,0.35
3897.0,0.7,0.7,0.6947,-0.02,-0.39
3898.0,0.7,0.7,0.6972,-0.01,-0.38
3899.0,0.7,0.7,0.6947,-0.03,-0.4
3900.0,0.7,0.7,0.6991,-0.01,-0.38
3901.0,0.7,0.7,0.6929,-0.03,-0.4
3902.0,0.7,0.7,0.7001,-0.01,-0.38
3903.0,0.7,0.7,0.6994,-0.01,-0.38
3904.0,0.7,0.7,0.703,0.01,0.35
3905.0,0.7,0.7,0.7023,0.0,0.34
3906.0,0.7,0.7,0.7023,0.01,0.35
3907.0,0.7,0.7,0.6943,-0.03,-0.4
3908.0,0.7,0.7,0.7001,-0.0,-0.37
3909.0,0.7,0.7,0.7001,-0.0,-0.37
3911.0,0.7,0.7,0.7023,0.01,0.35
3912.0,0.7,0.7,0.6972,-0.01,-0.38
3913.0,0.7,0.7,0.6882,-0.05,-0.42
3914.0,0.7,0.7,0.6965,-0.02,-0.39
3915.0,0.7,0.7,0.6965,-0.02,-0.39
3916.0,0.7,0.7,0.7179,0.07,0.41
3917.0,0.7,0.7,0.7023,0.01,0.35
3918.0,0.7,0.7,0.7045,0.02,0.36
3919.0,0.7,0.7,0.7001,0.0,0.34
3920.0,0.7,0.7,0.7023,0.01,0.35
3921.0,0.7,0.7,0.7139,0.06,0.4
3922.0,0.7,0.7,0.6987,0.0,0.34
3923.0,0.7,0.7,0.7397,0.17,0.51
3924.0,0.7,0.7,0.7001,0.02,0.36
3925.0,0.7,0.7,0.7023,0.03,0.37
3926.0,0.7,0.7,0.7081,0.05,0.39
3927.0,0.7,0.7,0.7154,0.08,0.42
3928.0,0.7,0.7,0.7001,0.02,0.36
3930.0,0.7,0.7,0.7089,0.06,0.4
3931.0,0.7,0.7,0.7118,0.07,0.41
3932.0,0.7,0.7,0.706,0.05,0.39
3933.0,0.7,0.7,0.6972,0.01,0.35
3934.0,0.7,0.7,0.703,0.03,0.37
3935.0,0.7,0.7,0.7023,0.03,0.37
3936.0,0.7,0.7,0.7023,0.03,0.37
3937.0,0.7,0.7,0.6987,0.01,0.35
3938.0,0.7,0.7,0.6965,0.0,0.34
3939.0,0.7,0.7,0.7001,0.01,0.35
3940.0,0.7,0.7,0.7009,0.02,0.36
3941.0,0.7,0.7,0.6943,-0.01,-0.38
3942.0,0.7,0.7,0.7005,0.01,0.35
3943.0,0.7,0.7,0.6987,0.0,0.34
3944.0,0.7,0.7,0.6987,0.0,0.34
3945.0,0.7,0.7,0.6976,-0.0,-0.37
3946.0,0.7,0.7,0.6936,-0.02,-0.39
3947.0,0.7,0.7,0.6994,-0.0,-0.37
3948.0,0.7,0.7,0.7001,0.0,0.34
3949.0,0.7,0.7,0.6994,-0.0,-0.37
3951.0,0.7,0.7,0.7023,0.01,0.35
3952.0,0.7,0.7,0.6994,-0.0,-0.37
3953.0,0.7,0.7,0.6943,-0.02,-0.39
3954.0,0.7,0.7,0.6965,-0.02,-0.39
3955.0,0.7,0.7,0.6994,-0.0,-0.37
3956.0,0.7,0.7,0.7092,0.04,0.38
3957.0,0.7,0.7,0.6962,-0.01,-0.38
3958.0,0.7,0.7,0.6871,-0.05,-0.42
3959.0,0.7,0.7,0.6936,-0.03,-0.4
3960.0,0.7,0.7,0.6936,-0.03,-0.4
3961.0,0.7,0.7,0.6972,-0.02,-0.39
3962.0,0.7,0.7,0.6918,-0.04,-0.41
3963.0,0.7,0.7,0.6976,-0.02,-0.39
3964.0,0.7,0.7,0.6991,-0.01,-0.38
3966.0,0.7,0.7,0.7052,0.01,0.35
3967.0,0.7,0.7,0.7001,-0.01,-0.38
3968.0,0.7,0.7,0.7023,0.0,0.34
3969.0,0.7,0.7,0.6922,-0.04,-0.41
3970.0,0.7,0.7,0.7161,0.06,0.4
3971.0,0.7,0.7,0.6885,-0.05,-0.42
3972.0,0.7,0.7,0.6943,-0.03,-0.4
3973.0,0.7,0.7,0.6965,-0.02,-0.39
3974.0,0.7,0.7,0.682,-0.08,-0.45
3975.0,0.7,0.7,0.6965,-0.03,-0.4
3976.0,0.7,0.7,0.698,-0.02,-0.39
3977.0,0.7,0.7,0.6907,-0.05,-0.42
3978.0,0.7,0.7,0.6976,-0.02,-0.39
3979.0,0.7,0.7,0.6972,-0.02,-0.39
3981.0,0.7,0.7,0.6994,-0.02,-0.39
3982.0,0.7,0.7,0.6987,-0.02,-0.39
3983.0,0.7,0.7,0.6559,-0.19,-0.56
3984.0,0.7,0.7,0.6929,-0.05,-0.42
3985.0,0.7,0.7,0.6947,-0.05,-0.42
3986.0,0.7,0.7,0.6762,-0.12,-0.49
3987.0,0.7,0.7,0.711,0.01,0.35
3988.0,0.7,0.7,0.6987,-0.03,-0.4
3989.0,0.7,0.7,0.7023,-0.01,-0.38
3990.0,0.7,0.7,0.698,-0.03,-0.4
3991.0,0.7,0.7,0.6907,-0.06,-0.43
3992.0,0.7,0.7,0.7023,-0.01,-0.38
3993.0,0.7,0.7,0.6972,-0.03,-0.4
3995.0,0.7,0.7,0.706,0.01,0.35
3996.0,0.7,0.7,0.7005,-0.01,-0.38
3997.0,0.7,0.7,0.7023,-0.0,-0.37
3998.0,0.7,0.7,0.7045,0.01,0.35
3999.0,0.7,0.7,0.703,0.0,0.34
4000.0,-0.7,-0.7,0.6951,5.75,6.09
4001.0,-0.7,-0.7,0.703,6.26,6.6
4002.0,-0.7,-0.7,0.7023,6.69,7.03
4003.0,-0.7,-0.7,0.7081,7.1,7.44
4004.0,-0.7,-0.7,0.7023,7.44,7.78
4005.0,-0.7,-0.7,0.703,7.77,8.11
4006.0,-0.7,-0.7,0.6976,8.04,8.38
4007.0,-0.7,-0.7,0.6965,8.3,8.64
4008.0,-0.7,-0.7,0.6914,8.53,8.87
4009.0,-0.7,-0.7,0.6885,8.73,9.07
4011.0,-0.7,-0.7,0.6856,8.92,9.26
4012.0,-0.7,-0.7,0.6697,9.04,9.38
4013.0,-0.7,-0.7,0.674,9.21,9.55
4014.0,-0.7,-0.7,0.6653,9.32,9.66
4015.0,-0.7,-0.7,0.6646,9.45,9.79
4016.0,-0.7,-0.7,0.6595,9.55,9.89
4017.0,-0.7,-0.7,0.6523,9.62,9.96
4018.0,-0.7,-0.7,0.6472,9.7,10.04
4019.0,-0.7,-0.7,0.6396,9.75,10.09
4020.0,-0.7,-0.7,0.6222,9.75,10.09
4021.0,-0.7,-0.7,0.624,9.82,10.16
4022.0,-0.7,-0.7,0.6174,9.85,10.19
4024.0,-0.7,-0.7,0.6066,9.85,10.19
4025.0,-0.7,-0.7,0.5978,9.86,10.2
4026.0,-0.7,-0.7,0.596,9.89,10.23
4027.0,-0.7,-0.7,0.5841,9.87,10.21
4028.0,-0.7,-0.7,0.5699,9.83,10.17
4029.0,-0.7,-0.7,0.5688,9.85,10.19
4030.0,-0.7,-0.7,0.5572,9.81,10.15
4031.0,-0.7,-0.7,0.5514,9.8,10.14
4032.0,-0.7,-0.7,0.5413,9.76,10.1
4033.0,-0.7,-0.7,0.5405,9.76,10.1
4034.0,-0.7,-0.7,0.5115,9.65,9.99
4035.0,-0.7,-0.7,0.5173,9.66,10.0
4037.0,-0.7,-0.7,0.4912,9.55,9.89
4038.0,-0.7,-0.7,0.4963,9.56,9.9
4039.0,-0.7,-0.7,0.4876,9.51,9.85
4040.0,-0.7,-0.7,0.4818,9.48,9.82
4041.0,-0.7,-0.7,0.4709,9.42,9.76
4042.0,-0.7,-0.7,0.4593,9.35,9.69
4043.0,-0.7,-0.7,0.444,9.27,9.61
4044.0,-0.7,-0.7,0.4411,9.24,9.58
4045.0,-0.7,-0.7,0.4295,9.17,9.51
4046.0,-0.7,-0.7,0.4183,9.1,9.44
4047.0,-0.7,-0.7,0.4099,9.04,9.38
4048.0,-0.7,-0.7,0.399,8.97,9.31
4050.0,-0.7,-0.7,0.3947,8.93,9.27
4051.0,-0.7,-0.7,0.3853,8.86,9.2
4052.0,-0.7,-0.7,0.3707,8.78,9.12
4053.0,-0.7,-0.7,0.3751,8.77,9.11
4054.0,-0.7,-0.7,0.349,8.63,8.97
4055.0,-0.7,-0.7,0.3396,8.56,8.9
4056.0,-0.7,-0.7,0.3308,8.5,8.84
4057.0,-0.7,-0.7,0.3214,8.42,8.76
4058.0,-0.7,-0.7,0.3178,8.38,8.72
4059.0,-0.7,-0.7,0.3047,8.29,8.63
4060.0,-0.7,-0.7,0.2866,8.19,8.53
4061.0,-0.7,-0.7,0.2728,8.09,8.43
4063.0,-0.7,-0.7,0.2677,8.03,8.37
4064.0,-0.7,-0.7,0.2583,7.96,8.3
4065.0,-0.7,-0.7,0.2452,7.87,8.21
4066.0,-0.7,-0.7,0.2449,7.83,8.17
4067.0,-0.7,-0.7,0.2198,7.7,8.04
4068.0,-0.7,-0.7,0.2155,7.64,7.98
4069.0,-0.7,-0.7,0.2024,7.55,7.89
4070.0,-0.7,-0.7,0.1944,7.48,7.82
4071.0,-0.7,-0.7,0.1879,7.41,7.75
4072.0,-0.7,-0.7,0.1723,7.31,7.65
4073.0,-0.7,-0.7,0.1647,7.24,7.58
4074.0,-0.7,-0.7,0.1502,7.15,7.49
4076.0,-0.7,-0.7,0.1299,7.02,7.36
4077.0,-0.7,-0.7,0.1233,6.95,7.29
4078.0,-0.7,-0.7,0.1183,6.89,7.23
4079.0,-0.7,-0.7,0.1016,6.78,7.12
4080.0,-0.7,-0.7,0.0921,6.7,7.04
4081.0,-0.7,-0.7,0.0842,6.63,6.97
4082.0,-0.7,-0.7,0.0711,6.54,6.88
4083.0,-0.7,-0.7,0.0624,6.46,6.8
4084.0,-0.7,-0.7,0.0577,6.4,6.74
4085.0,-0.7,-0.7,0.0232,6.22,6.56
4086.0,-0.7,-0.7,0.0366,6.23,6.57
4087.0,-0.7,-0.7,0.0218,6.13,6.47
4089.0,-0.7,-0.7,0.0065,6.03,6.37
4090.0,-0.7,-0.7,-0.0051,5.94,6.28
4091.0,-0.7,-0.7,-0.0152,5.86,6.2
4092.0,-0.7,-0.7,-0.0254,5.78,6.12
4093.0,-0.7,-0.7,-0.0385,5.68,6.02
4094.0,-0.7,-0.7,-0.0501,5.59,5.93
4095.0,-0.7,-0.7,-0.0366,5.61,5.95
4096.0,-0.7,-0.7,-0.1194,5.23,5.57
4097.0,-0.7,-0.7,-0.0802,5.34,5.68
4098.0,-0.7,-0.7,-0.0936,5.24,5.58
4099.0,-0.7,-0.7,-0.1052,5.15,5.49
4101.0,-0.7,-0.7,-0.1103,5.09,5.43
4102.0,-0.7,-0.7,-0.127,4.98,5.32
4103.0,-0.7,-0.7,-0.1295,4.93,5.27
4104.0,-0.7,-0.7,-0.1451,4.83,5.17
4105.0,-0.7,-0.7,-0.1705,4.68,5.02
4106.0,-0.7,-0.7,-0.1785,4.61,4.95
4107.0,-0.7,-0.7,-0.1792,4.56,4.9
4108.0,-0.7,-0.7,-0.1857,4.49,4.83
4109.0,-0.7,-0.7,-0.201,4.39,4.73
4110.0,-0.7,-0.7,-0.2082,4.32,4.66
4112.0,-0.7,-0.7,-0.2264,4.21,4.55
4113.0,-0.7,-0.7,-0.2431,4.1,4.44
4114.0,-0.7,-0.7,-0.2452,4.04,4.38
4115.0,-0.7,-0.7,-0.2445,4.01,4.35
4116.0,-0.7,-0.7,-0.2862,3.8,4.14
4117.0,-0.7,-0.7,-0.2699,3.82,4.16
4118.0,-0.7,-0.7,-0.2851,3.72,4.06
4119.0,-0.7,-0.7,-0.2938,3.64,3.98
4120.0,-0.7,-0.7,-0.2873,3.63,3.97
4121.0,-0.7,-0.7,-0.32,3.46,3.8
4123.0,-0.7,-0.7,-0.325,3.4,3.74
4124.0,-0.7,-0.7,-0.3388,3.3,3.64
4125.0,-0.7,-0.7,-0.3454,3.23,3.57
4126.0,-0.7,-0.7,-0.353,3.16,3.5
4127.0,-0.7,-0.7,-0.3606,3.09,3.43
4128.0,-0.7,-0.7,-0.3649,3.04,3.38
4129.0,-0.7,-0.7,-0.3824,2.93,3.27
4130.0,-0.7,-0.7,-0.3918,2.86,3.2
4131.0,-0.7,-0.7,-0.3943,2.81,3.15
4132.0,-0.7,-0.7,-0.4041,2.73,3.07
4134.0,-0.7,-0.7,-0.4277,2.6,2.94
4135.0,-0.7,-0.7,-0.423,2.58,2.92
4136.0,-0.7,-0.7,-0.4288,2.52,2.86
4137.0,-0.7,-0.7,-0.4324,2.47,2.81
4138.0,-0.7,-0.7,-0.452,2.36,2.7
4139.0,-0.7,-0.7,-0.4578,2.3,2.64
4140.0,-0.7,-0.7,-0.46,2.25,2.59
4141.0,-0.7,-0.7,-0.4839,2.12,2.46
4142.0,-0.7,-0.7,-0.4745,2.12,2.46
4143.0,-0.7,-0.7,-0.4807,2.07,2.41
4145.0,-0.7,-0.7,-0.4868,2.01,2.35
4146.0,-0.7,-0.7,-0.4941,1.95,2.29
4147.0,-0.7,-0.7,-0.5064,1.87,2.21
4148.0,-0.7,-0.7,-0.5072,1.84,2.18
4149.0,-0.7,-0.7,-0.513,1.79,2.13
4150.0,-0.7,-0.7,-0.518,1.74,2.08
4151.0,-0.7,-0.7,-0.5304,1.66,2.0
4152.0,-0.7,-0.7,-0.5362,1.61,1.95
4153.0,-0.7,-0.7,-0.5402,1.56,1.9
4154.0,-0.7,-0.7,-0.5431,1.52,1.86
4155.0,-0.7,-0.7,-0.5456,1.49,1.83
4157.0,-0.7,-0.7,-0.5282,1.54,1.88
4158.0,-0.7,-0.7,-0.5652,1.37,1.71
4159.0,-0.7,-0.7,-0.5659,1.34,1.68
4160.0,-0.7,-0.7,-0.5739,1.28,1.62
4161.0,-0.7,-0.7,-0.579,1.23,1.57
4162.0,-0.7,-0.7,-0.5804,1.2,1.54
4163.0,-0.7,-0.7,-0.5899,1.14,1.48
4164.0,-0.7,-0.7,-0.5942,1.1,1.44
4165.0,-0.7,-0.7,-0.5993,1.05,1.39
4166.0,-0.7,-0.7,-0.6026,1.02,1.36
4168.0,-0.7,-0.7,-0.6062,0.98,1.32
4169.0,-0.7,-0.7,-0.5978,0.99,1.33
4170.0,-0.7,-0.7,-0.6182,0.89,1.23
4171.0,-0.7,-0.7,-0.6203,0.86,1.2
4172.0,-0.7,-0.7,-0.6247,0.82,1.16
4173.0,-0.7,-0.7,-0.6261,0.8,1.14
4174.0,-0.7,-0.7,-0.6309,0.76,1.1
4175.0,-0.7,-0.7,-0.6356,0.72,1.06
4176.0,-0.7,-0.7,-0.6414,0.68,1.02
4177.0,-0.7,-0.7,-0.6378,0.67,1.01
4179.0,-0.7,-0.7,-0.6465,0.62,0.96
4180.0,-0.7,-0.7,-0.6461,0.6,0.94
4181.0,-0.7,-0.7,-0.6519,0.56,0.9
4182.0,-0.7,-0.7,-0.6559,0.53,0.87
4183.0,-0.7,-0.7,-0.6588,0.5,0.84
4184.0,-0.7,-0.7,-0.6635,0.47,0.81
4185.0,-0.7,-0.7,-0.6668,0.44,0.78
4186.0,-0.7,-0.7,-0.6668,0.42,0.76
4187.0,-0.7,-0.7,-0.6722,0.39,0.73
4188.0,-0.7,-0.7,-0.6664,0.39,0.73
4189.0,-0.7,-0.7,-0.6624,0.4,0.74
4191.0,-0.7,-0.7,-0.6726,0.35,0.69
4192.0,-0.7,-0.7,-0.6806,0.3,0.64
4193.0,-0.7,-0.7,-0.6842,0.27,0.61
4194.0,-0.7,-0.7,-0.6791,0.28,0.62
4195.0,-0.7,-0.7,-0.6675,0.32,0.66
4196.0,-0.7,-0.7,-0.6777,0.27,0.61
4197.0,-0.7,-0.7,-0.69,0.21,0.55
4198.0,-0.7,-0.7,-0.6943,0.18,0.52
4199.0,-0.7,-0.7,-0.6958,0.16,0.5
4200.0,-0.7,-0.7,-0.6958,0.15,0.49
4201.0,-0.7,-0.7,-0.6965,0.14,0.48
4203.0,-0.7,-0.7,-0.6972,0.13,0.47
4204.0,-0.7,-0.7,-0.6994,0.11,0.45
4205.0,-0.7,-0.7,-0.711,0.05,0.39
4206.0,-0.7,-0.7,-0.7078,0.05,0.39
4207.0,-0.7,-0.7,-0.7099,0.03,0.37
4208.0,-0.7,-0.7,-0.711,0.02,0.36
4209.0,-0.7,-0.7,-0.711,0.01,0.35
4210.0,-0.7,-0.7,-0.7132,-0.01,-0.38
4211.0,-0.7,-0.7,-0.7234,-0.06,-0.43
4212.0,-0.7,-0.7,-0.7263,-0.08,-0.45
4214.0,-0.7,-0.7,-0.7161,-0.05,-0.42
4215.0,-0.7,-0.7,-0.7081,-0.03,-0.4
4216.0,-0.7,-0.7,-0.7187,-0.07,-0.44
4217.0,-0.7,-0.7,-0.7176,-0.07,-0.44
4218.0,-0.7,-0.7,-0.7197,-0.09,-0.46
4219.0,-0.7,-0.7,-0.7176,-0.09,-0.46
4220.0,-0.7,-0.7,-0.7255,-0.12,-0.49
4221.0,-0.7,-0.7,-0.7343,-0.17,-0.54
4223.0,-0.7,-0.7,-0.7277,-0.15,-0.52
4224.0,-0.7,-0.7,-0.7157,-0.11,-0.48
4225.0,-0.7,-0.7,-0.7364,-0.19,-0.56
4226.0,-0.7,-0.7,-0.7208,-0.14,-0.51
4227.0,-0.7,-0.7,-0.711,-0.1,-0.47
4228.0,-0.7,-0.7,-0.7234,-0.15,-0.52
4229.0,-0.7,-0.7,-0.7255,-0.16,-0.53
4230.0,-0.7,-0.7,-0.7161,-0.13,-0.5
4231.0,-0.7,-0.7,-0.7234,-0.16,-0.53
4233.0,-0.7,-0.7,-0.7266,-0.17,-0.54
4234.0,-0.7,-0.7,-0.7226,-0.16,-0.53
4235.0,-0.7,-0.7,-0.7157,-0.13,-0.5
4236.0,-0.7,-0.7,-0.719,-0.14,-0.51
4237.0,-0.7,-0.7,-0.7245,-0.17,-0.54
4238.0,-0.7,-0.7,-0.7248,-0.17,-0.54
4239.0,-0.7,-0.7,-0.7248,-0.17,-0.54
4240.0,-0.7,-0.7,-0.7241,-0.17,-0.54
4242.0,-0.7,-0.7,-0.7281,-0.19,-0.56
4243.0,-0.7,-0.7,-0.7299,-0.2,-0.57
4244.0,-0.7,-0.7,-0.7219,-0.17,-0.54
4245.0,-0.7,-0.7,-0.7223,-0.17,-0.54
4246.0,-0.7,-0.7,-0.7187,-0.16,-0.53
4247.0,-0.7,-0.7,-0.7157,-0.15,-0.52
4248.0,-0.7,-0.7,-0.789,-0.45,-0.82
4249.0,-0.7,-0.7,-0.7154,-0.16,-0.53
4251.0,-0.7,-0.7,-0.7074,-0.13,-0.5
4252.0,-0.7,-0.7,-0.7132,-0.15,-0.52
4253.0,-0.7,-0.7,-0.7147,-0.15,-0.52
4254.0,-0.7,-0.7,-0.7168,-0.15,-0.52
4255.0,-0.7,-0.7,-0.711,-0.13,-0.5
4256.0,-0.7,-0.7,-0.7132,-0.13,-0.5
4257.0,-0.7,-0.7,-0.7081,-0.11,-0.48
4258.0,-0.7,-0.7,-0.7147,-0.13,-0.5
4260.0,-0.7,-0.7,-0.7056,-0.09,-0.46
4261.0,-0.7,-0.7,-0.7096,-0.11,-0.48
4262.0,-0.7,-0.7,-0.7139,-0.12,-0.49
4263.0,-0.7,-0.7,-0.6987,-0.06,-0.43
4264.0,-0.7,-0.7,-0.7183,-0.13,-0.5
4265.0,-0.7,-0.7,-0.7081,-0.09,-0.46
4266.0,-0.7,-0.7,-0.707,-0.08,-0.45
4267.0,-0.7,-0.7,-0.7081,-0.09,-0.46
4269.0,-0.7,-0.7,-0.7056,-0.07,-0.44
4270.0,-0.7,-0.7,-0.706,-0.07,-0.44
4271.0,-0.7,-0.7,-0.7045,-0.06,-0.43
4272.0,-0.7,-0.7,-0.6958,-0.03,-0.4
4273.0,-0.7,-0.7,-0.7045,-0.06,-0.43
4274.0,-0.7,-0.7,-0.7038,-0.05,-0.42
4275.0,-0.7,-0.7,-0.6983,-0.03,-0.4
4276.0,-0.7,-0.7,-0.7118,-0.08,-0.45
4278.0,-0.7,-0.7,-0.6965,-0.02,-0.39
4279.0,-0.7,-0.7,-0.7092,-0.07,-0.44
4280.0,-0.7,-0.7,-0.7009,-0.03,-0.4
4281.0,-0.7,-0.7,-0.6933,0.0,0.34
4282.0,-0.7,-0.7,-0.698,-0.01,-0.38
4283.0,-0.7,-0.7,-0.6965,-0.0,-0.37
4284.0,-0.7,-0.7,-0.6965,-0.0,-0.37
4285.0,-0.7,-0.7,-0.7002,-0.01,-0.38
4286.0,-0.7,-0.7,-0.698,-0.0,-0.37
4288.0,-0.7,-0.7,-0.698,-0.0,-0.37
4289.0,-0.7,-0.7,-0.69,0.03,0.37
4290.0,-0.7,-0.7,-0.6943,0.02,0.36
4291.0,-0.7,-0.7,-0.6907,0.04,0.38
4292.0,-0.7,-0.7,-0.6929,0.03,0.37
4293.0,-0.7,-0.7,-0.6951,0.02,0.36
4294.0,-0.7,-0.7,-0.6958,0.02,0.36
4295.0,-0.7,-0.7,-0.6965,0.02,0.36
4296.0,-0.7,-0.7,-0.6566,0.19,0.53
4297.0,-0.7,-0.7,-0.6885,0.07,0.41
4299.0,-0.7,-0.7,-0.6929,0.05,0.39
4300.0,-0.7,-0.7,-0.6958,0.04,0.38
4301.0,-0.7,-0.7,-0.6987,0.03,0.37
4302.0,-0.7,-0.7,-0.6922,0.05,0.39
4303.0,-0.7,-0.7,-0.6936,0.05,0.39
4304.0,-0.7,-0.7,-0.69,0.06,0.4
4305.0,-0.7,-0.7,-0.6947,0.04,0.38
4306.0,-0.7,-0.7,-0.6943,0.05,0.39
4307.0,-0.7,-0.7,-0.6936,0.05,0.39
4308.0,-0.7,-0.7,-0.7056,-0.0,-0.37
4309.0,-0.7,-0.7,-0.6972,0.03,0.37
4311.0,-0.7,-0.7,-0.694,0.04,0.38
4312.0,-0.7,-0.7,-0.69,0.06,0.4
4313.0,-0.7,-0.7,-0.6943,0.04,0.38
4314.0,-0.7,-0.7,-0.7139,-0.04,-0.41
4315.0,-0.7,-0.7,-0.6929,0.04,0.38
4316.0,-0.7,-0.7,-0.69,0.06,0.4
4317.0,-0.7,-0.7,-0.6914,0.05,0.39
4318.0,-0.7,-0.7,-0.6962,0.03,0.37
4319.0,-0.7,-0.7,-0.6936,0.04,0.38
4320.0,-0.7,-0.7,-0.6893,0.06,0.4
4321.0,-0.7,-0.7,-0.6936,0.05,0.39
4323.0,-0.7,-0.7,-0.6965,0.04,0.38
4324.0,-0.7,-0.7,-0.7038,0.0,0.34
4325.0,-0.7,-0.7,-0.6929,0.05,0.39
4326.0,-0.7,-0.7,-0.6954,0.04,0.38
4327.0,-0.7,-0.7,-0.6878,0.07,0.41
4328.0,-0.7,-0.7,-0.6983,0.03,0.37
4329.0,-0.7,-0.7,-0.6972,0.03,0.37
4330.0,-0.7,-0.7,-0.6962,0.03,0.37
4331.0,-0.7,-0.7,-0.7451,-0.17,-0.54
4332.0,-0.7,-0.7,-0.6936,0.03,0.37
4334.0,-0.7,-0.7,-0.7074,-0.03,-0.4
4335.0,-0.7,-0.7,-0.7016,-0.01,-0.38
4336.0,-0.7,-0.7,-0.6958,0.02,0.36
4337.0,-0.7,-0.7,-0.6994,0.0,0.34
4338.0,-0.7,-0.7,-0.6958,0.02,0.36
4339.0,-0.7,-0.7,-0.7081,-0.03,-0.4
4340.0,-0.7,-0.7,-0.7002,-0.0,-0.37
4341.0,-0.7,-0.7,-0.706,-0.02,-0.39
4342.0,-0.7,-0.7,-0.6951,0.02,0.36
4344.0,-0.7,-0.7,-0.7012,-0.01,-0.38
4345.0,-0.7,-0.7,-0.6838,0.07,0.41
4346.0,-0.7,-0.7,-0.7012,-0.0,-0.37
4347.0,-0.7,-0.7,-0.6929,0.03,0.37
4348.0,-0.7,-0.7,-0.6965,0.02,0.36
4349.0,-0.7,-0.7,-0.6994,0.01,0.35
4350.0,-0.7,-0.7,-0.6998,0.01,0.35
4351.0,-0.7,-0.7,-0.7016,-0.0,-0.37
4352.0,-0.7,-0.7,-0.6936,0.03,0.37
4353.0,-0.7,-0.7,-0.7009,0.0,0.34
4355.0,-0.7,-0.7,-0.6856,0.06,0.4
4356.0,-0.7,-0.7,-0.7074,-0.02,-0.39
4357.0,-0.7,-0.7,-0.7023,-0.0,-0.37
4358.0,-0.7,-0.7,-0.6972,0.02,0.36
4359.0,-0.7,-0.7,-0.6954,0.02,0.36
4360.0,-0.7,-0.7,-0.6951,0.03,0.37
4361.0,-0.7,-0.7,-0.6983,0.01,0.35
4362.0,-0.7,-0.7,-0.7016,0.0,0.34
4363.0,-0.7,-0.7,-0.6994,0.01,0.35
4364.0,-0.7,-0.7,-0.7005,0.0,0.34
4365.0,-0.7,-0.7,-0.7009,0.0,0.34
4367.0,-0.7,-0.7,-0.7023,-0.01,-0.38
4368.0,-0.7,-0.7,-0.6965,0.02,0.36
4369.0,-0.7,-0.7,-0.6994,0.01,0.35
4370.0,-0.7,-0.7,-0.69,0.05,0.39
4371.0,-0.7,-0.7,-0.7016,0.0,0.34
4372.0,-0.7,-0.7,-0.7081,-0.03,-0.4
4373.0,-0.7,-0.7,-0.7012,-0.0,-0.37
4374.0,-0.7,-0.7,-0.7005,-0.0,-0.37
4375.0,-0.7,-0.7,-0.7002,0.0,0.34
4377.0,-0.7,-0.7,-0.7027,-0.01,-0.38
4378.0,-0.7,-0.7,-0.6954,0.02,0.36
4379.0,-0.7,-0.7,-0.6983,0.01,0.35
4380.0,-0.7,-0.7,-0.7056,-0.02,-0.39
4381.0,-0.7,-0.7,-0.6827,0.07,0.41
4382.0,-0.7,-0.7,-0.7074,-0.02,-0.39
4383.0,-0.7,-0.7,-0.7002,0.0,0.34
4384.0,-0.7,-0.7,-0.6965,0.02,0.36
4385.0,-0.7,-0.7,-0.735,-0.14,-0.51
4387.0,-0.7,-0.7,-0.6925,0.02,0.36
4388.0,-0.7,-0.7,-0.698,0.0,0.34
4389.0,-0.7,-0.7,-0.7295,-0.13,-0.5
4390.0,-0.7,-0.7,-0.7034,-0.03,-0.4
4391.0,-0.7,-0.7,-0.7041,-0.03,-0.4
4392.0,-0.7,-0.7,-0.7023,-0.02,-0.39
4393.0,-0.7,-0.7,-0.7012,-0.02,-0.39
4394.0,-0.7,-0.7,-0.7052,-0.03,-0.4
4395.0,-0.7,-0.7,-0.7118,-0.06,-0.43
4397.0,-0.7,-0.7,-0.6867,0.04,0.38
4398.0,-0.7,-0.7,-0.6958,0.01,0.35
4399.0,-0.7,-0.7,-0.6958,0.01,0.35
4400.0,-0.7,-0.7,-0.7009,-0.01,-0.38
4401.0,-0.7,-0.7,-0.7023,-0.02,-0.39
4402.0,-0.7,-0.7,-0.7089,-0.04,-0.41
4403.0,-0.7,-0.7,-0.6951,0.01,0.35
4404.0,-0.7,-0.7,-0.7705,-0.3,-0.67
4405.0,-0.7,-0.7,-0.6954,-0.01,-0.38
4407.0,-0.7,-0.7,-0.7259,-0.13,-0.5
4408.0,-0.7,-0.7,-0.7009,-0.04,-0.41
4409.0,-0.7,-0.7,-0.6947,-0.01,-0.38
4410.0,-0.7,-0.7,-0.7081,-0.06,-0.43
4411.0,-0.7,-0.7,-0.7052,-0.05,-0.42
4412.0,-0.7,-0.7,-0.7016,-0.03,-0.4
4413.0,-0.7,-0.7,-0.7031,-0.04,-0.41
4414.0,-0.7,-0.7,-0.7023,-0.03,-0.4
4415.0,-0.7,-0.7,-0.6958,-0.0,-0.37
4417.0,-0.7,-0.7,-0.698,-0.01,-0.38
4418.0,-0.7,-0.7,-0.7002,-0.02,-0.39
4419.0,-0.7,-0.7,-0.7081,-0.05,-0.42
4420.0,-0.7,-0.7,-0.7002,-0.02,-0.39
4421.0,-0.7,-0.7,-0.6925,0.02,0.36
4422.0,-0.7,-0.7,-0.6987,-0.0,-0.37
4423.0,-0.7,-0.7,-0.6983,-0.0,-0.37
4424.0,-0.7,-0.7,-0.7049,-0.03,-0.4
4426.0,-0.7,-0.7,-0.6896,0.03,0.37
4427.0,-0.7,-0.7,-0.6943,0.02,0.36
4428.0,-0.7,-0.7,-0.698,0.01,0.35
4429.0,-0.7,-0.7,-0.6965,0.01,0.35
4430.0,-0.7,-0.7,-0.6983,0.01,0.35
4431.0,-0.7,-0.7,-0.6972,0.01,0.35
4432.0,-0.7,-0.7,-0.7009,-0.0,-0.37
4433.0,-0.7,-0.7,-0.6972,0.01,0.35
4434.0,-0.7,-0.7,-0.6994,0.0,0.34
4435.0,-0.7,-0.7,-0.6947,0.02,0.36
4436.0,-0.7,-0.7,-0.6925,0.03,0.37
4438.0,-0.7,-0.7,-0.7009,0.0,0.34
4439.0,-0.7,-0.7,-0.6951,0.03,0.37
4440.0,-0.7,-0.7,-0.6911,0.04,0.38
4441.0,-0.7,-0.7,-0.7103,-0.03,-0.4
4442.0,-0.7,-0.7,-0.6907,0.04,0.38
4443.0,-0.7,-0.7,-0.7045,-0.01,-0.38
4444.0,-0.7,-0.7,-0.6969,0.02,0.36
4445.0,-0.7,-0.7,-0.69,0.05,0.39
4446.0,-0.7,-0.7,-0.7081,-0.03,-0.4
4447.0,-0.7,-0.7,-0.6936,0.03,0.37
4448.0,-0.7,-0.7,-0.6972,0.02,0.36
4450.0,-0.7,-0.7,-0.7012,0.0,0.34
4451.0,-0.7,-0.7,-0.6943,0.03,0.37
4452.0,-0.7,-0.7,-0.6842,0.07,0.41
4453.0,-0.7,-0.7,-0.6943,0.04,0.38
4454.0,-0.7,-0.7,-0.7031,0.0,0.34
4455.0,-0.7,-0.7,-0.6936,0.04,0.38
4456.0,-0.7,-0.7,-0.698,0.02,0.36
4457.0,-0.7,-0.7,-0.6983,0.02,0.36
4458.0,-0.7,-0.7,-0.6907,0.05,0.39
4459.0,-0.7,-0.7,-0.6943,0.04,0.38
4461.0,-0.7,-0.7,-0.7041,-0.0,-0.37
4462.0,-0.7,-0.7,-0.6972,0.02,0.36
4463.0,-0.7,-0.7,-0.6994,0.01,0.35
4464.0,-0.7,-0.7,-0.7009,0.01,0.35
4465.0,-0.7,-0.7,-0.7052,-0.01,-0.38
4466.0,-0.7,-0.7,-0.6969,0.02,0.36
4467.0,-0.7,-0.7,-0.6893,0.05,0.39
4468.0,-0.7,-0.7,-0.7168,-0.06,-0.43
4469.0,-0.7,-0.7,-0.6646,0.15,0.49
4470.0,-0.7,-0.7,-0.6987,0.02,0.36
4471.0,-0.7,-0.7,-0.6972,0.03,0.37
4473.0,-0.7,-0.7,-0.7049,-0.01,-0.38
4474.0,-0.7,-0.7,-0.7063,-0.02,-0.39
4475.0,-0.7,-0.7,-0.6972,0.02,0.36
4476.0,-0.7,-0.7,-0.6994,0.01,0.35
4477.0,-0.7,-0.7,-0.7005,0.01,0.35
4478.0,-0.7,-0.7,-0.6994,0.01,0.35
4479.0,-0.7,-0.7,-0.7099,-0.03,-0.4
4480.0,-0.7,-0.7,-0.6947,0.02,0.36
4481.0,-0.7,-0.7,-0.7197,-0.08,-0.45
4483.0,-0.7,-0.7,-0.7052,-0.02,-0.39
4484.0,-0.7,-0.7,-0.7002,-0.01,-0.38
4485.0,-0.7,-0.7,-0.6991,-0.0,-0.37
4486.0,-0.7,-0.7,-0.7009,-0.01,-0.38
4487.0,-0.7,-0.7,-0.698,0.0,0.34
4488.0,-0.7,-0.7,-0.6943,0.02,0.36
4489.0,-0.7,-0.7,-0.6976,0.01,0.35
4490.0,-0.7,-0.7,-0.7016,-0.01,-0.38
4491.0,-0.7,-0.7,-0.7023,-0.01,-0.38
4492.0,-0.7,-0.7,-0.7031,-0.01,-0.38
4494.0,-0.7,-0.7,-0.6972,0.01,0.35
4495.0,-0.7,-0.7,-0.7045,-0.02,-0.39
4496.0,-0.7,-0.7,-0.7081,-0.04,-0.41
4497.0,-0.7,-0.7,-0.6972,0.01,0.35
4498.0,-0.7,-0.7,-0.7009,-0.01,-0.38
4499.0,-0.7,-0.7,-0.7002,-0.0,-0.37
4500.0,-0.7,-0.7,-0.6929,0.03,0.37
4501.0,-0.7,-0.7,-0.7002,-0.0,-0.37
4502.0,-0.7,-0.7,-0.7002,-0.0,-0.37
4504.0,-0.7,-0.7,-0.7023,-0.01,-0.38
4505.0,-0.7,-0.7,-0.7012,-0.01,-0.38
4506.0,-0.7,-0.7,-0.7012,-0.01,-0.38
4507.0,-0.7,-0.7,-0.6987,0.0,0.34
4508.0,-0.7,-0.7,-0.6987,0.0,0.34
4509.0,-0.7,-0.7,-0.7012,-0.01,-0.38
4510.0,-0.7,-0.7,-0.7034,-0.02,-0.39
4511.0,-0.7,-0.7,-0.7031,-0.01,-0.38
4513.0,-0.7,-0.7,-0.7002,-0.0,-0.37
4514.0,-0.7,-0.7,-0.6983,0.0,0.34
4515.0,-0.7,-0.7,-0.698,0.01,0.35
4516.0,-0.7,-0.7,-0.7136,-0.06,-0.43
4517.0,-0.7,-0.7,-0.7012,-0.01,-0.38
4518.0,-0.7,-0.7,-0.6987,-0.0,-0.37
4519.0,-0.7,-0.7,-0.6987,0.0,0.34
4520.0,-0.7,-0.7,-0.7045,-0.02,-0.39
4521.0,-0.7,-0.7,-0.6965,0.01,0.35
4523.0,-0.7,-0.7,-0.6929,0.03,0.37
4524.0,-0.7,-0.7,-0.6994,0.0,0.34
4525.0,-0.7,-0.7,-0.6965,0.01,0.35
4526.0,-0.7,-0.7,-0.6929,0.03,0.37
4527.0,-0.7,-0.7,-0.6925,0.03,0.37
4528.0,-0.7,-0.7,-0.6958,0.02,0.36
4529.0,-0.7,-0.7,-0.6972,0.02,0.36
4530.0,-0.7,-0.7,-0.7002,0.01,0.35
4531.0,-0.7,-0.7,-0.6983,0.01,0.35
4532.0,-0.7,-0.7,-0.7002,0.01,0.35
4533.0,-0.7,-0.7,-0.7038,-0.01,-0.38
4535.0,-0.7,-0.7,-0.6922,0.04,0.38
4536.0,-0.7,-0.7,-0.7074,-0.02,-0.39
4537.0,-0.7,-0.7,-0.6958,0.02,0.36
4538.0,-0.7,-0.7,-0.6987,0.01,0.35
4539.0,-0.7,-0.7,-0.6994,0.01,0.35
4540.0,-0.7,-0.7,-0.6994,0.01,0.35
4541.0,-0.7,-0.7,-0.6972,0.02,0.36
4542.0,-0.7,-0.7,-0.7012,-0.0,-0.37
4543.0,-0.7,-0.7,-0.6954,0.02,0.36
4544.0,-0.7,-0.7,-0.7005,0.0,0.34
4546.0,-0.7,-0.7,-0.7016,-0.0,-0.37
4547.0,-0.7,-0.7,-0.7063,-0.02,-0.39
4548.0,-0.7,-0.7,-0.702,-0.01,-0.38
4549.0,-0.7,-0.7,-0.7005,-0.0,-0.37
4550.0,-0.7,-0.7,-0.6987,0.01,0.35
4551.0,-0.7,-0.7,-0.6951,0.02,0.36
4552.0,-0.7,-0.7,-0.6987,0.01,0.35
4553.0,-0.7,-0.7,-0.6755,0.1,0.44
4554.0,-0.7,-0.7,-0.6994,0.01,0.35
4555.0,-0.7,-0.7,-0.7078,-0.02,-0.39
4557.0,-0.7,-0.7,-0.6987,0.01,0.35
4558.0,-0.7,-0.7,-0.6987,0.01,0.35
4559.0,-0.7,-0.7,-0.6991,0.01,0.35
4560.0,-0.7,-0.7,-0.702,-0.0,-0.37
4561.0,-0.7,-0.7,-0.7038,-0.01,-0.38
4562.0,-0.7,-0.7,-0.7016,-0.0,-0.37
4563.0,-0.7,-0.7,-0.6929,0.03,0.37
4564.0,-0.7,-0.7,-0.7096,-0.04,-0.41
4565.0,-0.7,-0.7,-0.6987,0.01,0.35
4567.0,-0.7,-0.7,-0.69,0.04,0.38
4568.0,-0.7,-0.7,-0.6954,0.02,0.36
4569.0,-0.7,-0.7,-0.7067,-0.02,-0.39
4570.0,-0.7,-0.7,-0.69,0.04,0.38
4571.0,-0.7,-0.7,-0.6871,0.06,0.4
4572.0,-0.7,-0.7,-0.6987,0.02,0.36
4573.0,-0.7,-0.7,-0.6936,0.04,0.38
4574.0,-0.7,-0.7,-0.7023,0.0,0.34
4575.0,-0.7,-0.7,-0.7002,0.01,0.35
4576.0,-0.7,-0.7,-0.702,-0.0,-0.37
4577.0,-0.7,-0.7,-0.7041,-0.01,-0.38
4579.0,-0.7,-0.7,-0.7002,0.0,0.34
4580.0,-0.7,-0.7,-0.6987,0.01,0.35
4581.0,-0.7,-0.7,-0.7009,0.0,0.34
4582.0,-0.7,-0.7,-0.7009,-0.0,-0.37
4583.0,-0.7,-0.7,-0.6994,0.01,0.35
4584.0,-0.7,-0.7,-0.6994,0.01,0.35
4585.0,-0.7,-0.7,-0.7009,-0.0,-0.37
4586.0,-0.7,-0.7,-0.7002,0.0,0.34
4587.0,-0.7,-0.7,-0.6998,0.0,0.34
4588.0,-0.7,-0.7,-0.7023,-0.01,-0.38
4589.0,-0.7,-0.7,-0.7023,-0.01,-0.38
4591.0,-0.7,-0.7,-0.7009,-0.0,-0.37
4592.0,-0.7,-0.7,-0.7147,-0.06,-0.43
4593.0,-0.7,-0.7,-0.7016,-0.01,-0.38
4594.0,-0.7,-0.7,-0.6987,0.0,0.34
4595.0,-0.7,-0.7,-0.6958,0.01,0.35
4596.0,-0.7,-0.7,-0.6983,0.0,0.34
4597.0,-0.7,-0.7,-0.7012,-0.01,-0.38
4598.0,-0.7,-0.7,-0.6965,0.01,0.35
4599.0,-0.7,-0.7,-0.7023,-0.01,-0.38
4601.0,-0.7,-0.7,-0.7016,-0.01,-0.38
4602.0,-0.7,-0.7,-0.6943,0.02,0.36
4603.0,-0.7,-0.7,-0.7045,-0.02,-0.39
4604.0,-0.7,-0.7,-0.6878,0.05,0.39
4605.0,-0.7,-0.7,-0.6965,0.02,0.36
4606.0,-0.7,-0.7,-0.7016,-0.0,-0.37
4607.0,-0.7,-0.7,-0.6987,0.01,0.35
4608.0,-0.7,-0.7,-0.706,-0.02,-0.39
4609.0,-0.7,-0.7,-0.7023,-0.01,-0.38
4611.0,-0.7,-0.7,-0.6987,0.01,0.35
4612.0,-0.7,-0.7,-0.7052,-0.02,-0.39
4613.0,-0.7,-0.7,-0.706,-0.03,-0.4
4614.0,-0.7,-0.7,-0.7067,-0.03,-0.4
4615.0,-0.7,-0.7,-0.7012,-0.01,-0.38
4616.0,-0.7,-0.7,-0.6994,-0.0,-0.37
4617.0,-0.7,-0.7,-0.715,-0.07,-0.44
4618.0,-0.7,-0.7,-0.7089,-0.05,-0.42
4619.0,-0.7,-0.7,-0.6936,0.02,0.36
4621.0,-0.7,-0.7,-0.6965,0.01,0.35
4622.0,-0.7,-0.7,-0.7023,-0.02,-0.39
4623.0,-0.7,-0.7,-0.7067,-0.03,-0.4
4624.0,-0.7,-0.7,-0.7016,-0.01,-0.38
4625.0,-0.7,-0.7,-0.7002,-0.01,-0.38
4626.0,-0.7,-0.7,-0.7023,-0.02,-0.39
4627.0,-0.7,-0.7,-0.7012,-0.01,-0.38
4628.0,-0.7,-0.7,-0.7031,-0.02,-0.39
4629.0,-0.7,-0.7,-0.7023,-0.02,-0.39
4631.0,-0.7,-0.7,-0.7078,-0.04,-0.41
4632.0,-0.7,-0.7,-0.6936,0.02,0.36
4633.0,-0.7,-0.7,-0.6994,-0.0,-0.37
4634.0,-0.7,-0.7,-0.7002,-0.01,-0.38
4635.0,-0.7,-0.7,-0.6965,0.01,0.35
4636.0,-0.7,-0.7,-0.6998,-0.0,-0.37
4637.0,-0.7,-0.7,-0.6951,0.02,0.36
4638.0,-0.7,-0.7,-0.7103,-0.04,-0.41
4639.0,-0.7,-0.7,-0.7045,-0.02,-0.39
4641.0,-0.7,-0.7,-0.6983,0.0,0.34
4642.0,-0.7,-0.7,-0.7038,-0.02,-0.39
4643.0,-0.7,-0.7,-0.7063,-0.03,-0.4
4644.0,-0.7,-0.7,-0.6994,-0.0,-0.37
4645.0,-0.7,-0.7,-0.6983,0.0,0.34
4646.0,-0.7,-0.7,-0.6936,0.02,0.36
4647.0,-0.7,-0.7,-0.6991,0.0,0.34
4648.0,-0.7,-0.7,-0.7074,-0.03,-0.4
4649.0,-0.7,-0.7,-0.6972,0.01,0.35
4651.0,-0.7,-0.7,-0.69,0.04,0.38
4652.0,-0.7,-0.7,-0.6962,0.02,0.36
4653.0,-0.7,-0.7,-0.698,0.01,0.35
4654.0,-0.7,-0.7,-0.6976,0.01,0.35
4655.0,-0.7,-0.7,-0.6994,0.01,0.35
4656.0,-0.7,-0.7,-0.6987,0.01,0.35
4657.0,-0.7,-0.7,-0.6965,0.02,0.36
4658.0,-0.7,-0.7,-0.6954,0.02,0.36
4659.0,-0.7,-0.7,-0.6987,0.01,0.35
4660.0,-0.7,-0.7,-0.6838,0.07,0.41
4661.0,-0.7,-0.7,-0.698,0.02,0.36
4663.0,-0.7,-0.7,-0.6987,0.02,0.36
4664.0,-0.7,-0.7,-0.6991,0.01,0.35
4665.0,-0.7,-0.7,-0.6965,0.02,0.36
4666.0,-0.7,-0.7,-0.6976,0.02,0.36
4667.0,-0.7,-0.7,-0.7027,-0.0,-0.37
4668.0,-0.7,-0.7,-0.6962,0.02,0.36
4669.0,-0.7,-0.7,-0.6983,0.02,0.36
4670.0,-0.7,-0.7,-0.6958,0.03,0.37
4671.0,-0.7,-0.7,-0.6907,0.05,0.39
4672.0,-0.7,-0.7,-0.7125,-0.04,-0.41
4673.0,-0.7,-0.7,-0.7052,-0.02,-0.39
4675.0,-0.7,-0.7,-0.6962,0.02,0.36
4676.0,-0.7,-0.7,-0.7136,-0.05,-0.42
4677.0,-0.7,-0.7,-0.7045,-0.02,-0.39
4678.0,-0.7,-0.7,-0.6958,0.02,0.36
4679.0,-0.7,-0.7,-0.6991,0.0,0.34
4680.0,-0.7,-0.7,-0.698,0.01,0.35
4681.0,-0.7,-0.7,-0.7012,-0.0,-0.37
4682.0,-0.7,-0.7,-0.7009,-0.0,-0.37
4683.0,-0.7,-0.7,-0.6965,0.01,0.35
4684.0,-0.7,-0.7,-0.6965,0.02,0.36
4686.0,-0.7,-0.7,-0.6972,0.01,0.35
4687.0,-0.7,-0.7,-0.6987,0.01,0.35
4688.0,-0.7,-0.7,-0.694,0.03,0.37
4689.0,-0.7,-0.7,-0.6994,0.01,0.35
4690.0,-0.7,-0.7,-0.7009,0.0,0.34
4691.0,-0.7,-0.7,-0.7031,-0.01,-0.38
4692.0,-0.7,-0.7,-0.7031,-0.01,-0.38
4693.0,-0.7,-0.7,-0.6994,0.0,0.34
4694.0,-0.7,-0.7,-0.6983,0.01,0.35
4695.0,-0.7,-0.7,-0.7005,-0.0,-0.37
4697.0,-0.7,-0.7,-0.6987,0.01,0.35
4698.0,-0.7,-0.7,-0.7067,-0.03,-0.4
4699.0,-0.7,-0.7,-0.7016,-0.01,-0.38
4700.0,-0.7,-0.7,-0.7002,-0.0,-0.37
4701.0,-0.7,-0.7,-0.6965,0.01,0.35
4702.0,-0.7,-0.7,-0.6983,0.01,0.35
4703.0,-0.7,-0.7,-0.6751,0.1,0.44
4704.0,-0.7,-0.7,-0.6958,0.03,0.37
4705.0,-0.7,-0.7,-0.7045,-0.01,-0.38
4706.0,-0.7,-0.7,-0.698,0.02,0.36
4708.0,-0.7,-0.7,-0.7009,0.0,0.34
4709.0,-0.7,-0.7,-0.7052,-0.02,-0.39
4710.0,-0.7,-0.7,-0.6987,0.01,0.35
4711.0,-0.7,-0.7,-0.7002,0.0,0.34
4712.0,-0.7,-0.7,-0.7031,-0.01,-0.38
4713.0,-0.7,-0.7,-0.7023,-0.01,-0.38
4714.0,-0.7,-0.7,-0.7002,0.0,0.34
4715.0,-0.7,-0.7,-0.727,-0.11,-0.48
4716.0,-0.7,-0.7,-0.7016,-0.01,-0.38
4718.0,-0.7,-0.7,-0.6987,-0.0,-0.37
4719.0,-0.7,-0.7,-0.6983,0.0,0.34
4720.0,-0.7,-0.7,-0.7168,-0.08,-0.45
4721.0,-0.7,-0.7,-0.6958,0.01,0.35
4722.0,-0.7,-0.7,-0.698,0.0,0.34
4723.0,-0.7,-0.7,-0.7045,-0.03,-0.4
4724.0,-0.7,-0.7,-0.6976,0.0,0.34
4725.0,-0.7,-0.7,-0.6994,-0.0,-0.37
4726.0,-0.7,-0.7,-0.7041,-0.02,-0.39
4728.0,-0.7,-0.7,-0.707,-0.04,-0.41
4729.0,-0.7,-0.7,-0.7009,-0.01,-0.38
4730.0,-0.7,-0.7,-0.6994,-0.01,-0.38
4731.0,-0.7,-0.7,-0.6994,-0.0,-0.37
4732.0,-0.7,-0.7,-0.6983,0.0,0.34
4733.0,-0.7,-0.7,-0.707,-0.03,-0.4
4734.0,-0.7,-0.7,-0.702,-0.02,-0.39
4735.0,-0.7,-0.7,-0.7125,-0.06,-0.43
4736.0,-0.7,-0.7,-0.7023,-0.02,-0.39
4738.0,-0.7,-0.7,-0.7009,-0.01,-0.38
4739.0,-0.7,-0.7,-0.6972,0.0,0.34
4740.0,-0.7,-0.7,-0.7009,-0.01,-0.38
4741.0,-0.7,-0.7,-0.7023,-0.02,-0.39
4742.0,-0.7,-0.7,-0.6994,-0.01,-0.38
4743.0,-0.7,-0.7,-0.7012,-0.01,-0.38
4744.0,-0.7,-0.7,-0.6965,0.01,0.35
4745.0,-0.7,-0.7,-0.7303,-0.13,-0.5
4746.0,-0.7,-0.7,-0.7041,-0.03,-0.4
4748.0,-0.7,-0.7,-0.6965,-0.0,-0.37
4749.0,-0.7,-0.7,-0.6896,0.03,0.37
4750.0,-0.7,-0.7,-0.698,0.0,0.34
4751.0,-0.7,-0.7,-0.6954,0.01,0.35
4752.0,-0.7,-0.7,-0.6994,-0.0,-0.37
4753.0,-0.7,-0.7,-0.6936,0.02,0.36
4754.0,-0.7,-0.7,-0.6987,0.0,0.34
4755.0,-0.7,-0.7,-0.6954,0.02,0.36
4756.0,-0.7,-0.7,-0.6965,0.02,0.36
4757.0,-0.7,-0.7,-0.6987,0.01,0.35
4759.0,-0.7,-0.7,-0.6994,0.0,0.34
4760.0,-0.7,-0.7,-0.6951,0.02,0.36
4761.0,-0.7,-0.7,-0.7002,0.0,0.34
4762.0,-0.7,-0.7,-0.6994,0.01,0.35
4763.0,-0.7,-0.7,-0.6958,0.02,0.36
4764.0,-0.7,-0.7,-0.698,0.01,0.35
4765.0,-0.7,-0.7,-0.6965,0.02,0.36
4766.0,-0.7,-0.7,-0.7002,0.0,0.34
4767.0,-0.7,-0.7,-0.6965,0.02,0.36
4768.0,-0.7,-0.7,-0.6972,0.02,0.36
4769.0,-0.7,-0.7,-0.698,0.01,0.35
4771.0,-0.7,-0.7,-0.6936,0.03,0.37
4772.0,-0.7,-0.7,-0.6936,0.03,0.37
4773.0,-0.7,-0.7,-0.6983,0.02,0.36
4774.0,-0.7,-0.7,-0.6965,0.02,0.36
4775.0,-0.7,-0.7,-0.6791,0.1,0.44
4776.0,-0.7,-0.7,-0.6936,0.04,0.38
4777.0,-0.7,-0.7,-0.6914,0.05,0.39
4778.0,-0.7,-0.7,-0.7012,0.01,0.35
4779.0,-0.7,-0.7,-0.7009,0.01,0.35
4780.0,-0.7,-0.7,-0.6813,0.09,0.43
4781.0,-0.7,-0.7,-0.6994,0.02,0.36
4783.0,-0.7,-0.7,-0.6951,0.04,0.38
4784.0,-0.7,-0.7,-0.6987,0.02,0.36
4785.0,-0.7,-0.7,-0.6983,0.02,0.36
4786.0,-0.7,-0.7,-0.7005,0.01,0.35
4787.0,-0.7,-0.7,-0.7038,-0.0,-0.37
4788.0,-0.7,-0.7,-0.7009,0.01,0.35
4789.0,-0.7,-0.7,-0.7081,-0.02,-0.39
4790.0,-0.7,-0.7,-0.7009,0.0,0.34
4791.0,-0.7,-0.7,-0.6878,0.06,0.4
4792.0,-0.7,-0.7,-0.7255,-0.1,-0.47
4793.0,-0.7,-0.7,-0.7067,-0.03,-0.4
4795.0,-0.7,-0.7,-0.698,0.01,0.35
4796.0,-0.7,-0.7,-0.7045,-0.02,-0.39
4797.0,-0.7,-0.7,-0.7089,-0.04,-0.41
4798.0,-0.7,-0.7,-0.69,0.04,0.38
4799.0,-0.7,-0.7,-0.6983,0.01,0.35
4800.0,-0.7,-0.7,-0.7031,-0.01,-0.38
4801.0,-0.7,-0.7,-0.706,-0.03,-0.4
4802.0,-0.7,-0.7,-0.7078,-0.04,-0.41
4803.0,-0.7,-0.7,-0.7063,-0.03,-0.4
4805.0,-0.7,-0.7,-0.7132,-0.06,-0.43
4806.0,-0.7,-0.7,-0.7045,-0.03,-0.4
4807.0,-0.7,-0.7,-0.6922,0.02,0.36
4808.0,-0.7,-0.7,-0.6994,-0.01,-0.38
4809.0,-0.7,-0.7,-0.7052,-0.03,-0.4
4810.0,-0.7,-0.7,-0.7118,-0.06,-0.43
4811.0,-0.7,-0.7,-0.7031,-0.02,-0.39
4812.0,-0.7,-0.7,-0.7045,-0.03,-0.4
4813.0,-0.7,-0.7,-0.7132,-0.07,-0.44
4815.0,-0.7,-0.7,-0.7125,-0.07,-0.44
4816.0,-0.7,-0.7,-0.6994,-0.02,-0.39
4817.0,-0.7,-0.7,-0.7002,-0.02,-0.39
4818.0,-0.7,-0.7,-0.7023,-0.02,-0.39
4819.0,-0.7,-0.7,-0.7038,-0.03,-0.4
4820.0,-0.7,-0.7,-0.7031,-0.03,-0.4
4821.0,-0.7,-0.7,-0.7168,-0.08,-0.45
4822.0,-0.7,-0.7,-0.7234,-0.12,-0.49
4824.0,-0.7,-0.7,-0.6954,-0.01,-0.38
4825.0,-0.7,-0.7,-0.7052,-0.04,-0.41
4826.0,-0.7,-0.7,-0.694,0.0,0.34
4827.0,-0.7,-0.7,-0.6914,0.02,0.36
4828.0,-0.7,-0.7,-0.7085,-0.05,-0.42
4829.0,-0.7,-0.7,-0.7031,-0.03,-0.4
4830.0,-0.7,-0.7,-0.6951,0.01,0.35
4831.0,-0.7,-0.7,-0.6962,0.0,0.34
4832.0,-0.7,-0.7,-0.711,-0.05,-0.42
4833.0,-0.7,-0.7,-0.7016,-0.02,-0.39
4835.0,-0.7,-0.7,-0.6958,0.01,0.35
4836.0,-0.7,-0.7,-0.6987,-0.0,-0.37
4837.0,-0.7,-0.7,-0.6972,0.0,0.34
4838.0,-0.7,-0.7,-0.6972,0.01,0.35
4839.0,-0.7,-0.7,-0.7012,-0.01,-0.38
4840.0,-0.7,-0.7,-0.6998,-0.0,-0.37
4841.0,-0.7,-0.7,-0.7045,-0.02,-0.39
4842.0,-0.7,-0.7,-0.7074,-0.04,-0.41
4844.0,-0.7,-0.7,-0.7031,-0.02,-0.39
4845.0,-0.7,-0.7,-0.6994,-0.01,-0.38
4846.0,-0.7,-0.7,-0.698,0.0,0.34
4847.0,-0.7,-0.7,-0.6936,0.02,0.36
4848.0,-0.7,-0.7,-0.6969,0.01,0.35
4849.0,-0.7,-0.7,-0.6972,0.01,0.35
4850.0,-0.7,-0.7,-0.6965,0.01,0.35
4851.0,-0.7,-0.7,-0.6907,0.04,0.38
4852.0,-0.7,-0.7,-0.6987,0.01,0.35
4853.0,-0.7,-0.7,-0.6954,0.02,0.36
4855.0,-0.7,-0.7,-0.6965,0.02,0.36
4856.0,-0.7,-0.7,-0.7121,-0.04,-0.41
4857.0,-0.7,-0.7,-0.6943,0.02,0.36
4858.0,-0.7,-0.7,-0.6994,0.01,0.35
4859.0,-0.7,-0.7,-0.6994,0.01,0.35
4860.0,-0.7,-0.7,-0.7016,-0.0,-0.37
4861.0,-0.7,-0.7,-0.7074,-0.03,-0.4
4862.0,-0.7,-0.7,-0.6965,0.01,0.35
4863.0,-0.7,-0.7,-0.7049,-0.02,-0.39
4864.0,-0.7,-0.7,-0.6965,0.01,0.35
4866.0,-0.7,-0.7,-0.707,-0.03,-0.4
4867.0,-0.7,-0.7,-0.6962,0.01,0.35
4868.0,-0.7,-0.7,-0.6907,0.04,0.38
4869.0,-0.7,-0.7,-0.6929,0.03,0.37
4870.0,-0.7,-0.7,-0.7038,-0.01,-0.38
4871.0,-0.7,-0.7,-0.7031,-0.01,-0.38
4872.0,-0.7,-0.7,-0.6925,0.03,0.37
4873.0,-0.7,-0.7,-0.7157,-0.06,-0.43
4874.0,-0.7,-0.7,-0.6972,0.01,0.35
4876.0,-0.7,-0.7,-0.7009,-0.0,-0.37
4877.0,-0.7,-0.7,-0.698,0.01,0.35
4878.0,-0.7,-0.7,-0.7009,-0.0,-0.37
4879.0,-0.7,-0.7,-0.69,0.04,0.38
4880.0,-0.7,-0.7,-0.7016,-0.0,-0.37
4881.0,-0.7,-0.7,-0.6914,0.04,0.38
4882.0,-0.7,-0.7,-0.698,0.01,0.35
4883.0,-0.7,-0.7,-0.6965,0.02,0.36
4884.0,-0.7,-0.7,-0.706,-0.02,-0.39
4885.0,-0.7,-0.7,-0.6958,0.02,0.36
4887.0,-0.7,-0.7,-0.6954,0.02,0.36
4888.0,-0.7,-0.7,-0.6907,0.04,0.38
4889.0,-0.7,-0.7,-0.6987,0.01,0.35
4890.0,-0.7,-0.7,-0.7012,0.0,0.34
4891.0,-0.7,-0.7,-0.6987,0.01,0.35
4892.0,-0.7,-0.7,-0.698,0.02,0.36
4893.0,-0.7,-0.7,-0.6972,0.02,0.36
4894.0,-0.7,-0.7,-0.6994,0.01,0.35
4895.0,-0.7,-0.7,-0.6991,0.01,0.35
4896.0,-0.7,-0.7,-0.7052,-0.02,-0.39
4897.0,-0.7,-0.7,-0.7002,0.0,0.34
4899.0,-0.7,-0.7,-0.6896,0.05,0.39
4900.0,-0.7,-0.7,-0.6922,0.04,0.38
4901.0,-0.7,-0.7,-0.6958,0.03,0.37
4902.0,-0.7,-0.7,-0.6994,0.01,0.35
4903.0,-0.7,-0.7,-0.7067,-0.02,-0.39
4904.0,-0.7,-0.7,-0.7016,-0.0,-0.37
4905.0,-0.7,-0.7,-0.7002,0.0,0.34
4906.0,-0.7,-0.7,-0.6813,0.08,0.42
4907.0,-0.7,-0.7,-0.698,0.02,0.36
4908.0,-0.7,-0.7,-0.7023,0.0,0.34
4910.0,-0.7,-0.7,-0.7031,-0.0,-0.37
4911.0,-0.7,-0.7,-0.7002,0.01,0.35
4912.0,-0.7,-0.7,-0.6972,0.02,0.36
4913.0,-0.7,-0.7,-0.6987,0.01,0.35
4914.0,-0.7,-0.7,-0.702,-0.0,-0.37
4915.0,-0.7,-0.7,-0.7031,-0.01,-0.38
4916.0,-0.7,-0.7,-0.7009,-0.0,-0.37
4917.0,-0.7,-0.7,-0.7012,-0.0,-0.37
4918.0,-0.7,-0.7,-0.6987,0.01,0.35
4919.0,-0.7,-0.7,-0.7016,-0.0,-0.37
4921.0,-0.7,-0.7,-0.7016,-0.0,-0.37
4922.0,-0.7,-0.7,-0.6827,0.07,0.41
4923.0,-0.7,-0.7,-0.7016,0.0,0.34
4924.0,-0.7,-0.7,-0.7012,0.0,0.34
4925.0,-0.7,-0.7,-0.6972,0.02,0.36
4926.0,-0.7,-0.7,-0.7002,0.0,0.34
4927.0,-0.7,-0.7,-0.7027,-0.01,-0.38
4928.0,-0.7,-0.7,-0.7009,-0.0,-0.37
4929.0,-0.7,-0.7,-0.7168,-0.07,-0.44
4931.0,-0.7,-0.7,-0.7023,-0.01,-0.38
4932.0,-0.7,-0.7,-0.7023,-0.01,-0.38
4933.0,-0.7,-0.7,-0.7056,-0.03,-0.4
4934.0,-0.7,-0.7,-0.7023,-0.02,-0.39
4935.0,-0.7,-0.7,-0.6987,-0.0,-0.37
4936.0,-0.7,-0.7,-0.7041,-0.02,-0.39
4937.0,-0.7,-0.7,-0.7031,-0.02,-0.39
4938.0,-0.7,-0.7,-0.6929,0.02,0.36
4939.0,-0.7,-0.7,-0.7009,-0.01,-0.38
4941.0,-0.7,-0.7,-0.7081,-0.04,-0.41
4942.0,-0.7,-0.7,-0.7067,-0.03,-0.4
4943.0,-0.7,-0.7,-0.7023,-0.02,-0.39
4944.0,-0.7,-0.7,-0.7103,-0.05,-0.42
4945.0,-0.7,-0.7,-0.7016,-0.02,-0.39
4946.0,-0.7,-0.7,-0.7052,-0.03,-0.4
4947.0,-0.7,-0.7,-0.7012,-0.02,-0.39
4948.0,-0.7,-0.7,-0.6987,-0.01,-0.38
4949.0,-0.7,-0.7,-0.6987,-0.0,-0.37
4951.0,-0.7,-0.7,-0.6987,-0.0,-0.37
4952.0,-0.7,-0.7,-0.7074,-0.04,-0.41
4953.0,-0.7,-0.7,-0.707,-0.04,-0.41
4954.0,-0.7,-0.7,-0.6994,-0.01,-0.38
4955.0,-0.7,-0.7,-0.6994,-0.01,-0.38
4956.0,-0.7,-0.7,-0.6976,0.0,0.34
4957.0,-0.7,-0.7,-0.7074,-0.04,-0.41
4958.0,-0.7,-0.7,-0.6936,0.02,0.36
4960.0,-0.7,-0.7,-0.7002,-0.01,-0.38
4961.0,-0.7,-0.7,-0.6965,0.01,0.35
4962.0,-0.7,-0.7,-0.6965,0.01,0.35
4963.0,-0.7,-0.7,-0.7038,-0.02,-0.39
4964.0,-0.7,-0.7,-0.6951,0.02,0.36
4965.0,-0.7,-0.7,-0.6914,0.03,0.37
4966.0,-0.7,-0.7,-0.6925,0.03,0.37
4967.0,-0.7,-0.7,-0.6951,0.02,0.36
4968.0,-0.7,-0.7,-0.7089,-0.03,-0.4
4969.0,-0.7,-0.7,-0.6929,0.03,0.37
4971.0,-0.7,-0.7,-0.6976,0.01,0.35
4972.0,-0.7,-0.7,-0.6878,0.05,0.39
4973.0,-0.7,-0.7,-0.6943,0.03,0.37
4974.0,-0.7,-0.7,-0.6958,0.03,0.37
4975.0,-0.7,-0.7,-0.69,0.05,0.39
4976.0,-0.7,-0.7,-0.6965,0.03,0.37
4977.0,-0.7,-0.7,-0.6965,0.03,0.37
4978.0,-0.7,-0.7,-0.7009,0.01,0.35
4979.0,-0.7,-0.7,-0.7154,-0.05,-0.42
4980.0,-0.7,-0.7,-0.6943,0.03,0.37
4981.0,-0.7,-0.7,-0.6951,0.03,0.37
4983.0,-0.7,-0.7,-0.6893,0.05,0.39
4984.0,-0.7,-0.7,-0.6987,0.02,0.36
4985.0,-0.7,-0.7,-0.6929,0.04,0.38
4986.0,-0.7,-0.7,-0.6914,0.05,0.39
4987.0,-0.7,-0.7,-0.6958,0.03,0.37
4988.0,-0.7,-0.7,-0.6958,0.03,0.37
4989.0,-0.7,-0.7,-0.6896,0.06,0.4
4990.0,-0.7,-0.7,-0.694,0.04,0.38
4991.0,-0.7,-0.7,-0.6943,0.04,0.38
4992.0,-0.7,-0.7,-0.6943,0.04,0.38
4993.0,-0.7,-0.7,-0.6827,0.09,0.43
4995.0,-0.7,-0.7,-0.694,0.05,0.39
4996.0,-0.7,-0.7,-0.6918,0.06,0.4
4997.0,-0.7,-0.7,-0.702,0.01,0.35
4998.0,-0.7,-0.7,-0.6842,0.09,0.43
4999.0,-0.7,-0.7,-0.6951,0.04,0.38
5000.0,0.7,0.7,-0.6867,-5.7,-6.07
5001.0,0.7,0.7,-0.6936,-6.2,-6.57
5002.0,0.7,0.7,-0.7009,-6.66,-7.03
5003.0,0.7,0.7,-0.7016,-7.06,-7.43
5004.0,0.7,0.7,-0.686,-7.35,-7.72
5005.0,0.7,0.7,-0.6972,-7.72,-8.09
5007.0,0.7,0.7,-0.6791,-7.94,-8.31
5008.0,0.7,0.7,-0.6936,-8.26,-8.63
5009.0,0.7,0.7,-0.6889,-8.49,-8.86
5010.0,0.7,0.7,-0.6864,-8.7,-9.07
5011.0,0.7,0.7,-0.682,-8.88,-9.25
5012.0,0.7,0.7,-0.6856,-9.08,-9.45
5013.0,0.7,0.7,-0.6769,-9.21,-9.58
5014.0,0.7,0.7,-0.6668,-9.32,-9.69
5015.0,0.7,0.7,-0.661,-9.43,-9.8
5016.0,0.7,0.7,-0.6534,-9.51,-9.88
5018.0,0.7,0.7,-0.6316,-9.53,-9.9
5019.0,0.7,0.7,-0.6443,-9.67,-10.04
5020.0,0.7,0.7,-0.6417,-9.74,-10.11
5021.0,0.7,0.7,-0.6312,-9.77,-10.14
5022.0,0.7,0.7,-0.6196,-9.79,-10.16
5023.0,0.7,0.7,-0.6171,-9.84,-10.21
5024.0,0.7,0.7,-0.6073,-9.85,-10.22
5025.0,0.7,0.7,-0.5978,-9.85,-10.22
5026.0,0.7,0.7,-0.5902,-9.85,-10.22
5027.0,0.7,0.7,-0.5837,-9.86,-10.23
5029.0,0.7,0.7,-0.5725,-9.84,-10.21
5030.0,0.7,0.7,-0.5565,-9.79,-10.16
5031.0,0.7,0.7,-0.554,-9.79,-10.16
5032.0,0.7,0.7,-0.5507,-9.79,-10.16
5033.0,0.7,0.7,-0.534,-9.72,-10.09
5034.0,0.7,0.7,-0.5253,-9.69,-10.06
5035.0,0.7,0.7,-0.5224,-9.68,-10.05
5036.0,0.7,0.7,-0.5086,-9.62,-9.99
5037.0,0.7,0.7,-0.5217,-9.66,-10.03
5038.0,0.7,0.7,-0.5456,-9.76,-10.13
5040.0,0.7,0.7,-0.4839,-9.51,-9.88
5041.0,0.7,0.7,-0.4712,-9.45,-9.82
5042.0,0.7,0.7,-0.4633,-9.4,-9.77
5043.0,0.7,0.7,-0.4502,-9.32,-9.69
5044.0,0.7,0.7,-0.4462,-9.28,-9.65
5045.0,0.7,0.7,-0.4339,-9.21,-9.58
5046.0,0.7,0.7,-0.4212,-9.14,-9.51
5047.0,0.7,0.7,-0.4056,-9.05,-9.42
5048.0,0.7,0.7,-0.3983,-8.99,-9.36
5049.0,0.7,0.7,-0.3907,-8.93,-9.3
5051.0,0.7,0.7,-0.3802,-8.86,-9.23
5052.0,0.7,0.7,-0.3708,-8.79,-9.16
5053.0,0.7,0.7,-0.3533,-8.69,-9.06
5054.0,0.7,0.7,-0.3581,-8.67,-9.04
5055.0,0.7,0.7,-0.3367,-8.56,-8.93
5056.0,0.7,0.7,-0.3192,-8.45,-8.82
5057.0,0.7,0.7,-0.312,-8.38,-8.75
5058.0,0.7,0.7,-0.3065,-8.33,-8.7
5059.0,0.7,0.7,-0.3091,-8.3,-8.67
5060.0,0.7,0.7,-0.2851,-8.17,-8.54
5062.0,0.7,0.7,-0.2409,-7.96,-8.33
5063.0,0.7,0.7,-0.2612,-7.99,-8.36
5064.0,0.7,0.7,-0.2518,-7.92,-8.29
5065.0,0.7,0.7,-0.23,-7.79,-8.16
5066.0,0.7,0.7,-0.23,-7.75,-8.12
5067.0,0.7,0.7,-0.2242,-7.69,-8.06
5068.0,0.7,0.7,-0.2017,-7.56,-7.93
5069.0,0.7,0.7,-0.1995,-7.51,-7.88
5070.0,0.7,0.7,-0.1872,-7.43,-7.8
5071.0,0.7,0.7,-0.1654,-7.3,-7.67
5073.0,0.7,0.7,-0.1847,-7.34,-7.71
5074.0,0.7,0.7,-0.1538,-7.18,-7.55
5075.0,0.7,0.7,-0.1429,-7.09,-7.46
5076.0,0.7,0.7,-0.1306,-7.0,-7.37
5077.0,0.7,0.7,-0.1197,-6.92,-7.29
5078.0,0.7,0.7,-0.1103,-6.84,-7.21
5079.0,0.7,0.7,-0.1009,-6.76,-7.13
5080.0,0.7,0.7,-0.094,-6.69,-7.06
5081.0,0.7,0.7,-0.0733,-6.57,-6.94
5082.0,0.7,0.7,-0.0631,-6.49,-6.86
5084.0,0.7,0.7,-0.0559,-6.41,-6.78
5085.0,0.7,0.7,-0.0377,-6.3,-6.67
5086.0,0.7,0.7,-0.0283,-6.22,-6.59
5087.0,0.7,0.7,-0.0091,-6.1,-6.47
5088.0,0.7,0.7,-0.0022,-6.02,-6.39
5089.0,0.7,0.7,-0.0015,-5.98,-6.35
5090.0,0.7,0.7,0.0127,-5.88,-6.25
5091.0,0.7,0.7,0.0145,-5.83,-6.2
5092.0,0.7,0.7,0.0385,-5.7,-6.07
5093.0,0.7,0.7,0.0428,-5.63,-6.0
5094.0,0.7,0.7,0.0678,-5.49,-5.86
5095.0,0.7,0.7,0.0667,-5.45,-5.82
5097.0,0.7,0.7,0.0823,-5.35,-5.72
5098.0,0.7,0.7,0.0856,-5.29,-5.66
5099.0,0.7,0.7,0.1008,-5.19,-5.56
5100.0,0.7,0.7,0.1219,-5.06,-5.43
5101.0,0.7,0.7,0.1241,-5.01,-5.38
5102.0,0.7,0.7,0.1346,-4.92,-5.29
5103.0,0.7,0.7,0.1451,-4.84,-5.21
5104.0,0.7,0.7,0.1538,-4.76,-5.13
5105.0,0.7,0.7,0.1669,-4.67,-5.04
5106.0,0.7,0.7,0.1763,-4.59,-4.96
5107.0,0.7,0.7,0.2068,-4.42,-4.79
5109.0,0.7,0.7,0.1923,-4.43,-4.8
5110.0,0.7,0.7,0.2097,-4.32,-4.69
5111.0,0.7,0.7,0.2155,-4.26,-4.63
5112.0,0.7,0.7,0.2285,-4.17,-4.54
5113.0,0.7,0.7,0.2409,-4.08,-4.45
5114.0,0.7,0.7,0.2507,-3.99,-4.36
5115.0,0.7,0.7,0.2605,-3.91,-4.28
5116.0,0.7,0.7,0.2699,-3.84,-4.21
5117.0,0.7,0.7,0.2786,-3.76,-4.13
5118.0,0.7,0.7,0.275,-3.74,-4.11
5119.0,0.7,0.7,0.2982,-3.61,-3.98
5120.0,0.7,0.7,0.3055,-3.54,-3.91
5122.0,0.7,0.7,0.3308,-3.39,-3.76
5123.0,0.7,0.7,0.3287,-3.36,-3.73
5124.0,0.7,0.7,0.3374,-3.29,-3.66
5125.0,0.7,0.7,0.3432,-3.22,-3.59
5126.0,0.7,0.7,0.3541,-3.14,-3.51
5127.0,0.7,0.7,0.3635,-3.07,-3.44
5128.0,0.7,0.7,0.3751,-2.98,-3.35
5129.0,0.7,0.7,0.3831,-2.91,-3.28
5130.0,0.7,0.7,0.3911,-2.84,-3.21
5131.0,0.7,0.7,0.399,-2.77,-3.14
5132.0,0.7,0.7,0.4063,-2.71,-3.08
5133.0,0.7,0.7,0.4096,-2.66,-3.03
5134.0,0.7,0.7,0.4252,-2.56,-2.93
5136.0,0.7,0.7,0.4317,-2.5,-2.87
5137.0,0.7,0.7,0.4324,-2.46,-2.83
5138.0,0.7,0.7,0.4462,-2.37,-2.74
5139.0,0.7,0.7,0.4513,-2.32,-2.69
5140.0,0.7,0.7,0.46,-2.25,-2.62
5141.0,0.7,0.7,0.4687,-2.18,-2.55
5142.0,0.7,0.7,0.4818,-2.1,-2.47
5143.0,0.7,0.7,0.4789,-2.08,-2.45
5144.0,0.7,0.7,0.4897,-2.0,-2.37
5145.0,0.7,0.7,0.4963,-1.94,-2.31
5146.0,0.7,0.7,0.4941,-1.92,-2.29
5148.0,0.7,0.7,0.5115,-1.82,-2.19
5149.0,0.7,0.7,0.5188,-1.76,-2.13
5150.0,0.7,0.7,0.5195,-1.73,-2.1
5151.0,0.7,0.7,0.5369,-1.63,-2.0
5152.0,0.7,0.7,0.526,-1.65,-2.02
5153.0,0.7,0.7,0.5427,-1.55,-1.92
5154.0,0.7,0.7,0.5427,-1.53,-1.9
5155.0,0.7,0.7,0.5558,-1.45,-1.82
5156.0,0.7,0.7,0.5601,-1.4,-1.77
5157.0,0.7,0.7,0.563,-1.36,-1.73
5158.0,0.7,0.7,0.5812,-1.26,-1.63
5159.0,0.7,0.7,0.5717,-1.27,-1.64
5160.0,0.7,0.7,0.5746,-1.24,-1.61
5162.0,0.7,0.7,0.5815,-1.19,-1.56
5163.0,0.7,0.7,0.587,-1.14,-1.51
5164.0,0.7,0.7,0.5942,-1.09,-1.46
5165.0,0.7,0.7,0.5978,-1.05,-1.42
5166.0,0.7,0.7,0.5978,-1.03,-1.4
5167.0,0.7,0.7,0.6076,-0.97,-1.34
5168.0,0.7,0.7,0.6087,-0.94,-1.31
5169.0,0.7,0.7,0.6261,-0.85,-1.22
5170.0,0.7,0.7,0.6203,-0.85,-1.22
5171.0,0.7,0.7,0.608,-0.88,-1.25
5172.0,0.7,0.7,0.6211,-0.81,-1.18
5173.0,0.7,0.7,0.6251,-0.78,-1.15
5175.0,0.7,0.7,0.6356,-0.72,-1.09
5176.0,0.7,0.7,0.6377,-0.69,-1.06
5177.0,0.7,0.7,0.6396,-0.67,-1.04
5178.0,0.7,0.7,0.6472,-0.62,-0.99
5179.0,0.7,0.7,0.6494,-0.59,-0.96
5180.0,0.7,0.7,0.6483,-0.58,-0.95
5181.0,0.7,0.7,0.6566,-0.53,-0.9
5182.0,0.7,0.7,0.661,-0.49,-0.86
5183.0,0.7,0.7,0.6697,-0.44,-0.81
5184.0,0.7,0.7,0.6602,-0.46,-0.83
5185.0,0.7,0.7,0.6682,-0.42,-0.79
5186.0,0.7,0.7,0.6715,-0.39,-0.76
5188.0,0.7,0.7,0.6816,-0.33,-0.7
5189.0,0.7,0.7,0.6773,-0.33,-0.7
5190.0,0.7,0.7,0.6791,-0.31,-0.68
5191.0,0.7,0.7,0.6769,-0.31,-0.68
5192.0,0.7,0.7,0.6849,-0.26,-0.63
5193.0,0.7,0.7,0.6856,-0.25,-0.62
5194.0,0.7,0.7,0.6922,-0.21,-0.58
5195.0,0.7,0.7,0.6885,-0.21,-0.58
5196.0,0.7,0.7,0.6914,-0.19,-0.56
5197.0,0.7,0.7,0.6907,-0.18,-0.55
5198.0,0.7,0.7,0.6936,-0.16,-0.53
5199.0,0.7,0.7,0.6994,-0.12,-0.49
5200.0,0.7,0.7,0.6994,-0.11,-0.48
5202.0,0.7,0.7,0.7001,-0.1,-0.47
5203.0,0.7,0.7,0.703,-0.08,-0.45
5204.0,0.7,0.7,0.7034,-0.07,-0.44
5205.0,0.7,0.7,0.7052,-0.05,-0.42
5206.0,0.7,0.7,0.711,-0.02,-0.39
5207.0,0.7,0.7,0.711,-0.01,-0.38
5208.0,0.7,0.7,0.7139,0.01,0.35
5209.0,0.7,0.7,0.7183,0.04,0.38
5210.0,0.7,0.7,0.7081,0.0,0.34
5211.0,0.7,0.7,0.715,0.04,0.38
5212.0,0.7,0.7,0.7197,0.06,0.4
5213.0,0.7,0.7,0.7205,0.08,0.42
5214.0,0.7,0.7,0.7179,0.07,0.41
5215.0,0.7,0.7,0.7208,0.09,0.43
5216.0,0.7,0.7,0.7205,0.1,0.44
5217.0,0.7,0.7,0.7223,0.11,0.45
5218.0,0.7,0.7,0.7281,0.14,0.48
5220.0,0.7,0.7,0.7176,0.1,0.44
5221.0,0.7,0.7,0.7335,0.17,0.51
5222.0,0.7,0.7,0.7176,0.11,0.45
5223.0,0.7,0.7,0.7226,0.14,0.48
5224.0,0.7,0.7,0.7219,0.14,0.48
5225.0,0.7,0.7,0.7234,0.15,0.49
5226.0,0.7,0.7,0.7371,0.21,0.55
5227.0,0.7,0.7,0.7263,0.17,0.51
5228.0,0.7,0.7,0.7226,0.16,0.5
5229.0,0.7,0.7,0.7219,0.16,0.5
5230.0,0.7,0.7,0.7255,0.17,0.51
5231.0,0.7,0.7,0.7255,0.18,0.52
5232.0,0.7,0.7,0.6972,0.06,0.4
5233.0,0.7,0.7,0.7288,0.18,0.52
5234.0,0.7,0.7,0.7321,0.2,0.54
5235.0,0.7,0.7,0.7219,0.16,0.5
5236.0,0.7,0.7,0.7205,0.16,0.5
5237.0,0.7,0.7,0.7234,0.17,0.51
5238.0,0.7,0.7,0.7255,0.18,0.52
5239.0,0.7,0.7,0.7226,0.17,0.51
5241.0,0.7,0.7,0.7263,0.19,0.53
5242.0,0.7,0.7,0.7255,0.19,0.53
5243.0,0.7,0.7,0.735,0.23,0.57
5244.0,0.7,0.7,0.7226,0.18,0.52
5245.0,0.7,0.7,0.7205,0.17,0.51
5246.0,0.7,0.7,0.7197,0.17,0.51
5247.0,0.7,0.7,0.7183,0.16,0.5
5248.0,0.7,0.7,0.7172,0.15,0.49
5249.0,0.7,0.7,0.7176,0.15,0.49
5250.0,0.7,0.7,0.7147,0.14,0.48
5251.0,0.7,0.7,0.7183,0.15,0.49
5252.0,0.7,0.7,0.7179,0.15,0.49
5253.0,0.7,0.7,0.715,0.14,0.48
5254.0,0.7,0.7,0.7226,0.17,0.51
5255.0,0.7,0.7,0.7147,0.14,0.48
5256.0,0.7,0.7,0.7139,0.13,0.47
5257.0,0.7,0.7,0.7121,0.12,0.46
5258.0,0.7,0.7,0.7081,0.1,0.44
5259.0,0.7,0.7,0.7125,0.12,0.46
5260.0,0.7,0.7,0.7121,0.11,0.45
5262.0,0.7,0.7,0.7089,0.1,0.44
5263.0,0.7,0.7,0.7139,0.12,0.46
5264.0,0.7,0.7,0.7089,0.1,0.44
5265.0,0.7,0.7,0.7118,0.11,0.45
5266.0,0.7,0.7,0.7052,0.08,0.42
5267.0,0.7,0.7,0.7081,0.09,0.43
5268.0,0.7,0.7,0.7081,0.08,0.42
5269.0,0.7,0.7,0.7089,0.09,0.43
5270.0,0.7,0.7,0.7063,0.07,0.41
5271.0,0.7,0.7,0.7063,0.07,0.41
5272.0,0.7,0.7,0.7038,0.06,0.4
5273.0,0.7,0.7,0.706,0.07,0.41
5274.0,0.7,0.7,0.7038,0.05,0.39
5275.0,0.7,0.7,0.7034,0.05,0.39
5276.0,0.7,0.7,0.7052,0.06,0.4
5277.0,0.7,0.7,0.6994,0.03,0.37
5278.0,0.7,0.7,0.7139,0.09,0.43
5279.0,0.7,0.7,0.703,0.04,0.38
5280.0,0.7,0.7,0.7016,0.04,0.38
5281.0,0.7,0.7,0.7346,0.17,0.51
5282.0,0.7,0.7,0.7023,0.05,0.39
5283.0,0.7,0.7,0.6972,0.02,0.36
5285.0,0.7,0.7,0.6994,0.03,0.37
5286.0,0.7,0.7,0.7107,0.07,0.41
5287.0,0.7,0.7,0.6878,-0.02,-0.39
5288.0,0.7,0.7,0.7121,0.07,0.41
5289.0,0.7,0.7,0.6972,0.01,0.35
5290.0,0.7,0.7,0.6965,0.01,0.35
5291.0,0.7,0.7,0.6943,-0.01,-0.38
5292.0,0.7,0.7,0.6893,-0.03,-0.4
5293.0,0.7,0.7,0.6943,-0.01,-0.38
5294.0,0.7,0.7,0.6914,-0.03,-0.4
5295.0,0.7,0.7,0.6914,-0.03,-0.4
5296.0,0.7,0.7,0.6943,-0.02,-0.39
5297.0,0.7,0.7,0.6943,-0.03,-0.4
5298.0,0.7,0.7,0.6907,-0.04,-0.41
5299.0,0.7,0.7,0.6914,-0.04,-0.41
5300.0,0.7,0.7,0.6929,-0.04,-0.41
5302.0,0.7,0.7,0.6943,-0.03,-0.4
5303.0,0.7,0.7,0.6965,-0.03,-0.4
5304.0,0.7,0.7,0.6918,-0.05,-0.42
5305.0,0.7,0.7,0.6947,-0.04,-0.41
5306.0,0.7,0.7,0.6994,-0.02,-0.39
5307.0,0.7,0.7,0.6929,-0.04,-0.41
5308.0,0.7,0.7,0.6936,-0.04,-0.41
5309.0,0.7,0.7,0.6936,-0.04,-0.41
5310.0,0.7,0.7,0.6907,-0.05,-0.42
5311.0,0.7,0.7,0.7118,0.03,0.37
5312.0,0.7,0.7,0.6936,-0.04,-0.41
5313.0,0.7,0.7,0.6965,-0.03,-0.4
5314.0,0.7,0.7,0.6936,-0.04,-0.41
5316.0,0.7,0.7,0.6943,-0.04,-0.41
5317.0,0.7,0.7,0.7052,0.01,0.35
5318.0,0.7,0.7,0.6907,-0.05,-0.42
5319.0,0.7,0.7,0.706,0.01,0.35
5320.0,0.7,0.7,0.6762,-0.11,-0.48
5321.0,0.7,0.7,0.6918,-0.05,-0.42
5322.0,0.7,0.7,0.7081,0.01,0.35
5323.0,0.7,0.7,0.6936,-0.04,-0.41
5324.0,0.7,0.7,0.6972,-0.03,-0.4
5325.0,0.7,0.7,0.6943,-0.04,-0.41
5326.0,0.7,0.7,0.6943,-0.04,-0.41
5327.0,0.7,0.7,0.6933,-0.04,-0.41
5328.0,0.7,0.7,0.6976,-0.03,-0.4
5329.0,0.7,0.7,0.6929,-0.05,-0.42
5331.0,0.7,0.7,0.7023,-0.01,-0.38
5332.0,0.7,0.7,0.6965,-0.03,-0.4
5333.0,0.7,0.7,0.6889,-0.06,-0.43
5334.0,0.7,0.7,0.7001,-0.02,-0.39
5335.0,0.7,0.7,0.703,-0.0,-0.37
5336.0,0.7,0.7,0.7016,-0.01,-0.38
5337.0,0.7,0.7,0.6976,-0.02,-0.39
5338.0,0.7,0.7,0.682,-0.09,-0.46
5339.0,0.7,0.7,0.7001,-0.02,-0.39
5340.0,0.7,0.7,0.7023,-0.01,-0.38
5341.0,0.7,0.7,0.7023,-0.0,-0.37
5342.0,0.7,0.7,0.7023,-0.0,-0.37
5343.0,0.7,0.7,0.6994,-0.01,-0.38
5344.0,0.7,0.7,0.6987,-0.01,-0.38
5346.0,0.7,0.7,0.7074,0.02,0.36
5347.0,0.7,0.7,0.6972,-0.02,-0.39
5348.0,0.7,0.7,0.7074,0.03,0.37
5349.0,0.7,0.7,0.7005,-0.0,-0.37
5350.0,0.7,0.7,0.7023,0.01,0.35
5351.0,0.7,0.7,0.703,0.01,0.35
5352.0,0.7,0.7,0.6972,-0.01,-0.38
5353.0,0.7,0.7,0.7023,0.01,0.35
5354.0,0.7,0.7,0.7063,0.03,0.37
5355.0,0.7,0.7,0.6965,-0.01,-0.38
5356.0,0.7,0.7,0.7063,0.03,0.37
5357.0,0.7,0.7,0.7023,0.01,0.35
5358.0,0.7,0.7,0.7118,0.05,0.39
5359.0,0.7,0.7,0.703,0.02,0.36
5360.0,0.7,0.7,0.7052,0.03,0.37
5361.0,0.7,0.7,0.7052,0.03,0.37
5362.0,0.7,0.7,0.7081,0.04,0.38
5363.0,0.7,0.7,0.6936,-0.01,-0.38
5365.0,0.7,0.7,0.6972,-0.0,-0.37
5366.0,0.7,0.7,0.7147,0.07,0.41
5367.0,0.7,0.7,0.7081,0.04,0.38
5368.0,0.7,0.7,0.7092,0.05,0.39
5369.0,0.7,0.7,0.7023,0.02,0.36
5370.0,0.7,0.7,0.7081,0.05,0.39
5371.0,0.7,0.7,0.7034,0.03,0.37
5372.0,0.7,0.7,0.7023,0.02,0.36
5373.0,0.7,0.7,0.7045,0.03,0.37
5374.0,0.7,0.7,0.703,0.03,0.37
5375.0,0.7,0.7,0.7005,0.02,0.36
5376.0,0.7,0.7,0.7038,0.03,0.37
5377.0,0.7,0.7,0.7052,0.04,0.38
5378.0,0.7,0.7,0.7045,0.03,0.37
5379.0,0.7,0.7,0.7063,0.04,0.38
5380.0,0.7,0.7,0.7023,0.02,0.36
5381.0,0.7,0.7,0.7023,0.02,0.36
5382.0,0.7,0.7,0.6994,0.01,0.35
5383.0,0.7,0.7,0.7023,0.02,0.36
5384.0,0.7,0.7,0.706,0.04,0.38
5385.0,0.7,0.7,0.6987,0.01,0.35
5386.0,0.7,0.7,0.6994,0.01,0.35
5388.0,0.7,0.7,0.7023,0.02,0.36
5389.0,0.7,0.7,0.7023,0.02,0.36
5390.0,0.7,0.7,0.698,0.0,0.34
5391.0,0.7,0.7,0.6972,-0.0,-0.37
5392.0,0.7,0.7,0.6972,-0.0,-0.37
5393.0,0.7,0.7,0.7023,0.01,0.35
5394.0,0.7,0.7,0.6987,0.0,0.34
5395.0,0.7,0.7,0.6965,-0.01,-0.38
5396.0,0.7,0.7,0.6972,-0.01,-0.38
5397.0,0.7,0.7,0.7001,0.0,0.34
5398.0,0.7,0.7,0.6943,-0.02,-0.39
5399.0,0.7,0.7,0.6976,-0.01,-0.38
5400.0,0.7,0.7,0.6965,-0.02,-0.39
5401.0,0.7,0.7,0.6965,-0.02,-0.39
5402.0,0.7,0.7,0.7052,0.02,0.36
5403.0,0.7,0.7,0.6976,-0.01,-0.38
5405.0,0.7,0.7,0.7052,0.02,0.36
5406.0,0.7,0.7,0.7005,0.0,0.34
5407.0,0.7,0.7,0.7001,0.0,0.34
5408.0,0.7,0.7,0.698,-0.01,-0.38
5409.0,0.7,0.7,0.6972,-0.01,-0.38
5410.0,0.7,0.7,0.6958,-0.02,-0.39
5411.0,0.7,0.7,0.6929,-0.03,-0.4
5412.0,0.7,0.7,0.6951,-0.03,-0.4
5413.0,0.7,0.7,0.7089,0.03,0.37
5414.0,0.7,0.7,0.6965,-0.02,-0.39
5415.0,0.7,0.7,0.6994,-0.01,-0.38
5416.0,0.7,0.7,0.698,-0.01,-0.38
5417.0,0.7,0.7,0.6972,-0.02,-0.39
5418.0,0.7,0.7,0.69,-0.05,-0.42
5419.0,0.7,0.7,0.6987,-0.01,-0.38
5421.0,0.7,0.7,0.6878,-0.06,-0.43
5422.0,0.7,0.7,0.6947,-0.03,-0.4
5423.0,0.7,0.7,0.6965,-0.03,-0.4
5424.0,0.7,0.7,0.6972,-0.02,-0.39
5425.0,0.7,0.7,0.6987,-0.02,-0.39
5426.0,0.7,0.7,0.6958,-0.03,-0.4
5427.0,0.7,0.7,0.6929,-0.04,-0.41
5428.0,0.7,0.7,0.7001,-0.01,-0.38
5429.0,0.7,0.7,0.6965,-0.03,-0.4
5430.0,0.7,0.7,0.7001,-0.01,-0.38
5431.0,0.7,0.7,0.6947,-0.03,-0.4
5432.0,0.7,0.7,0.7081,0.02,0.36
5433.0,0.7,0.7,0.703,0.0,0.34
5435.0,0.7,0.7,0.7034,0.01,0.35
5436.0,0.7,0.7,0.7038,0.01,0.35
5437.0,0.7,0.7,0.7045,0.02,0.36
5438.0,0.7,0.7,0.706,0.02,0.36
5439.0,0.7,0.7,0.6327,-0.28,-0.65
5440.0,0.7,0.7,0.7023,-0.01,-0.38
5441.0,0.7,0.7,0.7023,-0.01,-0.38
5442.0,0.7,0.7,0.7023,-0.01,-0.38
5443.0,0.7,0.7,0.7023,-0.0,-0.37
5444.0,0.7,0.7,0.7023,-0.0,-0.37
5445.0,0.7,0.7,0.703,0.0,0.34
5446.0,0.7,0.7,0.7045,0.01,0.35
5447.0,0.7,0.7,0.7023,0.0,0.34
5448.0,0.7,0.7,0.7176,0.07,0.41
5449.0,0.7,0.7,0.7023,0.01,0.35
5450.0,0.7,0.7,0.7023,0.01,0.35
5451.0,0.7,0.7,0.7052,0.02,0.36
5452.0,0.7,0.7,0.6965,-0.01,-0.38
5454.0,0.7,0.7,0.7092,0.04,0.38
5455.0,0.7,0.7,0.706,0.03,0.37
5456.0,0.7,0.7,0.6889,-0.04,-0.41
5457.0,0.7,0.7,0.7023,0.01,0.35
5458.0,0.7,0.7,0.7023,0.01,0.35
5459.0,0.7,0.7,0.7023,0.01,0.35
5460.0,0.7,0.7,0.7001,0.0,0.34
5461.0,0.7,0.7,0.703,0.02,0.36
5462.0,0.7,0.7,0.6994,0.0,0.34
5463.0,0.7,0.7,0.7034,0.02,0.36
5464.0,0.7,0.7,0.703,0.02,0.36
5465.0,0.7,0.7,0.7023,0.01,0.35
5466.0,0.7,0.7,0.706,0.03,0.37
5467.0,0.7,0.7,0.7034,0.02,0.36
5468.0,0.7,0.7,0.7023,0.02,0.36
5469.0,0.7,0.7,0.7081,0.04,0.38
5470.0,0.7,0.7,0.7081,0.04,0.38
5471.0,0.7,0.7,0.6943,-0.01,-0.38
5472.0,0.7,0.7,0.7052,0.03,0.37
5473.0,0.7,0.7,0.702,0.02,0.36
5474.0,0.7,0.7,0.7001,0.01,0.35
5475.0,0.7,0.7,0.7005,0.01,0.35
5477.0,0.7,0.7,0.6972,-0.0,-0.37
5478.0,0.7,0.7,0.7016,0.01,0.35
5479.0,0.7,0.7,0.6965,-0.01,-0.38
5480.0,0.7,0.7,0.698,-0.0,-0.37
5481.0,0.7,0.7,0.7005,0.01,0.35
5482.0,0.7,0.7,0.6943,-0.02,-0.39
5483.0,0.7,0.7,0.6994,-0.0,-0.37
5484.0,0.7,0.7,0.7001,0.0,0.34
5485.0,0.7,0.7,0.7005,0.0,0.34
5486.0,0.7,0.7,0.6976,-0.01,-0.38
5487.0,0.7,0.7,0.6994,-0.0,-0.37
5488.0,0.7,0.7,0.6936,-0.03,-0.4
5489.0,0.7,0.7,0.6972,-0.01,-0.38
5490.0,0.7,0.7,0.6972,-0.01,-0.38
5491.0,0.7,0.7,0.6994,-0.01,-0.38
5493.0,0.7,0.7,0.6929,-0.03,-0.4
5494.0,0.7,0.7,0.6972,-0.02,-0.39
5495.0,0.7,0.7,0.7023,0.0,0.34
5496.0,0.7,0.7,0.7067,0.02,0.36
5497.0,0.7,0.7,0.7052,0.02,0.36
5498.0,0.7,0.7,0.6965,-0.01,-0.38
5499.0,0.7,0.7,0.7034,0.01,0.35
5500.0,0.7,0.7,0.6972,-0.01,-0.38
5501.0,0.7,0.7,0.6965,-0.02,-0.39
5502.0,0.7,0.7,0.6994,-0.0,-0.37
5503.0,0.7,0.7,0.6965,-0.02,-0.39
5504.0,0.7,0.7,0.6994,-0.01,-0.38
5505.0,0.7,0.7,0.6951,-0.02,-0.39
5506.0,0.7,0.7,0.7001,-0.0,-0.37
5507.0,0.7,0.7,0.7001,-0.0,-0.37
5509.0,0.7,0.7,0.6994,-0.01,-0.38
5510.0,0.7,0.7,0.6972,-0.01,-0.38
5511.0,0.7,0.7,0.6965,-0.02,-0.39
5512.0,0.7,0.7,0.6994,-0.01,-0.38
5513.0,0.7,0.7,0.706,0.02,0.36
5514.0,0.7,0.7,0.7052,0.02,0.36
5515.0,0.7,0.7,0.706,0.02,0.36
5516.0,0.7,0.7,0.6947,-0.02,-0.39
5517.0,0.7,0.7,0.7023,0.01,0.35
5518.0,0.7,0.7,0.7052,0.02,0.36
5519.0,0.7,0.7,0.7001,0.0,0.34
5520.0,0.7,0.7,0.7023,0.01,0.35
5521.0,0.7,0.7,0.706,0.03,0.37
5522.0,0.7,0.7,0.7089,0.04,0.38
5523.0,0.7,0.7,0.6802,-0.07,-0.44
5524.0,0.7,0.7,0.6994,-0.0,-0.37
5525.0,0.7,0.7,0.6994,-0.0,-0.37
5527.0,0.7,0.7,0.7001,0.0,0.34
5528.0,0.7,0.7,0.7052,0.02,0.36
5529.0,0.7,0.7,0.7038,0.02,0.36
5530.0,0.7,0.7,0.706,0.03,0.37
5531.0,0.7,0.7,0.6972,-0.01,-0.38
5532.0,0.7,0.7,0.7023,0.01,0.35
5533.0,0.7,0.7,0.6762,-0.09,-0.46
5534.0,0.7,0.7,0.703,0.01,0.35
5535.0,0.7,0.7,0.6994,-0.01,-0.38
5536.0,0.7,0.7,0.7045,0.02,0.36
5537.0,0.7,0.7,0.7023,0.01,0.35
5538.0,0.7,0.7,0.6965,-0.01,-0.38
5539.0,0.7,0.7,0.7038,0.01,0.35
5540.0,0.7,0.7,0.7045,0.02,0.36
5541.0,0.7,0.7,0.706,0.03,0.37
5542.0,0.7,0.7,0.6929,-0.03,-0.4
5543.0,0.7,0.7,0.7001,0.0,0.34
5544.0,0.7,0.7,0.7005,0.0,0.34
5545.0,0.7,0.7,0.7023,0.01,0.35
5546.0,0.7,0.7,0.7197,0.08,0.42
5548.0,0.7,0.7,0.6976,-0.0,-0.37
5549.0,0.7,0.7,0.7001,0.01,0.35
5550.0,0.7,0.7,0.7005,0.01,0.35
5551.0,0.7,0.7,0.7001,0.01,0.35
5552.0,0.7,0.7,0.7005,0.01,0.35
5553.0,0.7,0.7,0.7005,0.01,0.35
5554.0,0.7,0.7,0.7001,0.01,0.35
5555.0,0.7,0.7,0.7023,0.01,0.35
5556.0,0.7,0.7,0.702,0.01,0.35
5557.0,0.7,0.7,0.7001,0.01,0.35
5558.0,0.7,0.7,0.6994,0.0,0.34
5559.0,0.7,0.7,0.6936,-0.02,-0.39
5560.0,0.7,0.7,0.6994,-0.0,-0.37
5561.0,0.7,0.7,0.7023,0.01,0.35
5562.0,0.7,0.7,0.7023,0.01,0.35
5563.0,0.7,0.7,0.6987,-0.0,-0.37
5564.0,0.7,0.7,0.7001,0.0,0.34
5565.0,0.7,0.7,0.6994,-0.0,-0.37
5567.0,0.7,0.7,0.6965,-0.01,-0.38
5568.0,0.7,0.7,0.6994,-0.0,-0.37
5569.0,0.7,0.7,0.6972,-0.01,-0.38
5570.0,0.7,0.7,0.6965,-0.02,-0.39
5571.0,0.7,0.7,0.6962,-0.02,-0.39
5572.0,0.7,0.7,0.6947,-0.03,-0.4
5573.0,0.7,0.7,0.6965,-0.02,-0.39
5574.0,0.7,0.7,0.7089,0.03,0.37
5575.0,0.7,0.7,0.6987,-0.01,-0.38
5576.0,0.7,0.7,0.6987,-0.01,-0.38
5577.0,0.7,0.7,0.6987,-0.01,-0.38
5578.0,0.7,0.7,0.6994,-0.01,-0.38
5579.0,0.7,0.7,0.6976,-0.01,-0.38
5581.0,0.7,0.7,0.6842,-0.07,-0.44
5582.0,0.7,0.7,0.6972,-0.02,-0.39
5583.0,0.7,0.7,0.6972,-0.02,-0.39
5584.0,0.7,0.7,0.7118,0.04,0.38
5585.0,0.7,0.7,0.6878,-0.05,-0.42
5586.0,0.7,0.7,0.6965,-0.02,-0.39
5587.0,0.7,0.7,0.7001,-0.01,-0.38
5588.0,0.7,0.7,0.6976,-0.02,-0.39
5589.0,0.7,0.7,0.6994,-0.01,-0.38
5590.0,0.7,0.7,0.6987,-0.01,-0.38
5591.0,0.7,0.7,0.7023,0.0,0.34
5592.0,0.7,0.7,0.6936,-0.03,-0.4
5593.0,0.7,0.7,0.7023,0.0,0.34
5594.0,0.7,0.7,0.6972,-0.02,-0.39
5596.0,0.7,0.7,0.7016,0.0,0.34
5597.0,0.7,0.7,0.6994,-0.01,-0.38
5598.0,0.7,0.7,0.6994,-0.01,-0.38
5599.0,0.7,0.7,0.703,0.01,0.35
5600.0,0.7,0.7,0.7023,0.01,0.35
5601.0,0.7,0.7,0.7067,0.03,0.37
5602.0,0.7,0.7,0.6994,-0.0,-0.37
5603.0,0.7,0.7,0.7005,0.0,0.34
5604.0,0.7,0.7,0.7118,0.05,0.39
5605.0,0.7,0.7,0.7023,0.01,0.35
5606.0,0.7,0.7,0.703,0.02,0.36
5607.0,0.7,0.7,0.7023,0.01,0.35
5608.0,0.7,0.7,0.698,-0.0,-0.37
5609.0,0.7,0.7,0.7023,0.01,0.35
5610.0,0.7,0.7,0.6965,-0.01,-0.38
5611.0,0.7,0.7,0.7081,0.04,0.38
5612.0,0.7,0.7,0.7001,0.01,0.35
5613.0,0.7,0.7,0.7023,0.01,0.35
5615.0,0.7,0.7,0.702,0.01,0.35
5616.0,0.7,0.7,0.7052,0.03,0.37
5617.0,0.7,0.7,0.6994,0.0,0.34
5618.0,0.7,0.7,0.7147,0.07,0.41
5619.0,0.7,0.7,0.7001,0.01,0.35
5620.0,0.7,0.7,0.703,0.02,0.36
5621.0,0.7,0.7,0.7052,0.03,0.37
5622.0,0.7,0.7,0.6972,-0.0,-0.37
5623.0,0.7,0.7,0.7001,0.01,0.35
5624.0,0.7,0.7,0.6929,-0.02,-0.39
5625.0,0.7,0.7,0.7027,0.02,0.36
5626.0,0.7,0.7,0.6994,0.0,0.34
5627.0,0.7,0.7,0.7023,0.01,0.35
5628.0,0.7,0.7,0.7074,0.04,0.38
5629.0,0.7,0.7,0.6918,-0.03,-0.4
5630.0,0.7,0.7,0.6791,-0.08,-0.45
5631.0,0.7,0.7,0.69,-0.04,-0.41
5632.0,0.7,0.7,0.7089,0.03,0.37
5633.0,0.7,0.7,0.6972,-0.01,-0.38
5635.0,0.7,0.7,0.7089,0.03,0.37
5636.0,0.7,0.7,0.6972,-0.01,-0.38
5637.0,0.7,0.7,0.7118,0.05,0.39
5638.0,0.7,0.7,0.6994,0.0,0.34
5639.0,0.7,0.7,0.7023,0.01,0.35
5640.0,0.7,0.7,0.6893,-0.04,-0.41
5641.0,0.7,0.7,0.6994,-0.0,-0.37
5642.0,0.7,0.7,0.6994,-0.0,-0.37
5643.0,0.7,0.7,0.6994,-0.0,-0.37
5644.0,0.7,0.7,0.7023,0.01,0.35
5645.0,0.7,0.7,0.7063,0.03,0.37
5646.0,0.7,0.7,0.6976,-0.01,-0.38
5647.0,0.7,0.7,0.7023,0.01,0.35
5648.0,0.7,0.7,0.7023,0.01,0.35
5649.0,0.7,0.7,0.6976,-0.01,-0.38
5651.0,0.7,0.7,0.7023,0.01,0.35
5652.0,0.7,0.7,0.7052,0.02,0.36
5653.0,0.7,0.7,0.6943,-0.02,-0.39
5654.0,0.7,0.7,0.7038,0.02,0.36
5655.0,0.7,0.7,0.7001,0.0,0.34
5656.0,0.7,0.7,0.7001,0.0,0.34
5657.0,0.7,0.7,0.7001,0.0,0.34
5658.0,0.7,0.7,0.6972,-0.01,-0.38
5659.0,0.7,0.7,0.6965,-0.01,-0.38
5660.0,0.7,0.7,0.6987,-0.01,-0.38
5661.0,0.7,0.7,0.6885,-0.05,-0.42
5662.0,0.7,0.7,0.6994,-0.01,-0.38
5663.0,0.7,0.7,0.6976,-0.01,-0.38
5664.0,0.7,0.7,0.703,0.01,0.35
5665.0,0.7,0.7,0.703,0.01,0.35
5666.0,0.7,0.7,0.6958,-0.02,-0.39
5667.0,0.7,0.7,0.7023,0.01,0.35
5669.0,0.7,0.7,0.6936,-0.03,-0.4
5670.0,0.7,0.7,0.7001,-0.0,-0.37
5671.0,0.7,0.7,0.7005,-0.0,-0.37
5672.0,0.7,0.7,0.6987,-0.01,-0.38
5673.0,0.7,0.7,0.6972,-0.01,-0.38
5674.0,0.7,0.7,0.7045,0.01,0.35
5675.0,0.7,0.7,0.7001,-0.0,-0.37
5676.0,0.7,0.7,0.7005,0.0,0.34
5677.0,0.7,0.7,0.7081,0.03,0.37
5678.0,0.7,0.7,0.6885,-0.05,-0.42
5679.0,0.7,0.7,0.7001,-0.0,-0.37
5680.0,0.7,0.7,0.7001,-0.0,-0.37
5681.0,0.7,0.7,0.7001,-0.0,-0.37
5682.0,0.7,0.7,0.7092,0.04,0.38
5683.0,0.7,0.7,0.7001,0.0,0.34
5684.0,0.7,0.7,0.6936,-0.03,-0.4
5686.0,0.7,0.7,0.6994,-0.0,-0.37
5687.0,0.7,0.7,0.7001,-0.0,-0.37
5688.0,0.7,0.7,0.703,0.01,0.35
5689.0,0.7,0.7,0.7005,0.0,0.34
5690.0,0.7,0.7,0.6994,-0.0,-0.37
5691.0,0.7,0.7,0.6994,-0.0,-0.37
5692.0,0.7,0.7,0.7023,0.01,0.35
5693.0,0.7,0.7,0.6976,-0.01,-0.38
5694.0,0.7,0.7,0.7092,0.04,0.38
5695.0,0.7,0.7,0.703,0.02,0.36
5696.0,0.7,0.7,0.6972,-0.01,-0.38
5697.0,0.7,0.7,0.7016,0.01,0.35
5698.0,0.7,0.7,0.7074,0.03,0.37
5699.0,0.7,0.7,0.6994,0.0,0.34
5700.0,0.7,0.7,0.703,0.02,0.36
5701.0,0.7,0.7,0.6987,-0.0,-0.37
5702.0,0.7,0.7,0.703,0.02,0.36
5704.0,0.7,0.7,0.6994,0.0,0.34
5705.0,0.7,0.7,0.7045,0.02,0.36
5706.0,0.7,0.7,0.7023,0.01,0.35
5707.0,0.7,0.7,0.7023,0.02,0.36
5708.0,0.7,0.7,0.7001,0.01,0.35
5709.0,0.7,0.7,0.7001,0.01,0.35
5710.0,0.7,0.7,0.703,0.02,0.36
5711.0,0.7,0.7,0.7023,0.02,0.36
5712.0,0.7,0.7,0.7023,0.02,0.36
5713.0,0.7,0.7,0.7023,0.02,0.36
5714.0,0.7,0.7,0.7001,0.01,0.35
5715.0,0.7,0.7,0.7016,0.01,0.35
5716.0,0.7,0.7,0.7001,0.01,0.35
5717.0,0.7,0.7,0.6994,0.0,0.34
5718.0,0.7,0.7,0.7038,0.02,0.36
5719.0,0.7,0.7,0.6994,0.0,0.34
5720.0,0.7,0.7,0.6914,-0.03,-0.4
5721.0,0.7,0.7,0.698,-0.01,-0.38
5722.0,0.7,0.7,0.7001,0.0,0.34
5723.0,0.7,0.7,0.6972,-0.01,-0.38
5724.0,0.7,0.7,0.6972,-0.01,-0.38
5726.0,0.7,0.7,0.6987,-0.01,-0.38
5727.0,0.7,0.7,0.6943,-0.02,-0.39
5728.0,0.7,0.7,0.6976,-0.01,-0.38
5729.0,0.7,0.7,0.6965,-0.02,-0.39
5730.0,0.7,0.7,0.6987,-0.01,-0.38
5731.0,0.7,0.7,0.6972,-0.02,-0.39
5732.0,0.7,0.7,0.6987,-0.01,-0.38
5733.0,0.7,0.7,0.6943,-0.03,-0.4
5734.0,0.7,0.7,0.6965,-0.02,-0.39
5735.0,0.7,0.7,0.6965,-0.02,-0.39
5736.0,0.7,0.7,0.6994,-0.01,-0.38
5737.0,0.7,0.7,0.6936,-0.03,-0.4
5738.0,0.7,0.7,0.6972,-0.02,-0.39
5740.0,0.7,0.7,0.6936,-0.04,-0.41
5741.0,0.7,0.7,0.6972,-0.02,-0.39
5742.0,0.7,0.7,0.703,0.0,0.34
5743.0,0.7,0.7,0.6994,-0.01,-0.38
5744.0,0.7,0.7,0.6976,-0.02,-0.39
5745.0,0.7,0.7,0.6972,-0.02,-0.39
5746.0,0.7,0.7,0.6976,-0.02,-0.39
5747.0,0.7,0.7,0.6987,-0.01,-0.38
5748.0,0.7,0.7,0.7005,-0.01,-0.38
5749.0,0.7,0.7,0.7023,0.0,0.34
5750.0,0.7,0.7,0.7049,0.01,0.35
5751.0,0.7,0.7,0.7023,0.01,0.35
5752.0,0.7,0.7,0.6965,-0.02,-0.39
5753.0,0.7,0.7,0.7023,0.01,0.35
5754.0,0.7,0.7,0.6994,-0.0,-0.37
5756.0,0.7,0.7,0.6994,-0.0,-0.37
5757.0,0.7,0.7,0.7023,0.01,0.35
5758.0,0.7,0.7,0.7023,0.01,0.35
5759.0,0.7,0.7,0.7023,0.01,0.35
5760.0,0.7,0.7,0.7001,0.0,0.34
5761.0,0.7,0.7,0.7001,0.0,0.34
5762.0,0.7,0.7,0.698,-0.01,-0.38
5763.0,0.7,0.7,0.7023,0.01,0.35
5764.0,0.7,0.7,0.7023,0.01,0.35
5765.0,0.7,0.7,0.6936,-0.03,-0.4
5766.0,0.7,0.7,0.7118,0.05,0.39
5767.0,0.7,0.7,0.7001,0.0,0.34
5768.0,0.7,0.7,0.7081,0.04,0.38
5769.0,0.7,0.7,0.703,0.02,0.36
5770.0,0.7,0.7,0.7034,0.02,0.36
5771.0,0.7,0.7,0.711,0.05,0.39
5772.0,0.7,0.7,0.6889,-0.04,-0.41
5773.0,0.7,0.7,0.7023,0.01,0.35
5774.0,0.7,0.7,0.7001,0.01,0.35
5775.0,0.7,0.7,0.7023,0.01,0.35
5777.0,0.7,0.7,0.7034,0.02,0.36
5778.0,0.7,0.7,0.7034,0.02,0.36
5779.0,0.7,0.7,0.6965,-0.01,-0.38
5780.0,0.7,0.7,0.7139,0.06,0.4
5781.0,0.7,0.7,0.6827,-0.06,-0.43
5782.0,0.7,0.7,0.7001,0.0,0.34
5783.0,0.7,0.7,0.7001,0.0,0.34
5784.0,0.7,0.7,0.7023,0.01,0.35
5785.0,0.7,0.7,0.7023,0.01,0.35
5786.0,0.7,0.7,0.7023,0.01,0.35
5787.0,0.7,0.7,0.6976,-0.01,-0.38
5788.0,0.7,0.7,0.6987,-0.0,-0.37
5789.0,0.7,0.7,0.7001,0.0,0.34
5790.0,0.7,0.7,0.6976,-0.01,-0.38
5791.0,0.7,0.7,0.6943,-0.02,-0.39
5792.0,0.7,0.7,0.6994,-0.0,-0.37
5793.0,0.7,0.7,0.6972,-0.01,-0.38
5795.0,0.7,0.7,0.7005,0.0,0.34
5796.0,0.7,0.7,0.7023,0.01,0.35
5797.0,0.7,0.7,0.7001,-0.0,-0.37
5798.0,0.7,0.7,0.7034,0.01,0.35
5799.0,0.7,0.7,0.6972,-0.01,-0.38
5800.0,0.7,0.7,0.7005,0.0,0.34
5801.0,0.7,0.7,0.7001,0.0,0.34
5802.0,0.7,0.7,0.7001,0.0,0.34
5803.0,0.7,0.7,0.703,0.01,0.35
5804.0,0.7,0.7,0.7005,0.0,0.34
5805.0,0.7,0.7,0.6991,-0.0,-0.37
5806.0,0.7,0.7,0.6972,-0.01,-0.38
5807.0,0.7,0.7,0.7009,0.0,0.34
5808.0,0.7,0.7,0.7052,0.02,0.36
5809.0,0.7,0.7,0.6994,-0.0,-0.37
5810.0,0.7,0.7,0.7023,0.01,0.35
5811.0,0.7,0.7,0.7009,0.01,0.35
5812.0,0.7,0.7,0.7074,0.03,0.37
5813.0,0.7,0.7,0.6987,-0.0,-0.37
5815.0,0.7,0.7,0.6987,-0.0,-0.37
5816.0,0.7,0.7,0.7005,0.0,0.34
5817.0,0.7,0.7,0.7081,0.04,0.38
5818.0,0.7,0.7,0.6965,-0.01,-0.38
5819.0,0.7,0.7,0.6972,-0.01,-0.38
5820.0,0.7,0.7,0.698,-0.01,-0.38
5821.0,0.7,0.7,0.6994,-0.0,-0.37
5822.0,0.7,0.7,0.6918,-0.03,-0.4
5823.0,0.7,0.7,0.7001,-0.0,-0.37
5824.0,0.7,0.7,0.7023,0.01,0.35
5825.0,0.7,0.7,0.7001,-0.0,-0.37
5826.0,0.7,0.7,0.6994,-0.0,-0.37
5827.0,0.7,0.7,0.7023,0.01,0.35
5828.0,0.7,0.7,0.7023,0.01,0.35
5829.0,0.7,0.7,0.6976,-0.01,-0.38
5830.0,0.7,0.7,0.7001,0.0,0.34
5832.0,0.7,0.7,0.7005,0.0,0.34
5833.0,0.7,0.7,0.7005,0.0,0.34
5834.0,0.7,0.7,0.7001,0.0,0.34
5835.0,0.7,0.7,0.7342,0.14,0.48
5836.0,0.7,0.7,0.6972,0.0,0.34
5837.0,0.7,0.7,0.703,0.02,0.36
5838.0,0.7,0.7,0.6965,-0.0,-0.37
5839.0,0.7,0.7,0.7023,0.02,0.36
5840.0,0.7,0.7,0.6994,0.01,0.35
5841.0,0.7,0.7,0.6987,0.0,0.34
5842.0,0.7,0.7,0.6976,-0.0,-0.37
5843.0,0.7,0.7,0.6994,0.0,0.34
5844.0,0.7,0.7,0.6994,0.0,0.34
5845.0,0.7,0.7,0.698,-0.0,-0.37
5846.0,0.7,0.7,0.6972,-0.01,-0.38
5847.0,0.7,0.7,0.7074,0.03,0.37
5848.0,0.7,0.7,0.6994,0.0,0.34
5849.0,0.7,0.7,0.703,0.02,0.36
5850.0,0.7,0.7,0.7023,0.01,0.35
5851.0,0.7,0.7,0.6914,-0.03,-0.4
5853.0,0.7,0.7,0.6936,-0.03,-0.4
5854.0,0.7,0.7,0.6965,-0.02,-0.39
5855.0,0.7,0.7,0.7081,0.03,0.37
5856.0,0.7,0.7,0.698,-0.01,-0.38
5857.0,0.7,0.7,0.7045,0.02,0.36
5858.0,0.7,0.7,0.7001,0.0,0.34
5859.0,0.7,0.7,0.7023,0.01,0.35
5860.0,0.7,0.7,0.6987,-0.0,-0.37
5861.0,0.7,0.7,0.7023,0.01,0.35
5862.0,0.7,0.7,0.6987,-0.0,-0.37
5863.0,0.7,0.7,0.6965,-0.01,-0.38
5864.0,0.7,0.7,0.6987,-0.01,-0.38
5865.0,0.7,0.7,0.7001,0.0,0.34
5866.0,0.7,0.7,0.6976,-0.01,-0.38
5867.0,0.7,0.7,0.7052,0.02,0.36
5868.0,0.7,0.7,0.7023,0.01,0.35
5870.0,0.7,0.7,0.6972,-0.01,-0.38
5871.0,0.7,0.7,0.6976,-0.01,-0.38
5872.0,0.7,0.7,0.7001,0.0,0.34
5873.0,0.7,0.7,0.7001,0.0,0.34
5874.0,0.7,0.7,0.702,0.01,0.35
5875.0,0.7,0.7,0.7016,0.01,0.35
5876.0,0.7,0.7,0.6777,-0.09,-0.46
5877.0,0.7,0.7,0.7052,0.01,0.35
5878.0,0.7,0.7,0.711,0.04,0.38
5879.0,0.7,0.7,0.7001,0.0,0.34
5880.0,0.7,0.7,0.7041,0.02,0.36
5881.0,0.7,0.7,0.706,0.03,0.37
5882.0,0.7,0.7,0.7001,0.0,0.34
5883.0,0.7,0.7,0.6972,-0.01,-0.38
5884.0,0.7,0.7,0.6994,-0.0,-0.37
5885.0,0.7,0.7,0.7103,0.04,0.38
5886.0,0.7,0.7,0.6972,-0.01,-0.38
5887.0,0.7,0.7,0.6976,-0.01,-0.38
5889.0,0.7,0.7,0.702,0.01,0.35
5890.0,0.7,0.7,0.6994,0.0,0.34
5891.0,0.7,0.7,0.6936,-0.02,-0.39
5892.0,0.7,0.7,0.6987,-0.01,-0.38
5893.0,0.7,0.7,0.706,0.02,0.36
5894.0,0.7,0.7,0.6994,-0.0,-0.37
5895.0,0.7,0.7,0.6936,-0.03,-0.4
5896.0,0.7,0.7,0.7023,0.01,0.35
5897.0,0.7,0.7,0.6965,-0.01,-0.38
5898.0,0.7,0.7,0.706,0.02,0.36
5899.0,0.7,0.7,0.7103,0.04,0.38
5900.0,0.7,0.7,0.6965,-0.01,-0.38
5901.0,0.7,0.7,0.7103,0.05,0.39
5902.0,0.7,0.7,0.6889,-0.04,-0.41
5903.0,0.7,0.7,0.6972,-0.01,-0.38
5904.0,0.7,0.7,0.6972,-0.01,-0.38
5906.0,0.7,0.7,0.6994,-0.0,-0.37
5907.0,0.7,0.7,0.6918,-0.03,-0.4
5908.0,0.7,0.7,0.7023,0.01,0.35
5909.0,0.7,0.7,0.6987,-0.01,-0.38
5910.0,0.7,0.7,0.6947,-0.02,-0.39
5911.0,0.7,0.7,0.6972,-0.02,-0.39
5912.0,0.7,0.7,0.6994,-0.01,-0.38
5913.0,0.7,0.7,0.6987,-0.01,-0.38
5914.0,0.7,0.7,0.6976,-0.01,-0.38
5915.0,0.7,0.7,0.6965,-0.02,-0.39
5916.0,0.7,0.7,0.6972,-0.02,-0.39
5917.0,0.7,0.7,0.706,0.02,0.36
5918.0,0.7,0.7,0.6958,-0.02,-0.39
5919.0,0.7,0.7,0.6994,-0.01,-0.38
5921.0,0.7,0.7,0.703,0.01,0.35
5922.0,0.7,0.7,0.6827,-0.07,-0.44
5923.0,0.7,0.7,0.7052,0.01,0.35
5924.0,0.7,0.7,0.6994,-0.01,-0.38
5925.0,0.7,0.7,0.7034,0.01,0.35
5926.0,0.7,0.7,0.7023,0.01,0.35
5927.0,0.7,0.7,0.7023,0.01,0.35
5928.0,0.7,0.7,0.686,-0.06,-0.43
5929.0,0.7,0.7,0.7001,-0.01,-0.38
5930.0,0.7,0.7,0.7023,0.0,0.34
5931.0,0.7,0.7,0.7023,0.01,0.35
5932.0,0.7,0.7,0.7023,0.01,0.35
5933.0,0.7,0.7,0.7023,0.01,0.35
5934.0,0.7,0.7,0.6994,-0.0,-0.37
5935.0,0.7,0.7,0.6962,-0.02,-0.39
5936.0,0.7,0.7,0.7023,0.01,0.35
5937.0,0.7,0.7,0.7052,0.02,0.36
5938.0,0.7,0.7,0.703,0.01,0.35
5939.0,0.7,0.7,0.7005,0.0,0.34
5941.0,0.7,0.7,0.6965,-0.01,-0.38
5942.0,0.7,0.7,0.7001,0.0,0.34
5943.0,0.7,0.7,0.7001,0.0,0.34
5944.0,0.7,0.7,0.6994,-0.0,-0.37
5945.0,0.7,0.7,0.6965,-0.01,-0.38
5946.0,0.7,0.7,0.7023,0.01,0.35
5947.0,0.7,0.7,0.7023,0.01,0.35
5948.0,0.7,0.7,0.7005,0.0,0.34
5949.0,0.7,0.7,0.7023,0.01,0.35
5950.0,0.7,0.7,0.7016,0.01,0.35
5951.0,0.7,0.7,0.7034,0.02,0.36
5952.0,0.7,0.7,0.7023,0.01,0.35
5953.0,0.7,0.7,0.6965,-0.01,-0.38
5954.0,0.7,0.7,0.703,0.01,0.35
5955.0,0.7,0.7,0.7023,0.01,0.35
5956.0,0.7,0.7,0.7034,0.02,0.36
5957.0,0.7,0.7,0.6994,0.0,0.34
5958.0,0.7,0.7,0.7052,0.03,0.37
5959.0,0.7,0.7,0.7023,0.01,0.35
5960.0,0.7,0.7,0.7023,0.01,0.35
5962.0,0.7,0.7,0.7023,0.02,0.36
5963.0,0.7,0.7,0.6885,-0.04,-0.41
5964.0,0.7,0.7,0.7045,0.02,0.36
5965.0,0.7,0.7,0.6885,-0.04,-0.41
5966.0,0.7,0.7,0.6965,-0.02,-0.39
5967.0,0.7,0.7,0.7001,-0.0,-0.37
5968.0,0.7,0.7,0.7001,-0.0,-0.37
5969.0,0.7,0.7,0.7023,0.01,0.35
5970.0,0.7,0.7,0.6965,-0.02,-0.39
5971.0,0.7,0.7,0.6943,-0.03,-0.4
5972.0,0.7,0.7,0.7023,0.01,0.35
5973.0,0.7,0.7,0.7371,0.15,0.49
5974.0,0.7,0.7,0.7001,0.01,0.35
5975.0,0.7,0.7,0.6918,-0.02,-0.39
5976.0,0.7,0.7,0.6798,-0.08,-0.45
5977.0,0.7,0.7,0.6972,-0.01,-0.38
5979.0,0.7,0.7,0.6965,-0.02,-0.39
5980.0,0.7,0.7,0.6914,-0.04,-0.41
5981.0,0.7,0.7,0.703,0.01,0.35
5982.0,0.7,0.7,0.7023,0.01,0.35
5983.0,0.7,0.7,0.6936,-0.03,-0.4
5984.0,0.7,0.7,0.6976,-0.01,-0.38
5985.0,0.7,0.7,0.6965,-0.02,-0.39
5986.0,0.7,0.7,0.7001,-0.01,-0.38
5987.0,0.7,0.7,0.703,0.01,0.35
5988.0,0.7,0.7,0.7052,0.02,0.36
5989.0,0.7,0.7,0.6994,-0.0,-0.37
5990.0,0.7,0.7,0.702,0.01,0.35
5991.0,0.7,0.7,0.6809,-0.08,-0.45
5992.0,0.7,0.7,0.7023,0.0,0.34
5993.0,0.7,0.7,0.6965,-0.02,-0.39
5994.0,0.7,0.7,0.7001,-0.01,-0.38
5996.0,0.7,0.7,0.6994,-0.01,-0.38
5997.0,0.7,0.7,0.7016,0.0,0.34
5998.0,0.7,0.7,0.7045,0.01,0.35
5999.0,0.7,0.7,0.6976,-0.01,-0.38
6000.0,-0.7,-0.7,0.6994,5.77,6.11
6001.0,-0.7,-0.7,0.6976,6.24,6.58
6002.0,-0.7,-0.7,0.7034,6.69,7.03
6003.0,-0.7,-0.7,0.6972,7.06,7.4
6004.0,-0.7,-0.7,0.6936,7.4,7.74
6005.0,-0.7,-0.7,0.6951,7.73,8.07
6006.0,-0.7,-0.7,0.6918,8.01,8.35
6007.0,-0.7,-0.7,0.6907,8.27,8.61
6008.0,-0.7,-0.7,0.6849,8.49,8.83
6009.0,-0.7,-0.7,0.6849,8.71,9.05
6011.0,-0.7,-0.7,0.6777,8.88,9.22
6012.0,-0.7,-0.7,0.6755,9.05,9.39
6013.0,-0.7,-0.7,0.67,9.19,9.53
6014.0,-0.7,-0.7,0.6588,9.29,9.63
6015.0,-0.7,-0.7,0.6573,9.41,9.75
6016.0,-0.7,-0.7,0.6827,9.63,9.97
6017.0,-0.7,-0.7,0.6225,9.5,9.84
6018.0,-0.7,-0.7,0.6356,9.64,9.98
6019.0,-0.7,-0.7,0.6298,9.69,10.03
6020.0,-0.7,-0.7,0.6254,9.75,10.09
6021.0,-0.7,-0.7,0.6218,9.8,10.14
6022.0,-0.7,-0.7,0.6095,9.8,10.14
6024.0,-0.7,-0.7,0.6036,9.83,10.17
6025.0,-0.7,-0.7,0.5949,9.83,10.17
6026.0,-0.7,-0.7,0.5899,9.85,10.19
6027.0,-0.7,-0.7,0.5804,9.84,10.18
6028.0,-0.7,-0.7,0.5717,9.83,10.17
6029.0,-0.7,-0.7,0.563,9.81,10.15
6030.0,-0.7,-0.7,0.5456,9.75,10.09
6031.0,-0.7,-0.7,0.5478,9.77,10.11
6032.0,-0.7,-0.7,0.5369,9.73,10.07
6033.0,-0.7,-0.7,0.5282,9.7,10.04
6034.0,-0.7,-0.7,0.5206,9.67,10.01
6035.0,-0.7,-0.7,0.5086,9.61,9.95
6037.0,-0.7,-0.7,0.4963,9.56,9.9
6038.0,-0.7,-0.7,0.4883,9.51,9.85
6039.0,-0.7,-0.7,0.4825,9.48,9.82
6040.0,-0.7,-0.7,0.4709,9.42,9.76
6041.0,-0.7,-0.7,0.4564,9.34,9.68
6042.0,-0.7,-0.7,0.452,9.3,9.64
6043.0,-0.7,-0.7,0.4448,9.26,9.6
6044.0,-0.7,-0.7,0.4324,9.18,9.52
6045.0,-0.7,-0.7,0.4237,9.13,9.47
6046.0,-0.7,-0.7,0.4143,9.07,9.41
6047.0,-0.7,-0.7,0.4063,9.01,9.35
6048.0,-0.7,-0.7,0.3954,8.94,9.28
6050.0,-0.7,-0.7,0.3896,8.89,9.23
6051.0,-0.7,-0.7,0.3744,8.8,9.14
6052.0,-0.7,-0.7,0.3635,8.73,9.07
6053.0,-0.7,-0.7,0.3548,8.66,9.0
6054.0,-0.7,-0.7,0.3417,8.58,8.92
6055.0,-0.7,-0.7,0.3337,8.51,8.85
6056.0,-0.7,-0.7,0.3229,8.44,8.78
6057.0,-0.7,-0.7,0.3142,8.37,8.71
6058.0,-0.7,-0.7,0.3025,8.29,8.63
6059.0,-0.7,-0.7,0.2924,8.21,8.55
6060.0,-0.7,-0.7,0.283,8.14,8.48
6061.0,-0.7,-0.7,0.2706,8.05,8.39
6063.0,-0.7,-0.7,0.2612,7.98,8.32
6064.0,-0.7,-0.7,0.2489,7.89,8.23
6065.0,-0.7,-0.7,0.2409,7.83,8.17
6066.0,-0.7,-0.7,0.2285,7.74,8.08
6067.0,-0.7,-0.7,0.2213,7.67,8.01
6068.0,-0.7,-0.7,0.209,7.59,7.93
6069.0,-0.7,-0.7,0.1995,7.51,7.85
6070.0,-0.7,-0.7,0.1857,7.42,7.76
6071.0,-0.7,-0.7,0.1741,7.33,7.67
6072.0,-0.7,-0.7,0.1647,7.25,7.59
6073.0,-0.7,-0.7,0.1574,7.18,7.52
6074.0,-0.7,-0.7,0.1451,7.1,7.44
6076.0,-0.7,-0.7,0.1357,7.02,7.36
6077.0,-0.7,-0.7,0.1125,6.89,7.23
6078.0,-0.7,-0.7,0.1172,6.86,7.2
6079.0,-0.7,-0.7,0.0994,6.75,7.09
6080.0,-0.7,-0.7,0.0885,6.67,7.01
6081.0,-0.7,-0.7,0.0813,6.6,6.94
6082.0,-0.7,-0.7,0.0675,6.5,6.84
6083.0,-0.7,-0.7,0.0588,6.43,6.77
6084.0,-0.7,-0.7,0.0464,6.34,6.68
6085.0,-0.7,-0.7,0.0319,6.24,6.58
6086.0,-0.7,-0.7,0.0649,6.33,6.67
6087.0,-0.7,-0.7,0.0127,6.09,6.43
6089.0,-0.7,-0.7,-0.0018,5.99,6.33
6090.0,-0.7,-0.7,-0.0239,5.86,6.2
6091.0,-0.7,-0.7,-0.0254,5.8,6.14
6092.0,-0.7,-0.7,-0.0312,5.74,6.08
6093.0,-0.7,-0.7,-0.0428,5.65,5.99
6094.0,-0.7,-0.7,-0.0573,5.55,5.89
6095.0,-0.7,-0.7,-0.0638,5.48,5.82
6096.0,-0.7,-0.7,-0.0675,5.42,5.76
6097.0,-0.7,-0.7,-0.0842,5.31,5.65
6098.0,-0.7,-0.7,-0.099,5.21,5.55
6100.0,-0.7,-0.7,-0.1139,5.11,5.45
6101.0,-0.7,-0.7,-0.1161,5.06,5.4
6102.0,-0.7,-0.7,-0.1339,4.94,5.28
6103.0,-0.7,-0.7,-0.1466,4.85,5.19
6104.0,-0.7,-0.7,-0.1603,4.75,5.09
6105.0,-0.7,-0.7,-0.1712,4.66,5.0
6106.0,-0.7,-0.7,-0.1705,4.62,4.96
6107.0,-0.7,-0.7,-0.1847,4.52,4.86
6108.0,-0.7,-0.7,-0.1992,4.42,4.76
6109.0,-0.7,-0.7,-0.2071,4.35,4.69
6110.0,-0.7,-0.7,-0.2351,4.19,4.53
6112.0,-0.7,-0.7,-0.2307,4.16,4.5
6113.0,-0.7,-0.7,-0.2423,4.07,4.41
6114.0,-0.7,-0.7,-0.2503,4.0,4.34
6115.0,-0.7,-0.7,-0.2597,3.92,4.26
6116.0,-0.7,-0.7,-0.2786,3.8,4.14
6117.0,-0.7,-0.7,-0.2808,3.75,4.09
6118.0,-0.7,-0.7,-0.2909,3.67,4.01
6119.0,-0.7,-0.7,-0.3026,3.58,3.92
6120.0,-0.7,-0.7,-0.2978,3.56,3.9
6121.0,-0.7,-0.7,-0.3185,3.44,3.78
6123.0,-0.7,-0.7,-0.3171,3.41,3.75
6124.0,-0.7,-0.7,-0.3047,3.43,3.77
6125.0,-0.7,-0.7,-0.3472,3.22,3.56
6126.0,-0.7,-0.7,-0.357,3.14,3.48
6127.0,-0.7,-0.7,-0.3686,3.06,3.4
6128.0,-0.7,-0.7,-0.3649,3.03,3.37
6129.0,-0.7,-0.7,-0.3882,2.9,3.24
6130.0,-0.7,-0.7,-0.3849,2.88,3.22
6131.0,-0.7,-0.7,-0.3954,2.8,3.14
6132.0,-0.7,-0.7,-0.4143,2.68,3.02
6134.0,-0.7,-0.7,-0.4223,2.61,2.95
6135.0,-0.7,-0.7,-0.4259,2.56,2.9
6136.0,-0.7,-0.7,-0.4284,2.51,2.85
6137.0,-0.7,-0.7,-0.4429,2.42,2.76
6138.0,-0.7,-0.7,-0.4332,2.43,2.77
6139.0,-0.7,-0.7,-0.4564,2.3,2.64
6140.0,-0.7,-0.7,-0.4698,2.21,2.55
6141.0,-0.7,-0.7,-0.4709,2.17,2.51
6142.0,-0.7,-0.7,-0.4781,2.11,2.45
6143.0,-0.7,-0.7,-0.4854,2.05,2.39
6144.0,-0.7,-0.7,-0.4959,1.97,2.31
6146.0,-0.7,-0.7,-0.5014,1.92,2.26
6147.0,-0.7,-0.7,-0.5006,1.89,2.23
6148.0,-0.7,-0.7,-0.5126,1.81,2.15
6149.0,-0.7,-0.7,-0.5246,1.73,2.07
6150.0,-0.7,-0.7,-0.5253,1.7,2.04
6151.0,-0.7,-0.7,-0.5333,1.64,1.98
6152.0,-0.7,-0.7,-0.5347,1.6,1.94
6153.0,-0.7,-0.7,-0.5449,1.53,1.87
6154.0,-0.7,-0.7,-0.5612,1.44,1.78
6155.0,-0.7,-0.7,-0.5554,1.43,1.77
6157.0,-0.7,-0.7,-0.5565,1.4,1.74
6158.0,-0.7,-0.7,-0.567,1.33,1.67
6159.0,-0.7,-0.7,-0.5739,1.28,1.62
6160.0,-0.7,-0.7,-0.5696,1.27,1.61
6161.0,-0.7,-0.7,-0.5783,1.21,1.55
6162.0,-0.7,-0.7,-0.5899,1.14,1.48
6163.0,-0.7,-0.7,-0.6109,1.03,1.37
6164.0,-0.7,-0.7,-0.6015,1.04,1.38
6165.0,-0.7,-0.7,-0.6124,0.97,1.31
6166.0,-0.7,-0.7,-0.6095,0.96,1.3
6167.0,-0.7,-0.7,-0.6087,0.94,1.28
6169.0,-0.7,-0.7,-0.6164,0.89,1.23
6170.0,-0.7,-0.7,-0.6138,0.88,1.22
6171.0,-0.7,-0.7,-0.6182,0.84,1.18
6172.0,-0.7,-0.7,-0.6258,0.8,1.14
6173.0,-0.7,-0.7,-0.6276,0.77,1.11
6174.0,-0.7,-0.7,-0.629,0.75,1.09
6175.0,-0.7,-0.7,-0.6385,0.69,1.03
6176.0,-0.7,-0.7,-0.6396,0.67,1.01
6177.0,-0.7,-0.7,-0.6425,0.64,0.98
6178.0,-0.7,-0.7,-0.6523,0.58,0.92
6180.0,-0.7,-0.7,-0.6472,0.58,0.92
6181.0,-0.7,-0.7,-0.6494,0.56,0.9
6182.0,-0.7,-0.7,-0.6566,0.52,0.86
6183.0,-0.7,-0.7,-0.6668,0.46,0.8
6184.0,-0.7,-0.7,-0.6987,0.31,0.65
6185.0,-0.7,-0.7,-0.6664,0.42,0.76
6186.0,-0.7,-0.7,-0.6726,0.38,0.72
6187.0,-0.7,-0.7,-0.674,0.36,0.7
6188.0,-0.7,-0.7,-0.6617,0.39,0.73
6189.0,-0.7,-0.7,-0.6816,0.3,0.64
6190.0,-0.7,-0.7,-0.6806,0.29,0.63
6192.0,-0.7,-0.7,-0.6878,0.25,0.59
6193.0,-0.7,-0.7,-0.6885,0.23,0.57
6194.0,-0.7,-0.7,-0.6867,0.23,0.57
6195.0,-0.7,-0.7,-0.6835,0.23,0.57
6196.0,-0.7,-0.7,-0.6849,0.22,0.56
6197.0,-0.7,-0.7,-0.6914,0.18,0.52
6198.0,-0.7,-0.7,-0.6911,0.17,0.51
6199.0,-0.7,-0.7,-0.6972,0.14,0.48
6200.0,-0.7,-0.7,-0.6842,0.18,0.52
6201.0,-0.7,-0.7,-0.7023,0.1,0.44
6202.0,-0.7,-0.7,-0.7031,0.09,0.43
6204.0,-0.7,-0.7,-0.7045,0.07,0.41
6205.0,-0.7,-0.7,-0.7092,0.04,0.38
6206.0,-0.7,-0.7,-0.7074,0.04,0.38
6207.0,-0.7,-0.7,-0.7049,0.04,0.38
6208.0,-0.7,-0.7,-0.7118,0.01,0.35
6209.0,-0.7,-0.7,-0.7103,0.0,0.34
6210.0,-0.7,-0.7,-0.7147,-0.02,-0.39
6211.0,-0.7,-0.7,-0.7154,-0.03,-0.4
6212.0,-0.7,-0.7,-0.7125,-0.03,-0.4
6213.0,-0.7,-0.7,-0.7107,-0.03,-0.4
6215.0,-0.7,-0.7,-0.7234,-0.09,-0.46
6216.0,-0.7,-0.7,-0.7176,-0.07,-0.44
6217.0,-0.7,-0.7,-0.7208,-0.09,-0.46
6218.0,-0.7,-0.7,-0.7168,-0.08,-0.45
6219.0,-0.7,-0.7,-0.7194,-0.1,-0.47
6220.0,-0.7,-0.7,-0.7212,-0.11,-0.48
6221.0,-0.7,-0.7,-0.7201,-0.11,-0.48
6222.0,-0.7,-0.7,-0.7157,-0.1,-0.47
6224.0,-0.7,-0.7,-0.7183,-0.11,-0.48
6225.0,-0.7,-0.7,-0.7154,-0.1,-0.47
6226.0,-0.7,-0.7,-0.7263,-0.15,-0.52
6227.0,-0.7,-0.7,-0.7205,-0.13,-0.5
6228.0,-0.7,-0.7,-0.7234,-0.14,-0.51
6229.0,-0.7,-0.7,-0.719,-0.13,-0.5
6230.0,-0.7,-0.7,-0.7183,-0.13,-0.5
6231.0,-0.7,-0.7,-0.7208,-0.14,-0.51
6233.0,-0.7,-0.7,-0.7212,-0.14,-0.51
6234.0,-0.7,-0.7,-0.7161,-0.12,-0.49
6235.0,-0.7,-0.7,-0.7187,-0.14,-0.51
6236.0,-0.7,-0.7,-0.7161,-0.13,-0.5
6237.0,-0.7,-0.7,-0.7176,-0.13,-0.5
6238.0,-0.7,-0.7,-0.7234,-0.16,-0.53
6239.0,-0.7,-0.7,-0.7277,-0.18,-0.55
6240.0,-0.7,-0.7,-0.719,-0.14,-0.51
6242.0,-0.7,-0.7,-0.7143,-0.13,-0.5
6243.0,-0.7,-0.7,-0.727,-0.18,-0.55
6244.0,-0.7,-0.7,-0.7176,-0.14,-0.51
6245.0,-0.7,-0.7,-0.7208,-0.15,-0.52
6246.0,-0.7,-0.7,-0.7197,-0.15,-0.52
6247.0,-0.7,-0.7,-0.719,-0.15,-0.52
6248.0,-0.7,-0.7,-0.7234,-0.17,-0.54
6249.0,-0.7,-0.7,-0.7187,-0.15,-0.52
6251.0,-0.7,-0.7,-0.7161,-0.14,-0.51
6252.0,-0.7,-0.7,-0.7132,-0.13,-0.5
6253.0,-0.7,-0.7,-0.715,-0.13,-0.5
6254.0,-0.7,-0.7,-0.711,-0.11,-0.48
6255.0,-0.7,-0.7,-0.7154,-0.13,-0.5
6256.0,-0.7,-0.7,-0.7157,-0.13,-0.5
6257.0,-0.7,-0.7,-0.7139,-0.12,-0.49
6258.0,-0.7,-0.7,-0.7154,-0.13,-0.5
6260.0,-0.7,-0.7,-0.7045,-0.08,-0.45
6261.0,-0.7,-0.7,-0.7081,-0.09,-0.46
6262.0,-0.7,-0.7,-0.7089,-0.09,-0.46
6263.0,-0.7,-0.7,-0.7081,-0.09,-0.46
6264.0,-0.7,-0.7,-0.7103,-0.09,-0.46
6265.0,-0.7,-0.7,-0.7041,-0.07,-0.44
6266.0,-0.7,-0.7,-0.7092,-0.09,-0.46
6267.0,-0.7,-0.7,-0.7031,-0.06,-0.43
6269.0,-0.7,-0.7,-0.6965,-0.03,-0.4
6270.0,-0.7,-0.7,-0.7074,-0.07,-0.44
6271.0,-0.7,-0.7,-0.7016,-0.04,-0.41
6272.0,-0.7,-0.7,-0.7081,-0.07,-0.44
6273.0,-0.7,-0.7,-0.7074,-0.06,-0.43
6274.0,-0.7,-0.7,-0.702,-0.04,-0.41
6275.0,-0.7,-0.7,-0.7023,-0.04,-0.41
6276.0,-0.7,-0.7,-0.7031,-0.04,-0.41
6278.0,-0.7,-0.7,-0.706,-0.05,-0.42
6279.0,-0.7,-0.7,-0.7031,-0.04,-0.41
6280.0,-0.7,-0.7,-0.6994,-0.02,-0.39
6281.0,-0.7,-0.7,-0.6994,-0.02,-0.39
6282.0,-0.7,-0.7,-0.7009,-0.02,-0.39
6283.0,-0.7,-0.7,-0.6947,0.0,0.34
6284.0,-0.7,-0.7,-0.7611,-0.27,-0.64
6285.0,-0.7,-0.7,-0.6958,-0.02,-0.39
6287.0,-0.7,-0.7,-0.7031,-0.04,-0.41
6288.0,-0.7,-0.7,-0.6958,-0.01,-0.38
6289.0,-0.7,-0.7,-0.6885,0.02,0.36
6290.0,-0.7,-0.7,-0.6965,-0.0,-0.37
6291.0,-0.7,-0.7,-0.6954,0.0,0.34
6292.0,-0.7,-0.7,-0.6987,-0.01,-0.38
6293.0,-0.7,-0.7,-0.6958,0.01,0.35
6294.0,-0.7,-0.7,-0.6762,0.09,0.43
6295.0,-0.7,-0.7,-0.6904,0.04,0.38
6296.0,-0.7,-0.7,-0.6943,0.03,0.37
6298.0,-0.7,-0.7,-0.682,0.08,0.42
6299.0,-0.7,-0.7,-0.6922,0.04,0.38
6300.0,-0.7,-0.7,-0.6951,0.03,0.37
6301.0,-0.7,-0.7,-0.6914,0.05,0.39
6302.0,-0.7,-0.7,-0.6904,0.05,0.39
6303.0,-0.7,-0.7,-0.702,0.01,0.35
6304.0,-0.7,-0.7,-0.682,0.09,0.43
6305.0,-0.7,-0.7,-0.6936,0.05,0.39
6306.0,-0.7,-0.7,-0.6929,0.05,0.39
6307.0,-0.7,-0.7,-0.6943,0.04,0.38
6309.0,-0.7,-0.7,-0.6878,0.07,0.41
6310.0,-0.7,-0.7,-0.694,0.05,0.39
6311.0,-0.7,-0.7,-0.6936,0.05,0.39
6312.0,-0.7,-0.7,-0.6943,0.05,0.39
6313.0,-0.7,-0.7,-0.6889,0.07,0.41
6314.0,-0.7,-0.7,-0.6922,0.06,0.4
6315.0,-0.7,-0.7,-0.6914,0.06,0.4
6316.0,-0.7,-0.7,-0.6936,0.05,0.39
6317.0,-0.7,-0.7,-0.6544,0.21,0.55
6318.0,-0.7,-0.7,-0.6983,0.05,0.39
6319.0,-0.7,-0.7,-0.6914,0.07,0.41
6321.0,-0.7,-0.7,-0.6936,0.06,0.4
6322.0,-0.7,-0.7,-0.6929,0.06,0.4
6323.0,-0.7,-0.7,-0.7027,0.02,0.36
6324.0,-0.7,-0.7,-0.6943,0.05,0.39
6325.0,-0.7,-0.7,-0.6943,0.05,0.39
6326.0,-0.7,-0.7,-0.6998,0.03,0.37
6327.0,-0.7,-0.7,-0.6914,0.06,0.4
6328.0,-0.7,-0.7,-0.6972,0.04,0.38
6329.0,-0.7,-0.7,-0.6925,0.06,0.4
6330.0,-0.7,-0.7,-0.707,-0.0,-0.37
6331.0,-0.7,-0.7,-0.6965,0.03,0.37
6333.0,-0.7,-0.7,-0.6983,0.03,0.37
6334.0,-0.7,-0.7,-0.6864,0.07,0.41
6335.0,-0.7,-0.7,-0.6958,0.04,0.38
6336.0,-0.7,-0.7,-0.7002,0.02,0.36
6337.0,-0.7,-0.7,-0.6943,0.04,0.38
6338.0,-0.7,-0.7,-0.6943,0.04,0.38
6339.0,-0.7,-0.7,-0.6965,0.03,0.37
6340.0,-0.7,-0.7,-0.7023,0.01,0.35
6341.0,-0.7,-0.7,-0.7009,0.01,0.35
6342.0,-0.7,-0.7,-0.7081,-0.02,-0.39
6343.0,-0.7,-0.7,-0.6983,0.02,0.36
6345.0,-0.7,-0.7,-0.7223,-0.08,-0.45
6346.0,-0.7,-0.7,-0.7023,-0.01,-0.38
6347.0,-0.7,-0.7,-0.7056,-0.02,-0.39
6348.0,-0.7,-0.7,-0.7103,-0.04,-0.41
6349.0,-0.7,-0.7,-0.7034,-0.02,-0.39
6350.0,-0.7,-0.7,-0.7045,-0.02,-0.39
6351.0,-0.7,-0.7,-0.706,-0.03,-0.4
6352.0,-0.7,-0.7,-0.6929,0.02,0.36
6353.0,-0.7,-0.7,-0.7016,-0.01,-0.38
6355.0,-0.7,-0.7,-0.7089,-0.04,-0.41
6356.0,-0.7,-0.7,-0.7023,-0.02,-0.39
6357.0,-0.7,-0.7,-0.7139,-0.06,-0.43
6358.0,-0.7,-0.7,-0.7031,-0.02,-0.39
6359.0,-0.7,-0.7,-0.7038,-0.03,-0.4
6360.0,-0.7,-0.7,-0.7081,-0.05,-0.42
6361.0,-0.7,-0.7,-0.6943,0.01,0.35
6362.0,-0.7,-0.7,-0.706,-0.03,-0.4
6363.0,-0.7,-0.7,-0.7045,-0.03,-0.4
6365.0,-0.7,-0.7,-0.7099,-0.05,-0.42
6366.0,-0.7,-0.7,-0.7081,-0.05,-0.42
6367.0,-0.7,-0.7,-0.7067,-0.04,-0.41
6368.0,-0.7,-0.7,-0.7074,-0.05,-0.42
6369.0,-0.7,-0.7,-0.7016,-0.02,-0.39
6370.0,-0.7,-0.7,-0.7052,-0.04,-0.41
6371.0,-0.7,-0.7,-0.702,-0.02,-0.39
6372.0,-0.7,-0.7,-0.7078,-0.05,-0.42
6374.0,-0.7,-0.7,-0.7009,-0.02,-0.39
6375.0,-0.7,-0.7,-0.7041,-0.03,-0.4
6376.0,-0.7,-0.7,-0.7107,-0.06,-0.43
6377.0,-0.7,-0.7,-0.7031,-0.03,-0.4
6378.0,-0.7,-0.7,-0.7041,-0.03,-0.4
6379.0,-0.7,-0.7,-0.6972,-0.01,-0.38
6380.0,-0.7,-0.7,-0.7023,-0.02,-0.39
6381.0,-0.7,-0.7,-0.6987,-0.01,-0.38
6383.0,-0.7,-0.7,-0.698,-0.0,-0.37
6384.0,-0.7,-0.7,-0.6965,0.0,0.34
6385.0,-0.7,-0.7,-0.6994,-0.01,-0.38
6386.0,-0.7,-0.7,-0.7009,-0.01,-0.38
6387.0,-0.7,-0.7,-0.6885,0.04,0.38
6388.0,-0.7,-0.7,-0.6965,0.01,0.35
6389.0,-0.7,-0.7,-0.6936,0.03,0.37
6390.0,-0.7,-0.7,-0.719,-0.08,-0.45
6391.0,-0.7,-0.7,-0.6987,-0.0,-0.37
6393.0,-0.7,-0.7,-0.6867,0.05,0.39
6394.0,-0.7,-0.7,-0.6965,0.01,0.35
6395.0,-0.7,-0.7,-0.6922,0.03,0.37
6396.0,-0.7,-0.7,-0.6994,0.01,0.35
6397.0,-0.7,-0.7,-0.6972,0.02,0.36
6398.0,-0.7,-0.7,-0.698,0.01,0.35
6399.0,-0.7,-0.7,-0.6954,0.02,0.36
6400.0,-0.7,-0.7,-0.6943,0.03,0.37
6401.0,-0.7,-0.7,-0.6943,0.03,0.37
6402.0,-0.7,-0.7,-0.6907,0.05,0.39
6404.0,-0.7,-0.7,-0.7023,0.0,0.34
6405.0,-0.7,-0.7,-0.6943,0.03,0.37
6406.0,-0.7,-0.7,-0.6849,0.07,0.41
6407.0,-0.7,-0.7,-0.6787,0.1,0.44
6408.0,-0.7,-0.7,-0.6954,0.04,0.38
6409.0,-0.7,-0.7,-0.6965,0.03,0.37
6410.0,-0.7,-0.7,-0.6994,0.02,0.36
6411.0,-0.7,-0.7,-0.6943,0.04,0.38
6412.0,-0.7,-0.7,-0.698,0.03,0.37
6413.0,-0.7,-0.7,-0.6958,0.03,0.37
6414.0,-0.7,-0.7,-0.6965,0.03,0.37
6416.0,-0.7,-0.7,-0.6922,0.05,0.39
6417.0,-0.7,-0.7,-0.6954,0.04,0.38
6418.0,-0.7,-0.7,-0.7074,-0.01,-0.38
6419.0,-0.7,-0.7,-0.6994,0.02,0.36
6420.0,-0.7,-0.7,-0.6958,0.03,0.37
6421.0,-0.7,-0.7,-0.6972,0.02,0.36
6422.0,-0.7,-0.7,-0.6893,0.06,0.4
6423.0,-0.7,-0.7,-0.6991,0.02,0.36
6424.0,-0.7,-0.7,-0.6998,0.02,0.36
6425.0,-0.7,-0.7,-0.7132,-0.04,-0.41
6426.0,-0.7,-0.7,-0.6965,0.02,0.36
6428.0,-0.7,-0.7,-0.7041,-0.01,-0.38
6429.0,-0.7,-0.7,-0.7012,0.0,0.34
6430.0,-0.7,-0.7,-0.6987,0.01,0.35
6431.0,-0.7,-0.7,-0.7096,-0.03,-0.4
6432.0,-0.7,-0.7,-0.702,-0.01,-0.38
6433.0,-0.7,-0.7,-0.7089,-0.04,-0.41
6434.0,-0.7,-0.7,-0.7002,-0.0,-0.37
6435.0,-0.7,-0.7,-0.6646,0.14,0.48
6436.0,-0.7,-0.7,-0.6987,0.02,0.36
6438.0,-0.7,-0.7,-0.6987,0.01,0.35
6439.0,-0.7,-0.7,-0.7023,-0.0,-0.37
6440.0,-0.7,-0.7,-0.7023,-0.0,-0.37
6441.0,-0.7,-0.7,-0.7052,-0.02,-0.39
6442.0,-0.7,-0.7,-0.7031,-0.01,-0.38
6443.0,-0.7,-0.7,-0.6954,0.02,0.36
6444.0,-0.7,-0.7,-0.7016,-0.0,-0.37
6445.0,-0.7,-0.7,-0.7002,0.0,0.34
6446.0,-0.7,-0.7,-0.7016,-0.0,-0.37
6447.0,-0.7,-0.7,-0.7081,-0.03,-0.4
6449.0,-0.7,-0.7,-0.7023,-0.01,-0.38
6450.0,-0.7,-0.7,-0.6994,0.0,0.34
6451.0,-0.7,-0.7,-0.7002,-0.0,-0.37
6452.0,-0.7,-0.7,-0.6983,0.01,0.35
6453.0,-0.7,-0.7,-0.7002,-0.0,-0.37
6454.0,-0.7,-0.7,-0.6983,0.01,0.35
6455.0,-0.7,-0.7,-0.6994,0.0,0.34
6456.0,-0.7,-0.7,-0.6972,0.01,0.35
6457.0,-0.7,-0.7,-0.7041,-0.02,-0.39
6459.0,-0.7,-0.7,-0.6976,0.01,0.35
6460.0,-0.7,-0.7,-0.7009,-0.0,-0.37
6461.0,-0.7,-0.7,-0.6914,0.04,0.38
6462.0,-0.7,-0.7,-0.6994,0.01,0.35
6463.0,-0.7,-0.7,-0.7081,-0.03,-0.4
6464.0,-0.7,-0.7,-0.7009,-0.0,-0.37
6465.0,-0.7,-0.7,-0.7089,-0.04,-0.41
6466.0,-0.7,-0.7,-0.6965,0.01,0.35
6467.0,-0.7,-0.7,-0.6991,0.0,0.34
6468.0,-0.7,-0.7,-0.6943,0.02,0.36
6470.0,-0.7,-0.7,-0.6943,0.02,0.36
6471.0,-0.7,-0.7,-0.7067,-0.03,-0.4
6472.0,-0.7,-0.7,-0.6998,0.0,0.34
6473.0,-0.7,-0.7,-0.7081,-0.03,-0.4
6474.0,-0.7,-0.7,-0.7002,-0.0,-0.37
6475.0,-0.7,-0.7,-0.7023,-0.01,-0.38
6476.0,-0.7,-0.7,-0.6998,-0.0,-0.37
6477.0,-0.7,-0.7,-0.7063,-0.03,-0.4
6478.0,-0.7,-0.7,-0.7038,-0.02,-0.39
6479.0,-0.7,-0.7,-0.706,-0.03,-0.4
6481.0,-0.7,-0.7,-0.6936,0.02,0.36
6482.0,-0.7,-0.7,-0.7023,-0.01,-0.38
6483.0,-0.7,-0.7,-0.6791,0.08,0.42
6484.0,-0.7,-0.7,-0.6878,0.05,0.39
6485.0,-0.7,-0.7,-0.6991,0.01,0.35
6486.0,-0.7,-0.7,-0.7081,-0.03,-0.4
6487.0,-0.7,-0.7,-0.7002,0.0,0.34
6488.0,-0.7,-0.7,-0.7002,0.0,0.34
6489.0,-0.7,-0.7,-0.7089,-0.03,-0.4
6490.0,-0.7,-0.7,-0.6987,0.0,0.34
6492.0,-0.7,-0.7,-0.6965,0.01,0.35
6493.0,-0.7,-0.7,-0.6925,0.03,0.37
6494.0,-0.7,-0.7,-0.7034,-0.01,-0.38
6495.0,-0.7,-0.7,-0.7023,-0.01,-0.38
6496.0,-0.7,-0.7,-0.7067,-0.03,-0.4
6497.0,-0.7,-0.7,-0.6965,0.01,0.35
6498.0,-0.7,-0.7,-0.7016,-0.01,-0.38
6499.0,-0.7,-0.7,-0.7005,-0.0,-0.37
6500.0,-0.7,-0.7,-0.7012,-0.01,-0.38
6501.0,-0.7,-0.7,-0.6987,0.0,0.34
6503.0,-0.7,-0.7,-0.6991,0.0,0.34
6504.0,-0.7,-0.7,-0.6962,0.02,0.36
6505.0,-0.7,-0.7,-0.6987,0.01,0.35
6506.0,-0.7,-0.7,-0.7002,0.0,0.34
6507.0,-0.7,-0.7,-0.6994,0.0,0.34
6508.0,-0.7,-0.7,-0.7085,-0.03,-0.4
6509.0,-0.7,-0.7,-0.7009,-0.01,-0.38
6510.0,-0.7,-0.7,-0.6965,0.01,0.35
6511.0,-0.7,-0.7,-0.7005,-0.0,-0.37
6513.0,-0.7,-0.7,-0.6951,0.02,0.36
6514.0,-0.7,-0.7,-0.7023,-0.01,-0.38
6515.0,-0.7,-0.7,-0.702,-0.01,-0.38
6516.0,-0.7,-0.7,-0.7081,-0.03,-0.4
6517.0,-0.7,-0.7,-0.7009,-0.01,-0.38
6518.0,-0.7,-0.7,-0.7009,-0.01,-0.38
6519.0,-0.7,-0.7,-0.7052,-0.02,-0.39
6520.0,-0.7,-0.7,-0.7041,-0.02,-0.39
6521.0,-0.7,-0.7,-0.6994,-0.0,-0.37
6523.0,-0.7,-0.7,-0.6875,0.05,0.39
6524.0,-0.7,-0.7,-0.7052,-0.02,-0.39
6525.0,-0.7,-0.7,-0.698,0.01,0.35
6526.0,-0.7,-0.7,-0.7034,-0.02,-0.39
6527.0,-0.7,-0.7,-0.7012,-0.01,-0.38
6528.0,-0.7,-0.7,-0.6987,0.0,0.34
6529.0,-0.7,-0.7,-0.707,-0.03,-0.4
6530.0,-0.7,-0.7,-0.6958,0.01,0.35
6531.0,-0.7,-0.7,-0.7002,-0.0,-0.37
6533.0,-0.7,-0.7,-0.7052,-0.02,-0.39
6534.0,-0.7,-0.7,-0.6885,0.04,0.38
6535.0,-0.7,-0.7,-0.698,0.01,0.35
6536.0,-0.7,-0.7,-0.698,0.01,0.35
6537.0,-0.7,-0.7,-0.6729,0.11,0.45
6538.0,-0.7,-0.7,-0.7016,0.0,0.34
6539.0,-0.7,-0.7,-0.6987,0.01,0.35
6540.0,-0.7,-0.7,-0.6994,0.01,0.35
6541.0,-0.7,-0.7,-0.7038,-0.01,-0.38
6542.0,-0.7,-0.7,-0.7074,-0.02,-0.39
6543.0,-0.7,-0.7,-0.7038,-0.01,-0.38
6545.0,-0.7,-0.7,-0.7031,-0.01,-0.38
6546.0,-0.7,-0.7,-0.6965,0.01,0.35
6547.0,-0.7,-0.7,-0.7038,-0.01,-0.38
6548.0,-0.7,-0.7,-0.7052,-0.02,-0.39
6549.0,-0.7,-0.7,-0.6976,0.01,0.35
6550.0,-0.7,-0.7,-0.7016,-0.01,-0.38
6551.0,-0.7,-0.7,-0.7009,-0.0,-0.37
6552.0,-0.7,-0.7,-0.7023,-0.01,-0.38
6554.0,-0.7,-0.7,-0.7041,-0.02,-0.39
6555.0,-0.7,-0.7,-0.7016,-0.01,-0.38
6556.0,-0.7,-0.7,-0.7041,-0.02,-0.39
6557.0,-0.7,-0.7,-0.706,-0.03,-0.4
6558.0,-0.7,-0.7,-0.698,0.0,0.34
6559.0,-0.7,-0.7,-0.7016,-0.01,-0.38
6560.0,-0.7,-0.7,-0.7002,-0.01,-0.38
6561.0,-0.7,-0.7,-0.6943,0.02,0.36
6562.0,-0.7,-0.7,-0.6972,0.01,0.35
6564.0,-0.7,-0.7,-0.6922,0.03,0.37
6565.0,-0.7,-0.7,-0.6987,0.01,0.35
6566.0,-0.7,-0.7,-0.6972,0.01,0.35
6567.0,-0.7,-0.7,-0.7016,-0.0,-0.37
6568.0,-0.7,-0.7,-0.7103,-0.04,-0.41
6569.0,-0.7,-0.7,-0.7016,-0.01,-0.38
6570.0,-0.7,-0.7,-0.706,-0.03,-0.4
6571.0,-0.7,-0.7,-0.7016,-0.01,-0.38
6572.0,-0.7,-0.7,-0.6987,0.0,0.34
6574.0,-0.7,-0.7,-0.69,0.04,0.38
6575.0,-0.7,-0.7,-0.7023,-0.01,-0.38
6576.0,-0.7,-0.7,-0.6998,0.0,0.34
6577.0,-0.7,-0.7,-0.698,0.01,0.35
6578.0,-0.7,-0.7,-0.6994,0.0,0.34
6579.0,-0.7,-0.7,-0.7027,-0.01,-0.38
6580.0,-0.7,-0.7,-0.7023,-0.01,-0.38
6581.0,-0.7,-0.7,-0.6983,0.01,0.35
6582.0,-0.7,-0.7,-0.702,-0.01,-0.38
6583.0,-0.7,-0.7,-0.6806,0.08,0.42
6585.0,-0.7,-0.7,-0.7009,0.0,0.34
6586.0,-0.7,-0.7,-0.7016,-0.0,-0.37
6587.0,-0.7,-0.7,-0.6965,0.02,0.36
6588.0,-0.7,-0.7,-0.7002,0.0,0.34
6589.0,-0.7,-0.7,-0.698,0.01,0.35
6590.0,-0.7,-0.7,-0.6994,0.01,0.35
6591.0,-0.7,-0.7,-0.7052,-0.02,-0.39
6592.0,-0.7,-0.7,-0.7016,-0.0,-0.37
6593.0,-0.7,-0.7,-0.6965,0.02,0.36
6594.0,-0.7,-0.7,-0.7049,-0.02,-0.39
6596.0,-0.7,-0.7,-0.6965,0.01,0.35
6597.0,-0.7,-0.7,-0.6987,0.01,0.35
6598.0,-0.7,-0.7,-0.6987,0.01,0.35
6599.0,-0.7,-0.7,-0.6856,0.06,0.4
6600.0,-0.7,-0.7,-0.6965,0.02,0.36
6601.0,-0.7,-0.7,-0.6994,0.01,0.35
6602.0,-0.7,-0.7,-0.6969,0.02,0.36
6603.0,-0.7,-0.7,-0.698,0.02,0.36
6604.0,-0.7,-0.7,-0.7031,-0.01,-0.38
6605.0,-0.7,-0.7,-0.6958,0.02,0.36
6606.0,-0.7,-0.7,-0.6965,0.02,0.36
6608.0,-0.7,-0.7,-0.6987,0.01,0.35
6609.0,-0.7,-0.7,-0.6987,0.01,0.35
6610.0,-0.7,-0.7,-0.7023,-0.0,-0.37
6611.0,-0.7,-0.7,-0.702,-0.0,-0.37
6612.0,-0.7,-0.7,-0.7009,0.0,0.34
6613.0,-0.7,-0.7,-0.6987,0.01,0.35
6614.0,-0.7,-0.7,-0.6983,0.01,0.35
6615.0,-0.7,-0.7,-0.6976,0.01,0.35
6616.0,-0.7,-0.7,-0.7063,-0.02,-0.39
6617.0,-0.7,-0.7,-0.7012,-0.0,-0.37
6619.0,-0.7,-0.7,-0.6994,0.0,0.34
6620.0,-0.7,-0.7,-0.6907,0.04,0.38
6621.0,-0.7,-0.7,-0.6784,0.09,0.43
6622.0,-0.7,-0.7,-0.7023,0.0,0.34
6623.0,-0.7,-0.7,-0.6983,0.02,0.36
6624.0,-0.7,-0.7,-0.6994,0.01,0.35
6625.0,-0.7,-0.7,-0.6994,0.01,0.35
6626.0,-0.7,-0.7,-0.7099,-0.03,-0.4
6627.0,-0.7,-0.7,-0.6947,0.03,0.37
6628.0,-0.7,-0.7,-0.7002,0.0,0.34
6629.0,-0.7,-0.7,-0.7049,-0.02,-0.39
6631.0,-0.7,-0.7,-0.6936,0.03,0.37
6632.0,-0.7,-0.7,-0.6969,0.02,0.36
6633.0,-0.7,-0.7,-0.7197,-0.08,-0.45
6634.0,-0.7,-0.7,-0.7092,-0.04,-0.41
6635.0,-0.7,-0.7,-0.7034,-0.02,-0.39
6636.0,-0.7,-0.7,-0.7081,-0.04,-0.41
6637.0,-0.7,-0.7,-0.6972,0.0,0.34
6638.0,-0.7,-0.7,-0.7012,-0.01,-0.38
6639.0,-0.7,-0.7,-0.6994,-0.0,-0.37
6641.0,-0.7,-0.7,-0.7041,-0.02,-0.39
6642.0,-0.7,-0.7,-0.6994,-0.0,-0.37
6643.0,-0.7,-0.7,-0.6914,0.03,0.37
6644.0,-0.7,-0.7,-0.7009,-0.01,-0.38
6645.0,-0.7,-0.7,-0.7002,-0.0,-0.37
6646.0,-0.7,-0.7,-0.6983,0.0,0.34
6647.0,-0.7,-0.7,-0.7012,-0.01,-0.38
6648.0,-0.7,-0.7,-0.7002,-0.0,-0.37
6649.0,-0.7,-0.7,-0.6994,0.0,0.34
6651.0,-0.7,-0.7,-0.7002,-0.0,-0.37
6652.0,-0.7,-0.7,-0.6965,0.01,0.35
6653.0,-0.7,-0.7,-0.7154,-0.06,-0.43
6654.0,-0.7,-0.7,-0.6954,0.01,0.35
6655.0,-0.7,-0.7,-0.7002,-0.0,-0.37
6656.0,-0.7,-0.7,-0.7005,-0.0,-0.37
6657.0,-0.7,-0.7,-0.6958,0.01,0.35
6658.0,-0.7,-0.7,-0.7005,-0.0,-0.37
6659.0,-0.7,-0.7,-0.7081,-0.03,-0.4
6661.0,-0.7,-0.7,-0.7038,-0.02,-0.39
6662.0,-0.7,-0.7,-0.694,0.02,0.36
6663.0,-0.7,-0.7,-0.6987,0.0,0.34
6664.0,-0.7,-0.7,-0.7085,-0.04,-0.41
6665.0,-0.7,-0.7,-0.6896,0.04,0.38
6666.0,-0.7,-0.7,-0.698,0.01,0.35
6667.0,-0.7,-0.7,-0.7009,-0.0,-0.37
6668.0,-0.7,-0.7,-0.6991,0.0,0.34
6669.0,-0.7,-0.7,-0.7045,-0.02,-0.39
6670.0,-0.7,-0.7,-0.7023,-0.01,-0.38
6672.0,-0.7,-0.7,-0.7038,-0.02,-0.39
6673.0,-0.7,-0.7,-0.7023,-0.01,-0.38
6674.0,-0.7,-0.7,-0.7002,-0.0,-0.37
6675.0,-0.7,-0.7,-0.7002,-0.0,-0.37
6676.0,-0.7,-0.7,-0.7023,-0.01,-0.38
6677.0,-0.7,-0.7,-0.702,-0.01,-0.38
6678.0,-0.7,-0.7,-0.6994,-0.0,-0.37
6679.0,-0.7,-0.7,-0.6922,0.03,0.37
6681.0,-0.7,-0.7,-0.6813,0.08,0.42
6682.0,-0.7,-0.7,-0.6922,0.04,0.38
6683.0,-0.7,-0.7,-0.6965,0.02,0.36
6684.0,-0.7,-0.7,-0.6951,0.03,0.37
6685.0,-0.7,-0.7,-0.6936,0.04,0.38
6686.0,-0.7,-0.7,-0.6976,0.02,0.36
6687.0,-0.7,-0.7,-0.702,0.0,0.34
6688.0,-0.7,-0.7,-0.7012,0.0,0.34
6689.0,-0.7,-0.7,-0.7125,-0.04,-0.41
6690.0,-0.7,-0.7,-0.6969,0.02,0.36
6691.0,-0.7,-0.7,-0.7012,-0.0,-0.37
6693.0,-0.7,-0.7,-0.6943,0.03,0.37
6694.0,-0.7,-0.7,-0.7045,-0.01,-0.38
6695.0,-0.7,-0.7,-0.69,0.04,0.38
6696.0,-0.7,-0.7,-0.706,-0.02,-0.39
6697.0,-0.7,-0.7,-0.6994,0.01,0.35
6698.0,-0.7,-0.7,-0.6958,0.02,0.36
6699.0,-0.7,-0.7,-0.7027,-0.01,-0.38
6700.0,-0.7,-0.7,-0.6972,0.01,0.35
6701.0,-0.7,-0.7,-0.6965,0.02,0.36
6702.0,-0.7,-0.7,-0.7016,-0.0,-0.37
6704.0,-0.7,-0.7,-0.6958,0.02,0.36
6705.0,-0.7,-0.7,-0.7012,-0.0,-0.37
6706.0,-0.7,-0.7,-0.6976,0.01,0.35
6707.0,-0.7,-0.7,-0.7002,0.0,0.34
6708.0,-0.7,-0.7,-0.6954,0.02,0.36
6709.0,-0.7,-0.7,-0.6976,0.01,0.35
6710.0,-0.7,-0.7,-0.6994,0.01,0.35
6711.0,-0.7,-0.7,-0.6987,0.01,0.35
6712.0,-0.7,-0.7,-0.7002,0.0,0.34
6713.0,-0.7,-0.7,-0.7012,-0.0,-0.37
6715.0,-0.7,-0.7,-0.6994,0.01,0.35
6716.0,-0.7,-0.7,-0.6936,0.03,0.37
6717.0,-0.7,-0.7,-0.6994,0.01,0.35
6718.0,-0.7,-0.7,-0.6994,0.01,0.35
6719.0,-0.7,-0.7,-0.6893,0.05,0.39
6720.0,-0.7,-0.7,-0.7038,-0.01,-0.38
6721.0,-0.7,-0.7,-0.7031,-0.01,-0.38
6722.0,-0.7,-0.7,-0.7009,0.0,0.34
6723.0,-0.7,-0.7,-0.7012,-0.0,-0.37
6724.0,-0.7,-0.7,-0.7147,-0.06,-0.43
6726.0,-0.7,-0.7,-0.7002,-0.0,-0.37
6727.0,-0.7,-0.7,-0.7016,-0.01,-0.38
6728.0,-0.7,-0.7,-0.6991,0.0,0.34
6729.0,-0.7,-0.7,-0.6925,0.03,0.37
6730.0,-0.7,-0.7,-0.7009,-0.0,-0.37
6731.0,-0.7,-0.7,-0.7027,-0.01,-0.38
6732.0,-0.7,-0.7,-0.702,-0.01,-0.38
6733.0,-0.7,-0.7,-0.6987,0.0,0.34
6734.0,-0.7,-0.7,-0.6929,0.03,0.37
6735.0,-0.7,-0.7,-0.7031,-0.01,-0.38
6737.0,-0.7,-0.7,-0.7089,-0.04,-0.41
6738.0,-0.7,-0.7,-0.6907,0.04,0.38
6739.0,-0.7,-0.7,-0.7016,-0.01,-0.38
6740.0,-0.7,-0.7,-0.698,0.01,0.35
6741.0,-0.7,-0.7,-0.6987,0.01,0.35
6742.0,-0.7,-0.7,-0.7031,-0.01,-0.38
6743.0,-0.7,-0.7,-0.7038,-0.02,-0.39
6744.0,-0.7,-0.7,-0.6994,0.0,0.34
6745.0,-0.7,-0.7,-0.6943,0.02,0.36
6747.0,-0.7,-0.7,-0.698,0.01,0.35
6748.0,-0.7,-0.7,-0.7016,-0.0,-0.37
6749.0,-0.7,-0.7,-0.7197,-0.08,-0.45
6750.0,-0.7,-0.7,-0.6929,0.02,0.36
6751.0,-0.7,-0.7,-0.7023,-0.01,-0.38
6752.0,-0.7,-0.7,-0.7052,-0.02,-0.39
6753.0,-0.7,-0.7,-0.6748,0.1,0.44
6754.0,-0.7,-0.7,-0.6893,0.05,0.39
6755.0,-0.7,-0.7,-0.6972,0.02,0.36
6756.0,-0.7,-0.7,-0.7012,0.0,0.34
6758.0,-0.7,-0.7,-0.7009,0.0,0.34
6759.0,-0.7,-0.7,-0.6994,0.01,0.35
6760.0,-0.7,-0.7,-0.7009,0.0,0.34
6761.0,-0.7,-0.7,-0.7038,-0.01,-0.38
6762.0,-0.7,-0.7,-0.7012,-0.0,-0.37
6763.0,-0.7,-0.7,-0.7012,-0.0,-0.37
6764.0,-0.7,-0.7,-0.7023,-0.01,-0.38
6765.0,-0.7,-0.7,-0.7012,-0.0,-0.37
6766.0,-0.7,-0.7,-0.6998,0.0,0.34
6768.0,-0.7,-0.7,-0.6617,0.16,0.5
6769.0,-0.7,-0.7,-0.7023,0.0,0.34
6770.0,-0.7,-0.7,-0.6951,0.03,0.37
6771.0,-0.7,-0.7,-0.69,0.05,0.39
6772.0,-0.7,-0.7,-0.6983,0.02,0.36
6773.0,-0.7,-0.7,-0.7012,0.01,0.35
6774.0,-0.7,-0.7,-0.7002,0.01,0.35
6775.0,-0.7,-0.7,-0.7041,-0.01,-0.38
6776.0,-0.7,-0.7,-0.6987,0.01,0.35
6777.0,-0.7,-0.7,-0.7205,-0.08,-0.45
6778.0,-0.7,-0.7,-0.6987,0.01,0.35
6780.0,-0.7,-0.7,-0.6904,0.04,0.38
6781.0,-0.7,-0.7,-0.706,-0.02,-0.39
6782.0,-0.7,-0.7,-0.7005,-0.0,-0.37
6783.0,-0.7,-0.7,-0.6954,0.02,0.36
6784.0,-0.7,-0.7,-0.7023,-0.01,-0.38
6785.0,-0.7,-0.7,-0.7052,-0.02,-0.39
6786.0,-0.7,-0.7,-0.7002,-0.0,-0.37
6787.0,-0.7,-0.7,-0.7045,-0.02,-0.39
6788.0,-0.7,-0.7,-0.7005,-0.0,-0.37
6790.0,-0.7,-0.7,-0.7045,-0.02,-0.39
6791.0,-0.7,-0.7,-0.7009,-0.01,-0.38
6792.0,-0.7,-0.7,-0.6983,0.0,0.34
6793.0,-0.7,-0.7,-0.7023,-0.01,-0.38
6794.0,-0.7,-0.7,-0.706,-0.03,-0.4
6795.0,-0.7,-0.7,-0.7041,-0.02,-0.39
6796.0,-0.7,-0.7,-0.7183,-0.08,-0.45
6797.0,-0.7,-0.7,-0.7045,-0.03,-0.4
6798.0,-0.7,-0.7,-0.7034,-0.03,-0.4
6800.0,-0.7,-0.7,-0.7023,-0.02,-0.39
6801.0,-0.7,-0.7,-0.6885,0.04,0.38
6802.0,-0.7,-0.7,-0.6925,0.02,0.36
6803.0,-0.7,-0.7,-0.7052,-0.03,-0.4
6804.0,-0.7,-0.7,-0.7034,-0.02,-0.39
6805.0,-0.7,-0.7,-0.7023,-0.02,-0.39
6806.0,-0.7,-0.7,-0.6983,0.0,0.34
6807.0,-0.7,-0.7,-0.6925,0.03,0.37
6808.0,-0.7,-0.7,-0.6907,0.04,0.38
6809.0,-0.7,-0.7,-0.7031,-0.01,-0.38
6811.0,-0.7,-0.7,-0.7016,-0.01,-0.38
6812.0,-0.7,-0.7,-0.6929,0.03,0.37
6813.0,-0.7,-0.7,-0.6972,0.01,0.35
6814.0,-0.7,-0.7,-0.7023,-0.01,-0.38
6815.0,-0.7,-0.7,-0.6994,0.0,0.34
6816.0,-0.7,-0.7,-0.7009,-0.0,-0.37
6817.0,-0.7,-0.7,-0.6994,0.0,0.34
6818.0,-0.7,-0.7,-0.7009,-0.0,-0.37
6819.0,-0.7,-0.7,-0.6994,0.0,0.34
6821.0,-0.7,-0.7,-0.7128,-0.05,-0.42
6822.0,-0.7,-0.7,-0.702,-0.01,-0.38
6823.0,-0.7,-0.7,-0.674,0.1,0.44
6824.0,-0.7,-0.7,-0.6914,0.04,0.38
6825.0,-0.7,-0.7,-0.6983,0.01,0.35
6826.0,-0.7,-0.7,-0.6936,0.03,0.37
6827.0,-0.7,-0.7,-0.7005,0.01,0.35
6828.0,-0.7,-0.7,-0.7016,0.0,0.34
6829.0,-0.7,-0.7,-0.7012,0.0,0.34
6830.0,-0.7,-0.7,-0.6958,0.02,0.36
6831.0,-0.7,-0.7,-0.6965,0.02,0.36
6833.0,-0.7,-0.7,-0.698,0.02,0.36
6834.0,-0.7,-0.7,-0.6987,0.01,0.35
6835.0,-0.7,-0.7,-0.6958,0.02,0.36
6836.0,-0.7,-0.7,-0.6878,0.06,0.4
6837.0,-0.7,-0.7,-0.7016,0.0,0.34
6838.0,-0.7,-0.7,-0.6991,0.01,0.35
6839.0,-0.7,-0.7,-0.7012,0.0,0.34
6840.0,-0.7,-0.7,-0.7183,-0.07,-0.44
6841.0,-0.7,-0.7,-0.7016,-0.01,-0.38
6842.0,-0.7,-0.7,-0.7031,-0.01,-0.38
6844.0,-0.7,-0.7,-0.7038,-0.02,-0.39
6845.0,-0.7,-0.7,-0.7009,-0.01,-0.38
6846.0,-0.7,-0.7,-0.7045,-0.02,-0.39
6847.0,-0.7,-0.7,-0.6864,0.05,0.39
6848.0,-0.7,-0.7,-0.6943,0.02,0.36
6849.0,-0.7,-0.7,-0.7085,-0.03,-0.4
6850.0,-0.7,-0.7,-0.7005,-0.0,-0.37
6851.0,-0.7,-0.7,-0.7027,-0.01,-0.38
6853.0,-0.7,-0.7,-0.6951,0.02,0.36
6854.0,-0.7,-0.7,-0.6987,0.01,0.35
6855.0,-0.7,-0.7,-0.7012,-0.0,-0.37
6856.0,-0.7,-0.7,-0.7009,-0.0,-0.37
6857.0,-0.7,-0.7,-0.7027,-0.01,-0.38
6858.0,-0.7,-0.7,-0.7005,-0.0,-0.37
6859.0,-0.7,-0.7,-0.7009,-0.0,-0.37
6860.0,-0.7,-0.7,-0.7038,-0.02,-0.39
6861.0,-0.7,-0.7,-0.7023,-0.01,-0.38
6863.0,-0.7,-0.7,-0.7016,-0.01,-0.38
6864.0,-0.7,-0.7,-0.6965,0.01,0.35
6865.0,-0.7,-0.7,-0.7023,-0.01,-0.38
6866.0,-0.7,-0.7,-0.7002,-0.0,-0.37
6867.0,-0.7,-0.7,-0.6994,0.0,0.34
6868.0,-0.7,-0.7,-0.7009,-0.01,-0.38
6869.0,-0.7,-0.7,-0.6983,0.01,0.35
6870.0,-0.7,-0.7,-0.6849,0.06,0.4
6871.0,-0.7,-0.7,-0.6987,0.01,0.35
6872.0,-0.7,-0.7,-0.7009,0.0,0.34
6874.0,-0.7,-0.7,-0.6994,0.01,0.35
6875.0,-0.7,-0.7,-0.6987,0.01,0.35
6876.0,-0.7,-0.7,-0.6983,0.01,0.35
6877.0,-0.7,-0.7,-0.7063,-0.02,-0.39
6878.0,-0.7,-0.7,-0.7049,-0.02,-0.39
6879.0,-0.7,-0.7,-0.6922,0.03,0.37
6880.0,-0.7,-0.7,-0.6954,0.02,0.36
6881.0,-0.7,-0.7,-0.6943,0.03,0.37
6882.0,-0.7,-0.7,-0.7031,-0.01,-0.38
6883.0,-0.7,-0.7,-0.7081,-0.03,-0.4
6884.0,-0.7,-0.7,-0.6994,0.0,0.34
6886.0,-0.7,-0.7,-0.706,-0.02,-0.39
6887.0,-0.7,-0.7,-0.707,-0.03,-0.4
6888.0,-0.7,-0.7,-0.7016,-0.01,-0.38
6889.0,-0.7,-0.7,-0.7183,-0.08,-0.45
6890.0,-0.7,-0.7,-0.7016,-0.02,-0.39
6891.0,-0.7,-0.7,-0.7002,-0.01,-0.38
6892.0,-0.7,-0.7,-0.7005,-0.01,-0.38
6893.0,-0.7,-0.7,-0.7009,-0.01,-0.38
6895.0,-0.7,-0.7,-0.7063,-0.03,-0.4
6896.0,-0.7,-0.7,-0.7063,-0.04,-0.41
6897.0,-0.7,-0.7,-0.6976,-0.0,-0.37
6898.0,-0.7,-0.7,-0.6907,0.03,0.37
6899.0,-0.7,-0.7,-0.6965,0.01,0.35
6900.0,-0.7,-0.7,-0.7023,-0.01,-0.38
6901.0,-0.7,-0.7,-0.7089,-0.04,-0.41
6902.0,-0.7,-0.7,-0.702,-0.01,-0.38
6904.0,-0.7,-0.7,-0.69,0.03,0.37
6905.0,-0.7,-0.7,-0.7045,-0.02,-0.39
6906.0,-0.7,-0.7,-0.694,0.02,0.36
6907.0,-0.7,-0.7,-0.7132,-0.06,-0.43
6908.0,-0.7,-0.7,-0.6682,0.13,0.47
6909.0,-0.7,-0.7,-0.6987,0.01,0.35
6910.0,-0.7,-0.7,-0.6983,0.01,0.35
6911.0,-0.7,-0.7,-0.6972,0.02,0.36
6912.0,-0.7,-0.7,-0.694,0.03,0.37
6913.0,-0.7,-0.7,-0.7081,-0.03,-0.4
6915.0,-0.7,-0.7,-0.7012,-0.0,-0.37
6916.0,-0.7,-0.7,-0.694,0.03,0.37
6917.0,-0.7,-0.7,-0.7002,0.0,0.34
6918.0,-0.7,-0.7,-0.6907,0.04,0.38
6919.0,-0.7,-0.7,-0.6943,0.03,0.37
6920.0,-0.7,-0.7,-0.7002,0.01,0.35
6921.0,-0.7,-0.7,-0.7005,0.01,0.35
6922.0,-0.7,-0.7,-0.698,0.02,0.36
6923.0,-0.7,-0.7,-0.6994,0.01,0.35
6924.0,-0.7,-0.7,-0.7052,-0.02,-0.39
6925.0,-0.7,-0.7,-0.7002,0.0,0.34
6927.0,-0.7,-0.7,-0.6994,0.01,0.35
6928.0,-0.7,-0.7,-0.702,-0.0,-0.37
6929.0,-0.7,-0.7,-0.6994,0.0,0.34
6930.0,-0.7,-0.7,-0.6907,0.04,0.38
6931.0,-0.7,-0.7,-0.7052,-0.02,-0.39
6932.0,-0.7,-0.7,-0.6983,0.01,0.35
6933.0,-0.7,-0.7,-0.6994,0.01,0.35
6934.0,-0.7,-0.7,-0.6965,0.02,0.36
6935.0,-0.7,-0.7,-0.6885,0.05,0.39
6936.0,-0.7,-0.7,-0.6969,0.02,0.36
6938.0,-0.7,-0.7,-0.6925,0.04,0.38
6939.0,-0.7,-0.7,-0.6954,0.03,0.37
6940.0,-0.7,-0.7,-0.7027,-0.0,-0.37
6941.0,-0.7,-0.7,-0.6976,0.02,0.36
6942.0,-0.7,-0.7,-0.6914,0.04,0.38
6943.0,-0.7,-0.7,-0.6987,0.02,0.36
6944.0,-0.7,-0.7,-0.6987,0.02,0.36
6945.0,-0.7,-0.7,-0.6983,0.02,0.36
6946.0,-0.7,-0.7,-0.6994,0.01,0.35
6947.0,-0.7,-0.7,-0.711,-0.04,-0.41
6948.0,-0.7,-0.7,-0.7023,-0.01,-0.38
6950.0,-0.7,-0.7,-0.7009,-0.0,-0.37
6951.0,-0.7,-0.7,-0.7023,-0.01,-0.38
6952.0,-0.7,-0.7,-0.7081,-0.03,-0.4
6953.0,-0.7,-0.7,-0.7012,-0.01,-0.38
6954.0,-0.7,-0.7,-0.6943,0.02,0.36
6955.0,-0.7,-0.7,-0.7009,-0.0,-0.37
6956.0,-0.7,-0.7,-0.7005,-0.0,-0.37
6957.0,-0.7,-0.7,-0.7578,-0.24,-0.61
6959.0,-0.7,-0.7,-0.6983,-0.01,-0.38
6960.0,-0.7,-0.7,-0.7096,-0.06,-0.43
6961.0,-0.7,-0.7,-0.7023,-0.03,-0.4
6962.0,-0.7,-0.7,-0.7031,-0.03,-0.4
6963.0,-0.7,-0.7,-0.7009,-0.02,-0.39
6964.0,-0.7,-0.7,-0.7081,-0.05,-0.42
6965.0,-0.7,-0.7,-0.7012,-0.02,-0.39
6966.0,-0.7,-0.7,-0.6929,0.01,0.35
6967.0,-0.7,-0.7,-0.7012,-0.02,-0.39
6969.0,-0.7,-0.7,-0.6965,0.0,0.34
6970.0,-0.7,-0.7,-0.7023,-0.02,-0.39
6971.0,-0.7,-0.7,-0.7045,-0.03,-0.4
6972.0,-0.7,-0.7,-0.6983,-0.0,-0.37
6973.0,-0.7,-0.7,-0.6925,0.02,0.36
6974.0,-0.7,-0.7,-0.6965,0.01,0.35
6975.0,-0.7,-0.7,-0.7009,-0.01,-0.38
6976.0,-0.7,-0.7,-0.7027,-0.01,-0.38
6977.0,-0.7,-0.7,-0.7009,-0.01,-0.38
6979.0,-0.7,-0.7,-0.698,0.0,0.34
6980.0,-0.7,-0.7,-0.6976,0.01,0.35
6981.0,-0.7,-0.7,-0.6936,0.02,0.36
6982.0,-0.7,-0.7,-0.6998,0.0,0.34
6983.0,-0.7,-0.7,-0.7023,-0.01,-0.38
6984.0,-0.7,-0.7,-0.706,-0.03,-0.4
6985.0,-0.7,-0.7,-0.6958,0.01,0.35
6986.0,-0.7,-0.7,-0.698,0.01,0.35
6987.0,-0.7,-0.7,-0.7052,-0.02,-0.39
6988.0,-0.7,-0.7,-0.6954,0.02,0.36
6989.0,-0.7,-0.7,-0.7031,-0.01,-0.38
6991.0,-0.7,-0.7,-0.6925,0.03,0.37
6992.0,-0.7,-0.7,-0.7099,-0.04,-0.41
6993.0,-0.7,-0.7,-0.6972,0.01,0.35
6994.0,-0.7,-0.7,-0.7002,-0.0,-0.37
6995.0,-0.7,-0.7,-0.7002,-0.0,-0.37
6996.0,-0.7,-0.7,-0.6991,0.0,0.34
6997.0,-0.7,-0.7,-0.6976,0.01,0.35
6998.0,-0.7,-0.7,-0.6987,0.01,0.35
6999.0,-0.7,-0.7,-0.7052,-0.02,-0.39
7000.0,0.7,0.7,-0.6972,-5.77,-6.14
7002.0,0.7,0.7,-0.6954,-6.23,-6.6
7003.0,0.7,0.7,-0.7034,-6.69,-7.06
7004.0,0.7,0.7,-0.6925,-7.04,-7.41
7005.0,0.7,0.7,-0.6943,-7.4,-7.77
7006.0,0.7,0.7,-0.6929,-7.72,-8.09
7007.0,0.7,0.7,-0.6907,-8.0,-8.37
7008.0,0.7,0.7,-0.6878,-8.26,-8.63
7009.0,0.7,0.7,-0.6835,-8.48,-8.85
7010.0,0.7,0.7,-0.678,-8.68,-9.05
7011.0,0.7,0.7,-0.6777,-8.87,-9.24
7013.0,0.7,0.7,-0.6606,-8.98,-9.35
7014.0,0.7,0.7,-0.6671,-9.17,-9.54
7015.0,0.7,0.7,-0.6628,-9.29,-9.66
7016.0,0.7,0.7,-0.653,-9.38,-9.75
7017.0,0.7,0.7,-0.6523,-9.5,-9.87
7018.0,0.7,0.7,-0.641,-9.56,-9.93
7019.0,0.7,0.7,-0.6341,-9.62,-9.99
7020.0,0.7,0.7,-0.6247,-9.66,-10.03
7021.0,0.7,0.7,-0.6145,-9.69,-10.06
7022.0,0.7,0.7,-0.6167,-9.76,-10.13
7024.0,0.7,0.7,-0.6,-9.75,-10.12
7025.0,0.7,0.7,-0.6011,-9.8,-10.17
7026.0,0.7,0.7,-0.5997,-9.84,-10.21
7027.0,0.7,0.7,-0.587,-9.82,-10.19
7028.0,0.7,0.7,-0.5793,-9.82,-10.19
7029.0,0.7,0.7,-0.5572,-9.75,-10.12
7030.0,0.7,0.7,-0.555,-9.76,-10.13
7031.0,0.7,0.7,-0.5474,-9.74,-10.11
7032.0,0.7,0.7,-0.5463,-9.75,-10.12
7033.0,0.7,0.7,-0.5304,-9.69,-10.06
7035.0,0.7,0.7,-0.518,-9.64,-10.01
7036.0,0.7,0.7,-0.5224,-9.66,-10.03
7037.0,0.7,0.7,-0.5097,-9.6,-9.97
7038.0,0.7,0.7,-0.4934,-9.53,-9.9
7039.0,0.7,0.7,-0.4829,-9.48,-9.85
7040.0,0.7,0.7,-0.476,-9.44,-9.81
7041.0,0.7,0.7,-0.4705,-9.4,-9.77
7042.0,0.7,0.7,-0.4498,-9.3,-9.67
7043.0,0.7,0.7,-0.4458,-9.26,-9.63
7044.0,0.7,0.7,-0.4332,-9.19,-9.56
7046.0,0.7,0.7,-0.4273,-9.15,-9.52
7047.0,0.7,0.7,-0.4157,-9.08,-9.45
7048.0,0.7,0.7,-0.4027,-9.0,-9.37
7049.0,0.7,0.7,-0.3874,-8.91,-9.28
7050.0,0.7,0.7,-0.3813,-8.85,-9.22
7051.0,0.7,0.7,-0.3628,-8.75,-9.12
7052.0,0.7,0.7,-0.3628,-8.72,-9.09
7053.0,0.7,0.7,-0.3526,-8.65,-9.02
7054.0,0.7,0.7,-0.3428,-8.58,-8.95
7055.0,0.7,0.7,-0.3192,-8.45,-8.82
7057.0,0.7,0.7,-0.3243,-8.43,-8.8
7058.0,0.7,0.7,-0.3055,-8.32,-8.69
7059.0,0.7,0.7,-0.3015,-8.27,-8.64
7060.0,0.7,0.7,-0.2844,-8.17,-8.54
7061.0,0.7,0.7,-0.2728,-8.09,-8.46
7062.0,0.7,0.7,-0.2706,-8.04,-8.41
7063.0,0.7,0.7,-0.2547,-7.94,-8.31
7064.0,0.7,0.7,-0.2496,-7.88,-8.25
7065.0,0.7,0.7,-0.2322,-7.78,-8.15
7066.0,0.7,0.7,-0.2206,-7.69,-8.06
7068.0,0.7,0.7,-0.2111,-7.61,-7.98
7069.0,0.7,0.7,-0.2126,-7.58,-7.95
7070.0,0.7,0.7,-0.1879,-7.45,-7.82
7071.0,0.7,0.7,-0.1763,-7.36,-7.73
7072.0,0.7,0.7,-0.1691,-7.29,-7.66
7073.0,0.7,0.7,-0.1531,-7.19,-7.56
7074.0,0.7,0.7,-0.1411,-7.1,-7.47
7075.0,0.7,0.7,-0.135,-7.03,-7.4
7076.0,0.7,0.7,-0.1219,-6.94,-7.31
7077.0,0.7,0.7,-0.1103,-6.85,-7.22
7079.0,0.7,0.7,-0.0918,-6.73,-7.1
7080.0,0.7,0.7,-0.0729,-6.61,-6.98
7081.0,0.7,0.7,-0.0776,-6.58,-6.95
7082.0,0.7,0.7,-0.0319,-6.36,-6.73
7083.0,0.7,0.7,-0.0512,-6.38,-6.75
7084.0,0.7,0.7,-0.045,-6.32,-6.69
7085.0,0.7,0.7,-0.0268,-6.2,-6.57
7086.0,0.7,0.7,-0.0189,-6.13,-6.5
7087.0,0.7,0.7,-0.0116,-6.06,-6.43
7088.0,0.7,0.7,0.0029,-5.96,-6.33
7090.0,0.7,0.7,0.0102,-5.89,-6.26
7091.0,0.7,0.7,0.0268,-5.78,-6.15
7092.0,0.7,0.7,0.0417,-5.68,-6.05
7093.0,0.7,0.7,0.0464,-5.61,-5.98
7094.0,0.7,0.7,0.0609,-5.51,-5.88
7095.0,0.7,0.7,0.0646,-5.46,-5.83
7096.0,0.7,0.7,0.0798,-5.35,-5.72
7097.0,0.7,0.7,0.0798,-5.31,-5.68
7098.0,0.7,0.7,0.1008,-5.19,-5.56
7099.0,0.7,0.7,0.1088,-5.11,-5.48
7100.0,0.7,0.7,0.1219,-5.02,-5.39
7101.0,0.7,0.7,0.131,-4.94,-5.31
7102.0,0.7,0.7,0.1422,-4.86,-5.23
7104.0,0.7,0.7,0.1516,-4.78,-5.15
7105.0,0.7,0.7,0.1607,-4.7,-5.07
7106.0,0.7,0.7,0.177,-4.59,-4.96
7107.0,0.7,0.7,0.1756,-4.56,-4.93
7108.0,0.7,0.7,0.1995,-4.42,-4.79
7109.0,0.7,0.7,0.2053,-4.35,-4.72
7110.0,0.7,0.7,0.2184,-4.26,-4.63
7111.0,0.7,0.7,0.2264,-4.19,-4.56
7112.0,0.7,0.7,0.2431,-4.08,-4.45
7113.0,0.7,0.7,0.2423,-4.04,-4.41
7114.0,0.7,0.7,0.2695,-3.89,-4.26
7115.0,0.7,0.7,0.2692,-3.85,-4.22
7117.0,0.7,0.7,0.2884,-3.73,-4.1
7118.0,0.7,0.7,0.2884,-3.68,-4.05
7119.0,0.7,0.7,0.3004,-3.6,-3.97
7120.0,0.7,0.7,0.3084,-3.52,-3.89
7121.0,0.7,0.7,0.3102,-3.48,-3.85
7122.0,0.7,0.7,0.3287,-3.36,-3.73
7123.0,0.7,0.7,0.3504,-3.24,-3.61
7124.0,0.7,0.7,0.3435,-3.22,-3.59
7125.0,0.7,0.7,0.3533,-3.14,-3.51
7126.0,0.7,0.7,0.3744,-3.02,-3.39
7127.0,0.7,0.7,0.3689,-3.0,-3.37
7128.0,0.7,0.7,0.3816,-2.92,-3.29
7130.0,0.7,0.7,0.3867,-2.86,-3.23
7131.0,0.7,0.7,0.4027,-2.76,-3.13
7132.0,0.7,0.7,0.4092,-2.69,-3.06
7133.0,0.7,0.7,0.4128,-2.64,-3.01
7134.0,0.7,0.7,0.4161,-2.6,-2.97
7135.0,0.7,0.7,0.4299,-2.51,-2.88
7136.0,0.7,0.7,0.4382,-2.44,-2.81
7137.0,0.7,0.7,0.4477,-2.37,-2.74
7138.0,0.7,0.7,0.4556,-2.3,-2.67
7139.0,0.7,0.7,0.4564,-2.26,-2.63
7140.0,0.7,0.7,0.4926,-2.08,-2.45
7141.0,0.7,0.7,0.4781,-2.1,-2.47
7143.0,0.7,0.7,0.4767,-2.08,-2.45
7144.0,0.7,0.7,0.4945,-1.98,-2.35
7145.0,0.7,0.7,0.5072,-1.89,-2.26
7146.0,0.7,0.7,0.5079,-1.86,-2.23
7147.0,0.7,0.7,0.5144,-1.8,-2.17
7148.0,0.7,0.7,0.513,-1.78,-2.15
7149.0,0.7,0.7,0.5209,-1.72,-2.09
7150.0,0.7,0.7,0.5304,-1.65,-2.02
7151.0,0.7,0.7,0.5347,-1.6,-1.97
7152.0,0.7,0.7,0.5485,-1.52,-1.89
7153.0,0.7,0.7,0.5449,-1.51,-1.88
7154.0,0.7,0.7,0.5507,-1.46,-1.83
7156.0,0.7,0.7,0.5579,-1.4,-1.77
7157.0,0.7,0.7,0.5612,-1.36,-1.73
7158.0,0.7,0.7,0.5688,-1.31,-1.68
7159.0,0.7,0.7,0.5797,-1.24,-1.61
7160.0,0.7,0.7,0.5804,-1.21,-1.58
7161.0,0.7,0.7,0.5833,-1.17,-1.54
7162.0,0.7,0.7,0.587,-1.14,-1.51
7163.0,0.7,0.7,0.592,-1.09,-1.46
7164.0,0.7,0.7,0.5971,-1.05,-1.42
7165.0,0.7,0.7,0.6036,-1.0,-1.37
7166.0,0.7,0.7,0.6211,-0.91,-1.28
7167.0,0.7,0.7,0.6102,-0.93,-1.3
7169.0,0.7,0.7,0.6131,-0.9,-1.27
7170.0,0.7,0.7,0.6218,-0.84,-1.21
7171.0,0.7,0.7,0.6207,-0.83,-1.2
7172.0,0.7,0.7,0.6261,-0.79,-1.16
7173.0,0.7,0.7,0.6261,-0.77,-1.14
7174.0,0.7,0.7,0.6341,-0.72,-1.09
7175.0,0.7,0.7,0.6385,-0.68,-1.05
7176.0,0.7,0.7,0.6414,-0.65,-1.02
7177.0,0.7,0.7,0.6479,-0.61,-0.98
7178.0,0.7,0.7,0.6479,-0.59,-0.96
7179.0,0.7,0.7,0.6494,-0.57,-0.94
7180.0,0.7,0.7,0.6559,-0.53,-0.9
7182.0,0.7,0.7,0.6595,-0.5,-0.87
7183.0,0.7,0.7,0.6675,-0.45,-0.82
7184.0,0.7,0.7,0.661,-0.46,-0.83
7185.0,0.7,0.7,0.6653,-0.43,-0.8
7186.0,0.7,0.7,0.6704,-0.39,-0.76
7187.0,0.7,0.7,0.6697,-0.38,-0.75
7188.0,0.7,0.7,0.6733,-0.35,-0.72
7189.0,0.7,0.7,0.6791,-0.32,-0.69
7190.0,0.7,0.7,0.6791,-0.3,-0.67
7191.0,0.7,0.7,0.6831,-0.27,-0.64
7192.0,0.7,0.7,0.6918,-0.23,-0.6
7193.0,0.7,0.7,0.6856,-0.24,-0.61
7194.0,0.7,0.7,0.6965,-0.18,-0.55
7196.0,0.7,0.7,0.6943,-0.18,-0.55
7197.0,0.7,0.7,0.6914,-0.18,-0.55
7198.0,0.7,0.7,0.6965,-0.15,-0.52
7199.0,0.7,0.7,0.7005,-0.12,-0.49
7200.0,0.7,0.7,0.7009,-0.11,-0.48
7201.0,0.7,0.7,0.7023,-0.09,-0.46
7202.0,0.7,0.7,0.7034,-0.08,-0.45
7203.0,0.7,0.7,0.7034,-0.07,-0.44
7204.0,0.7,0.7,0.706,-0.05,-0.42
7205.0,0.7,0.7,0.7045,-0.05,-0.42
7206.0,0.7,0.7,0.7067,-0.03,-0.4
7207.0,0.7,0.7,0.7103,-0.01,-0.38
7208.0,0.7,0.7,0.7118,0.01,0.35
7209.0,0.7,0.7,0.7118,0.01,0.35
7211.0,0.7,0.7,0.7176,0.05,0.39
7212.0,0.7,0.7,0.7081,0.02,0.36
7213.0,0.7,0.7,0.715,0.05,0.39
7214.0,0.7,0.7,0.7197,0.07,0.41
7215.0,0.7,0.7,0.715,0.06,0.4
7216.0,0.7,0.7,0.7176,0.08,0.42
7217.0,0.7,0.7,0.719,0.09,0.43
7218.0,0.7,0.7,0.7219,0.11,0.45
7219.0,0.7,0.7,0.7197,0.1,0.44
7220.0,0.7,0.7,0.7197,0.11,0.45
7221.0,0.7,0.7,0.7237,0.13,0.47
7222.0,0.7,0.7,0.7226,0.13,0.47
7223.0,0.7,0.7,0.7234,0.14,0.48
7224.0,0.7,0.7,0.7255,0.15,0.49
7225.0,0.7,0.7,0.719,0.13,0.47
7226.0,0.7,0.7,0.7226,0.14,0.48
7227.0,0.7,0.7,0.7205,0.14,0.48
7228.0,0.7,0.7,0.7179,0.13,0.47
7229.0,0.7,0.7,0.7052,0.08,0.42
7230.0,0.7,0.7,0.7234,0.15,0.49
7232.0,0.7,0.7,0.7179,0.13,0.47
7233.0,0.7,0.7,0.7197,0.14,0.48
7234.0,0.7,0.7,0.7205,0.14,0.48
7235.0,0.7,0.7,0.7313,0.19,0.53
7236.0,0.7,0.7,0.7226,0.16,0.5
7237.0,0.7,0.7,0.7168,0.14,0.48
7238.0,0.7,0.7,0.7208,0.15,0.49
7239.0,0.7,0.7,0.7208,0.15,0.49
7240.0,0.7,0.7,0.7226,0.16,0.5
7241.0,0.7,0.7,0.7212,0.16,0.5
7242.0,0.7,0.7,0.7205,0.16,0.5
7243.0,0.7,0.7,0.7197,0.15,0.49
7244.0,0.7,0.7,0.7197,0.15,0.49
7245.0,0.7,0.7,0.7208,0.16,0.5
7246.0,0.7,0.7,0.7168,0.14,0.48
7247.0,0.7,0.7,0.7168,0.14,0.48
7248.0,0.7,0.7,0.7197,0.15,0.49
7249.0,0.7,0.7,0.7063,0.1,0.44
7250.0,0.7,0.7,0.719,0.15,0.49
7251.0,0.7,0.7,0.7223,0.16,0.5
7252.0,0.7,0.7,0.7139,0.13,0.47
7253.0,0.7,0.7,0.7121,0.12,0.46
7255.0,0.7,0.7,0.7168,0.14,0.48
7256.0,0.7,0.7,0.7179,0.14,0.48
7257.0,0.7,0.7,0.7147,0.13,0.47
7258.0,0.7,0.7,0.7089,0.1,0.44
7259.0,0.7,0.7,0.7208,0.15,0.49
7260.0,0.7,0.7,0.711,0.11,0.45
7261.0,0.7,0.7,0.7103,0.1,0.44
7262.0,0.7,0.7,0.7089,0.1,0.44
7263.0,0.7,0.7,0.711,0.1,0.44
7264.0,0.7,0.7,0.7081,0.09,0.43
7265.0,0.7,0.7,0.7147,0.11,0.45
7266.0,0.7,0.7,0.703,0.07,0.41
7267.0,0.7,0.7,0.706,0.07,0.41
7268.0,0.7,0.7,0.706,0.07,0.41
7269.0,0.7,0.7,0.7154,0.11,0.45
7270.0,0.7,0.7,0.7001,0.05,0.39
7271.0,0.7,0.7,0.7052,0.06,0.4
7272.0,0.7,0.7,0.706,0.06,0.4
7273.0,0.7,0.7,0.6994,0.04,0.38
7274.0,0.7,0.7,0.7052,0.06,0.4
7275.0,0.7,0.7,0.7023,0.04,0.38
7277.0,0.7,0.7,0.6885,-0.02,-0.39
7278.0,0.7,0.7,0.6802,-0.06,-0.43
7279.0,0.7,0.7,0.706,0.04,0.38
7280.0,0.7,0.7,0.6987,0.01,0.35
7281.0,0.7,0.7,0.6943,-0.01,-0.38
7282.0,0.7,0.7,0.698,0.0,0.34
7283.0,0.7,0.7,0.6936,-0.02,-0.39
7284.0,0.7,0.7,0.6914,-0.03,-0.4
7285.0,0.7,0.7,0.6965,-0.01,-0.38
7286.0,0.7,0.7,0.7001,0.0,0.34
7287.0,0.7,0.7,0.6976,-0.01,-0.38
7288.0,0.7,0.7,0.6994,-0.0,-0.37
7289.0,0.7,0.7,0.6987,-0.01,-0.38
7290.0,0.7,0.7,0.6994,-0.0,-0.37
7291.0,0.7,0.7,0.6994,-0.0,-0.37
7293.0,0.7,0.7,0.6972,-0.01,-0.38
7294.0,0.7,0.7,0.6987,-0.01,-0.38
7295.0,0.7,0.7,0.6965,-0.02,-0.39
7296.0,0.7,0.7,0.7023,0.01,0.35
7297.0,0.7,0.7,0.6987,-0.01,-0.38
7298.0,0.7,0.7,0.6958,-0.02,-0.39
7299.0,0.7,0.7,0.698,-0.01,-0.38
7300.0,0.7,0.7,0.6994,-0.01,-0.38
7301.0,0.7,0.7,0.6987,-0.01,-0.38
7302.0,0.7,0.7,0.7001,-0.0,-0.37
7303.0,0.7,0.7,0.6965,-0.02,-0.39
7304.0,0.7,0.7,0.7023,0.01,0.35
7305.0,0.7,0.7,0.7089,0.03,0.37
7306.0,0.7,0.7,0.6947,-0.02,-0.39
7307.0,0.7,0.7,0.6972,-0.01,-0.38
7309.0,0.7,0.7,0.6791,-0.09,-0.46
7310.0,0.7,0.7,0.7009,-0.01,-0.38
7311.0,0.7,0.7,0.6972,-0.02,-0.39
7312.0,0.7,0.7,0.7001,-0.01,-0.38
7313.0,0.7,0.7,0.6987,-0.01,-0.38
7314.0,0.7,0.7,0.6972,-0.02,-0.39
7315.0,0.7,0.7,0.6987,-0.01,-0.38
7316.0,0.7,0.7,0.7001,-0.01,-0.38
7317.0,0.7,0.7,0.703,0.01,0.35
7318.0,0.7,0.7,0.7023,0.0,0.34
7319.0,0.7,0.7,0.703,0.01,0.35
7320.0,0.7,0.7,0.7197,0.08,0.42
7321.0,0.7,0.7,0.7023,0.01,0.35
7322.0,0.7,0.7,0.6994,0.0,0.34
7323.0,0.7,0.7,0.7092,0.04,0.38
7324.0,0.7,0.7,0.7023,0.02,0.36
7325.0,0.7,0.7,0.7001,0.01,0.35
7327.0,0.7,0.7,0.7023,0.02,0.36
7328.0,0.7,0.7,0.7197,0.09,0.43
7329.0,0.7,0.7,0.6987,0.01,0.35
7330.0,0.7,0.7,0.7089,0.05,0.39
7331.0,0.7,0.7,0.6994,0.01,0.35
7332.0,0.7,0.7,0.6972,0.0,0.34
7333.0,0.7,0.7,0.7016,0.02,0.36
7334.0,0.7,0.7,0.703,0.02,0.36
7335.0,0.7,0.7,0.7074,0.04,0.38
7336.0,0.7,0.7,0.6943,-0.01,-0.38
7337.0,0.7,0.7,0.706,0.03,0.37
7338.0,0.7,0.7,0.7005,0.01,0.35
7339.0,0.7,0.7,0.6889,-0.04,-0.41
7340.0,0.7,0.7,0.7118,0.05,0.39
7341.0,0.7,0.7,0.7052,0.03,0.37
7342.0,0.7,0.7,0.7005,0.01,0.35
7343.0,0.7,0.7,0.7023,0.02,0.36
7344.0,0.7,0.7,0.6972,-0.0,-0.37
7345.0,0.7,0.7,0.6994,0.0,0.34
7346.0,0.7,0.7,0.6976,-0.0,-0.37
7348.0,0.7,0.7,0.7009,0.01,0.35
7349.0,0.7,0.7,0.6936,-0.02,-0.39
7350.0,0.7,0.7,0.703,0.01,0.35
7351.0,0.7,0.7,0.6943,-0.02,-0.39
7352.0,0.7,0.7,0.6936,-0.03,-0.4
7353.0,0.7,0.7,0.7005,0.0,0.34
7354.0,0.7,0.7,0.7052,0.02,0.36
7355.0,0.7,0.7,0.7023,0.01,0.35
7356.0,0.7,0.7,0.6987,-0.0,-0.37
7357.0,0.7,0.7,0.7001,0.0,0.34
7358.0,0.7,0.7,0.6987,-0.0,-0.37
7359.0,0.7,0.7,0.706,0.02,0.36
7360.0,0.7,0.7,0.6994,-0.0,-0.37
7361.0,0.7,0.7,0.6972,-0.01,-0.38
7362.0,0.7,0.7,0.6965,-0.01,-0.38
7363.0,0.7,0.7,0.7045,0.02,0.36
7364.0,0.7,0.7,0.6972,-0.01,-0.38
7366.0,0.7,0.7,0.702,0.01,0.35
7367.0,0.7,0.7,0.7023,0.01,0.35
7368.0,0.7,0.7,0.6987,-0.0,-0.37
7369.0,0.7,0.7,0.7023,0.01,0.35
7370.0,0.7,0.7,0.6972,-0.01,-0.38
7371.0,0.7,0.7,0.6972,-0.01,-0.38
7372.0,0.7,0.7,0.6987,-0.01,-0.38
7373.0,0.7,0.7,0.6972,-0.01,-0.38
7374.0,0.7,0.7,0.698,-0.01,-0.38
7375.0,0.7,0.7,0.6918,-0.04,-0.41
7376.0,0.7,0.7,0.7005,-0.0,-0.37
7377.0,0.7,0.7,0.6972,-0.02,-0.39
7378.0,0.7,0.7,0.6951,-0.03,-0.4
7379.0,0.7,0.7,0.6994,-0.01,-0.38
7381.0,0.7,0.7,0.706,0.02,0.36
7382.0,0.7,0.7,0.6991,-0.01,-0.38
7383.0,0.7,0.7,0.6972,-0.01,-0.38
7384.0,0.7,0.7,0.703,0.01,0.35
7385.0,0.7,0.7,0.6947,-0.02,-0.39
7386.0,0.7,0.7,0.6976,-0.01,-0.38
7387.0,0.7,0.7,0.6965,-0.02,-0.39
7388.0,0.7,0.7,0.698,-0.01,-0.38
7389.0,0.7,0.7,0.6972,-0.02,-0.39
7390.0,0.7,0.7,0.7001,-0.01,-0.38
7391.0,0.7,0.7,0.6994,-0.01,-0.38
7392.0,0.7,0.7,0.6994,-0.01,-0.38
7393.0,0.7,0.7,0.6994,-0.01,-0.38
7394.0,0.7,0.7,0.6987,-0.01,-0.38
7396.0,0.7,0.7,0.7001,-0.0,-0.37
7397.0,0.7,0.7,0.7121,0.05,0.39
7398.0,0.7,0.7,0.7176,0.07,0.41
7399.0,0.7,0.7,0.6965,-0.01,-0.38
7400.0,0.7,0.7,0.6983,-0.0,-0.37
7401.0,0.7,0.7,0.703,0.02,0.36
7402.0,0.7,0.7,0.7023,0.01,0.35
7403.0,0.7,0.7,0.7016,0.01,0.35
7404.0,0.7,0.7,0.703,0.02,0.36
7405.0,0.7,0.7,0.7023,0.01,0.35
7406.0,0.7,0.7,0.6994,0.0,0.34
7407.0,0.7,0.7,0.7001,0.01,0.35
7408.0,0.7,0.7,0.7023,0.01,0.35
7409.0,0.7,0.7,0.6929,-0.02,-0.39
7410.0,0.7,0.7,0.7001,0.0,0.34
7411.0,0.7,0.7,0.7045,0.02,0.36
7412.0,0.7,0.7,0.7023,0.01,0.35
7413.0,0.7,0.7,0.7092,0.04,0.38
7414.0,0.7,0.7,0.703,0.02,0.36
7415.0,0.7,0.7,0.7089,0.04,0.38
7417.0,0.7,0.7,0.703,0.02,0.36
7418.0,0.7,0.7,0.7081,0.04,0.38
7419.0,0.7,0.7,0.703,0.02,0.36
7420.0,0.7,0.7,0.7023,0.02,0.36
7421.0,0.7,0.7,0.703,0.02,0.36
7422.0,0.7,0.7,0.6972,-0.0,-0.37
7423.0,0.7,0.7,0.7096,0.05,0.39
7424.0,0.7,0.7,0.7089,0.05,0.39
7425.0,0.7,0.7,0.7205,0.1,0.44
7426.0,0.7,0.7,0.7038,0.03,0.37
7427.0,0.7,0.7,0.703,0.03,0.37
7428.0,0.7,0.7,0.6994,0.02,0.36
7429.0,0.7,0.7,0.7226,0.11,0.45
7430.0,0.7,0.7,0.7001,0.02,0.36
7431.0,0.7,0.7,0.6929,-0.01,-0.38
7432.0,0.7,0.7,0.6933,-0.01,-0.38
7433.0,0.7,0.7,0.7009,0.02,0.36
7434.0,0.7,0.7,0.6914,-0.02,-0.39
7435.0,0.7,0.7,0.7001,0.01,0.35
7437.0,0.7,0.7,0.7161,0.07,0.41
7438.0,0.7,0.7,0.7023,0.02,0.36
7439.0,0.7,0.7,0.6943,-0.01,-0.38
7440.0,0.7,0.7,0.7379,0.17,0.51
7441.0,0.7,0.7,0.703,0.03,0.37
7442.0,0.7,0.7,0.7161,0.09,0.43
7443.0,0.7,0.7,0.6972,0.01,0.35
7444.0,0.7,0.7,0.6994,0.02,0.36
7445.0,0.7,0.7,0.6987,0.01,0.35
7446.0,0.7,0.7,0.7023,0.03,0.37
7447.0,0.7,0.7,0.6965,0.0,0.34
7448.0,0.7,0.7,0.6878,-0.04,-0.41
7449.0,0.7,0.7,0.6965,-0.01,-0.38
7450.0,0.7,0.7,0.6951,-0.01,-0.38
7451.0,0.7,0.7,0.6878,-0.05,-0.42
7452.0,0.7,0.7,0.6914,-0.04,-0.41
7453.0,0.7,0.7,0.6987,-0.01,-0.38
7455.0,0.7,0.7,0.6885,-0.05,-0.42
7456.0,0.7,0.7,0.6929,-0.04,-0.41
7457.0,0.7,0.7,0.6951,-0.03,-0.4
7458.0,0.7,0.7,0.6976,-0.02,-0.39
7459.0,0.7,0.7,0.6987,-0.02,-0.39
7460.0,0.7,0.7,0.711,0.04,0.38
7461.0,0.7,0.7,0.6145,-0.36,-0.73
7462.0,0.7,0.7,0.6943,-0.06,-0.43
7463.0,0.7,0.7,0.6965,-0.05,-0.42
7464.0,0.7,0.7,0.6972,-0.04,-0.41
7465.0,0.7,0.7,0.6965,-0.04,-0.41
7466.0,0.7,0.7,0.6907,-0.07,-0.44
7467.0,0.7,0.7,0.6965,-0.04,-0.41
7468.0,0.7,0.7,0.6972,-0.04,-0.41
7469.0,0.7,0.7,0.6976,-0.04,-0.41
7471.0,0.7,0.7,0.6994,-0.03,-0.4
7472.0,0.7,0.7,0.6936,-0.05,-0.42
7473.0,0.7,0.7,0.6849,-0.08,-0.45
7474.0,0.7,0.7,0.6943,-0.05,-0.42
7475.0,0.7,0.7,0.7089,0.01,0.35
7476.0,0.7,0.7,0.6929,-0.05,-0.42
7477.0,0.7,0.7,0.698,-0.03,-0.4
7478.0,0.7,0.7,0.7001,-0.02,-0.39
7479.0,0.7,0.7,0.6987,-0.02,-0.39
7480.0,0.7,0.7,0.6798,-0.1,-0.47
7481.0,0.7,0.7,0.6907,-0.06,-0.43
7482.0,0.7,0.7,0.7001,-0.02,-0.39
7483.0,0.7,0.7,0.6965,-0.04,-0.41
7485.0,0.7,0.7,0.6994,-0.02,-0.39
7486.0,0.7,0.7,0.7067,0.01,0.35
7487.0,0.7,0.7,0.7009,-0.01,-0.38
7488.0,0.7,0.7,0.7045,0.01,0.35
7489.0,0.7,0.7,0.703,0.0,0.34
7490.0,0.7,0.7,0.7023,0.0,0.34
7491.0,0.7,0.7,0.7052,0.01,0.35
7492.0,0.7,0.7,0.7023,0.01,0.35
7493.0,0.7,0.7,0.7052,0.02,0.36
7494.0,0.7,0.7,0.703,0.01,0.35
7495.0,0.7,0.7,0.703,0.01,0.35
7496.0,0.7,0.7,0.7107,0.05,0.39
7497.0,0.7,0.7,0.703,0.02,0.36
7498.0,0.7,0.7,0.706,0.03,0.37
7499.0,0.7,0.7,0.6987,0.0,0.34
7500.0,0.7,0.7,0.7136,0.06,0.4
7501.0,0.7,0.7,0.7023,0.02,0.36
7502.0,0.7,0.7,0.7089,0.05,0.39
7503.0,0.7,0.7,0.6965,-0.0,-0.37
7504.0,0.7,0.7,0.7001,0.01,0.35
7506.0,0.7,0.7,0.703,0.02,0.36
7507.0,0.7,0.7,0.6991,0.01,0.35
7508.0,0.7,0.7,0.703,0.02,0.36
7509.0,0.7,0.7,0.7052,0.03,0.37
7510.0,0.7,0.7,0.703,0.02,0.36
7511.0,0.7,0.7,0.7052,0.03,0.37
7512.0,0.7,0.7,0.7016,0.02,0.36
7513.0,0.7,0.7,0.7005,0.01,0.35
7514.0,0.7,0.7,0.7023,0.02,0.36
7515.0,0.7,0.7,0.7023,0.02,0.36
7516.0,0.7,0.7,0.7052,0.03,0.37
7517.0,0.7,0.7,0.7023,0.02,0.36
7518.0,0.7,0.7,0.7005,0.01,0.35
7519.0,0.7,0.7,0.7023,0.02,0.36
7520.0,0.7,0.7,0.7052,0.03,0.37
7521.0,0.7,0.7,0.7049,0.03,0.37
7522.0,0.7,0.7,0.703,0.02,0.36
7523.0,0.7,0.7,0.7212,0.1,0.44
7524.0,0.7,0.7,0.6987,0.01,0.35
7525.0,0.7,0.7,0.7005,0.02,0.36
7526.0,0.7,0.7,0.698,0.01,0.35
7527.0,0.7,0.7,0.6962,-0.0,-0.37
7528.0,0.7,0.7,0.7001,0.01,0.35
7530.0,0.7,0.7,0.7001,0.01,0.35
7531.0,0.7,0.7,0.6936,-0.02,-0.39
7532.0,0.7,0.7,0.6972,-0.01,-0.38
7533.0,0.7,0.7,0.6972,-0.01,-0.38
7534.0,0.7,0.7,0.7208,0.09,0.43
7535.0,0.7,0.7,0.6914,-0.03,-0.4
7536.0,0.7,0.7,0.6972,-0.01,-0.38
7537.0,0.7,0.7,0.6965,-0.01,-0.38
7538.0,0.7,0.7,0.7103,0.05,0.39
7539.0,0.7,0.7,0.6965,-0.01,-0.38
7540.0,0.7,0.7,0.6965,-0.01,-0.38
7541.0,0.7,0.7,0.6958,-0.01,-0.38
7542.0,0.7,0.7,0.6994,-0.0,-0.37
7543.0,0.7,0.7,0.6951,-0.02,-0.39
7544.0,0.7,0.7,0.6936,-0.03,-0.4
7546.0,0.7,0.7,0.6878,-0.05,-0.42
7547.0,0.7,0.7,0.6994,-0.01,-0.38
7548.0,0.7,0.7,0.6947,-0.03,-0.4
7549.0,0.7,0.7,0.6943,-0.03,-0.4
7550.0,0.7,0.7,0.6951,-0.03,-0.4
7551.0,0.7,0.7,0.6943,-0.03,-0.4
7552.0,0.7,0.7,0.6994,-0.01,-0.38
7553.0,0.7,0.7,0.6972,-0.02,-0.39
7554.0,0.7,0.7,0.6972,-0.02,-0.39
7555.0,0.7,0.7,0.706,0.01,0.35
7556.0,0.7,0.7,0.6889,-0.05,-0.42
7557.0,0.7,0.7,0.6987,-0.02,-0.39
7558.0,0.7,0.7,0.703,0.0,0.34
7559.0,0.7,0.7,0.6943,-0.03,-0.4
7561.0,0.7,0.7,0.6972,-0.02,-0.39
7562.0,0.7,0.7,0.6972,-0.02,-0.39
7563.0,0.7,0.7,0.6965,-0.02,-0.39
7564.0,0.7,0.7,0.6987,-0.02,-0.39
7565.0,0.7,0.7,0.6972,-0.02,-0.39
7566.0,0.7,0.7,0.6943,-0.03,-0.4
7567.0,0.7,0.7,0.6994,-0.01,-0.38
7568.0,0.7,0.7,0.7001,-0.01,-0.38
7569.0,0.7,0.7,0.6994,-0.01,-0.38
7570.0,0.7,0.7,0.6965,-0.02,-0.39
7571.0,0.7,0.7,0.7052,0.01,0.35
7572.0,0.7,0.7,0.7009,-0.0,-0.37
7573.0,0.7,0.7,0.7038,0.01,0.35
7574.0,0.7,0.7,0.6914,-0.04,-0.41
7576.0,0.7,0.7,0.7023,0.0,0.34
7577.0,0.7,0.7,0.7052,0.02,0.36
7578.0,0.7,0.7,0.7023,0.01,0.35
7579.0,0.7,0.7,0.703,0.01,0.35
7580.0,0.7,0.7,0.7023,0.01,0.35
7581.0,0.7,0.7,0.7045,0.02,0.36
7582.0,0.7,0.7,0.703,0.01,0.35
7583.0,0.7,0.7,0.7016,0.01,0.35
7584.0,0.7,0.7,0.7078,0.04,0.38
7585.0,0.7,0.7,0.7045,0.02,0.36
7586.0,0.7,0.7,0.7001,0.01,0.35
7587.0,0.7,0.7,0.6972,-0.01,-0.38
7588.0,0.7,0.7,0.703,0.02,0.36
7589.0,0.7,0.7,0.7034,0.02,0.36
7590.0,0.7,0.7,0.7092,0.04,0.38
7591.0,0.7,0.7,0.706,0.03,0.37
7592.0,0.7,0.7,0.703,0.02,0.36
7593.0,0.7,0.7,0.703,0.02,0.36
7594.0,0.7,0.7,0.7023,0.02,0.36
7595.0,0.7,0.7,0.7001,0.01,0.35
7596.0,0.7,0.7,0.7205,0.09,0.43
7597.0,0.7,0.7,0.7023,0.02,0.36
7598.0,0.7,0.7,0.6987,0.01,0.35
7600.0,0.7,0.7,0.7023,0.02,0.36
7601.0,0.7,0.7,0.706,0.04,0.38
7602.0,0.7,0.7,0.6994,0.01,0.35
7603.0,0.7,0.7,0.6849,-0.05,-0.42
7604.0,0.7,0.7,0.6929,-0.02,-0.39
7605.0,0.7,0.7,0.6972,-0.01,-0.38
7606.0,0.7,0.7,0.7016,0.01,0.35
7607.0,0.7,0.7,0.6972,-0.01,-0.38
7608.0,0.7,0.7,0.7049,0.02,0.36
7609.0,0.7,0.7,0.7052,0.02,0.36
7610.0,0.7,0.7,0.6994,0.0,0.34
7611.0,0.7,0.7,0.6994,0.0,0.34
7612.0,0.7,0.7,0.6972,-0.01,-0.38
7613.0,0.7,0.7,0.6871,-0.05,-0.42
7614.0,0.7,0.7,0.6994,-0.01,-0.38
7615.0,0.7,0.7,0.7001,-0.0,-0.37
7617.0,0.7,0.7,0.7023,0.01,0.35
7618.0,0.7,0.7,0.7052,0.02,0.36
7619.0,0.7,0.7,0.7023,0.01,0.35
7620.0,0.7,0.7,0.7001,0.0,0.34
7621.0,0.7,0.7,0.6922,-0.03,-0.4
7622.0,0.7,0.7,0.7023,0.01,0.35
7623.0,0.7,0.7,0.7001,-0.0,-0.37
7624.0,0.7,0.7,0.6987,-0.01,-0.38
7625.0,0.7,0.7,0.6987,-0.01,-0.38
7626.0,0.7,0.7,0.7005,0.0,0.34
7627.0,0.7,0.7,0.6947,-0.02,-0.39
7628.0,0.7,0.7,0.7001,-0.0,-0.37
7629.0,0.7,0.7,0.7023,0.01,0.35
7630.0,0.7,0.7,0.7016,0.01,0.35
7631.0,0.7,0.7,0.7176,0.07,0.41
7632.0,0.7,0.7,0.6987,-0.0,-0.37
7633.0,0.7,0.7,0.7023,0.01,0.35
7635.0,0.7,0.7,0.6994,0.0,0.34
7636.0,0.7,0.7,0.703,0.02,0.36
7637.0,0.7,0.7,0.6965,-0.01,-0.38
7638.0,0.7,0.7,0.6972,-0.01,-0.38
7639.0,0.7,0.7,0.706,0.03,0.37
7640.0,0.7,0.7,0.6733,-0.11,-0.48
7641.0,0.7,0.7,0.7263,0.1,0.44
7642.0,0.7,0.7,0.6994,0.0,0.34
7643.0,0.7,0.7,0.6994,0.0,0.34
7644.0,0.7,0.7,0.6943,-0.02,-0.39
7645.0,0.7,0.7,0.6965,-0.01,-0.38
7646.0,0.7,0.7,0.7045,0.02,0.36
7647.0,0.7,0.7,0.6933,-0.03,-0.4
7648.0,0.7,0.7,0.6943,-0.02,-0.39
7649.0,0.7,0.7,0.6994,-0.01,-0.38
7650.0,0.7,0.7,0.7001,-0.0,-0.37
7652.0,0.7,0.7,0.6987,-0.01,-0.38
7653.0,0.7,0.7,0.7197,0.08,0.42
7654.0,0.7,0.7,0.6972,-0.01,-0.38
7655.0,0.7,0.7,0.6972,-0.01,-0.38
7656.0,0.7,0.7,0.7023,0.01,0.35
7657.0,0.7,0.7,0.6994,-0.0,-0.37
7658.0,0.7,0.7,0.6965,-0.01,-0.38
7659.0,0.7,0.7,0.6972,-0.01,-0.38
7660.0,0.7,0.7,0.7001,0.0,0.34
7661.0,0.7,0.7,0.6936,-0.03,-0.4
7662.0,0.7,0.7,0.6929,-0.03,-0.4
7663.0,0.7,0.7,0.6994,-0.01,-0.38
7664.0,0.7,0.7,0.6976,-0.01,-0.38
7665.0,0.7,0.7,0.6994,-0.01,-0.38
7667.0,0.7,0.7,0.7005,-0.0,-0.37
7668.0,0.7,0.7,0.703,0.01,0.35
7669.0,0.7,0.7,0.7023,0.01,0.35
7670.0,0.7,0.7,0.6994,-0.0,-0.37
7671.0,0.7,0.7,0.7045,0.02,0.36
7672.0,0.7,0.7,0.6965,-0.01,-0.38
7673.0,0.7,0.7,0.6994,-0.0,-0.37
7674.0,0.7,0.7,0.7023,0.01,0.35
7675.0,0.7,0.7,0.6936,-0.03,-0.4
7676.0,0.7,0.7,0.7023,0.01,0.35
7677.0,0.7,0.7,0.6994,-0.0,-0.37
7678.0,0.7,0.7,0.7023,0.01,0.35
7679.0,0.7,0.7,0.6976,-0.01,-0.38
7680.0,0.7,0.7,0.7001,-0.0,-0.37
7681.0,0.7,0.7,0.7001,-0.0,-0.37
7682.0,0.7,0.7,0.7001,-0.0,-0.37
7684.0,0.7,0.7,0.6972,-0.01,-0.38
7685.0,0.7,0.7,0.7049,0.02,0.36
7686.0,0.7,0.7,0.7081,0.03,0.37
7687.0,0.7,0.7,0.6965,-0.01,-0.38
7688.0,0.7,0.7,0.6965,-0.01,-0.38
7689.0,0.7,0.7,0.6994,-0.0,-0.37
7690.0,0.7,0.7,0.7009,0.0,0.34
7691.0,0.7,0.7,0.6972,-0.01,-0.38
7692.0,0.7,0.7,0.703,0.01,0.35
7693.0,0.7,0.7,0.7034,0.01,0.35
7694.0,0.7,0.7,0.7052,0.02,0.36
7695.0,0.7,0.7,0.7038,0.02,0.36
7696.0,0.7,0.7,0.7009,0.01,0.35
7697.0,0.7,0.7,0.7001,0.0,0.34
7698.0,0.7,0.7,0.7034,0.02,0.36
7699.0,0.7,0.7,0.7023,0.01,0.35
7700.0,0.7,0.7,0.7045,0.02,0.36
7701.0,0.7,0.7,0.7001,0.01,0.35
7702.0,0.7,0.7,0.6965,-0.01,-0.38
7704.0,0.7,0.7,0.6987,-0.0,-0.37
7705.0,0.7,0.7,0.6914,-0.03,-0.4
7706.0,0.7,0.7,0.7023,0.01,0.35
7707.0,0.7,0.7,0.7001,0.0,0.34
7708.0,0.7,0.7,0.6352,-0.27,-0.64
7709.0,0.7,0.7,0.6994,-0.02,-0.39
7710.0,0.7,0.7,0.7023,-0.01,-0.38
7711.0,0.7,0.7,0.7001,-0.02,-0.39
7712.0,0.7,0.7,0.7001,-0.01,-0.38
7713.0,0.7,0.7,0.7081,0.02,0.36
7714.0,0.7,0.7,0.7284,0.11,0.45
7715.0,0.7,0.7,0.703,0.01,0.35
7716.0,0.7,0.7,0.7016,0.01,0.35
7717.0,0.7,0.7,0.703,0.01,0.35
7718.0,0.7,0.7,0.7023,0.01,0.35
7719.0,0.7,0.7,0.7023,0.01,0.35
7721.0,0.7,0.7,0.6994,0.0,0.34
7722.0,0.7,0.7,0.6827,-0.07,-0.44
7723.0,0.7,0.7,0.7023,0.01,0.35
7724.0,0.7,0.7,0.7005,0.0,0.34
7725.0,0.7,0.7,0.6987,-0.01,-0.38
7726.0,0.7,0.7,0.6965,-0.02,-0.39
7727.0,0.7,0.7,0.7001,-0.0,-0.37
7728.0,0.7,0.7,0.7001,-0.0,-0.37
7729.0,0.7,0.7,0.703,0.01,0.35
7730.0,0.7,0.7,0.7045,0.02,0.36
7731.0,0.7,0.7,0.7001,0.0,0.34
7732.0,0.7,0.7,0.6784,-0.09,-0.46
7733.0,0.7,0.7,0.7034,0.01,0.35
7734.0,0.7,0.7,0.7074,0.03,0.37
7735.0,0.7,0.7,0.7023,0.01,0.35
7736.0,0.7,0.7,0.7016,0.01,0.35
7737.0,0.7,0.7,0.7001,0.0,0.34
7738.0,0.7,0.7,0.7023,0.01,0.35
7739.0,0.7,0.7,0.7081,0.03,0.37
7741.0,0.7,0.7,0.6965,-0.01,-0.38
7742.0,0.7,0.7,0.6965,-0.01,-0.38
7743.0,0.7,0.7,0.7045,0.02,0.36
7744.0,0.7,0.7,0.7001,0.0,0.34
7745.0,0.7,0.7,0.6907,-0.04,-0.41
7746.0,0.7,0.7,0.6871,-0.05,-0.42
7747.0,0.7,0.7,0.7081,0.03,0.37
7748.0,0.7,0.7,0.6972,-0.01,-0.38
7749.0,0.7,0.7,0.6871,-0.06,-0.43
7750.0,0.7,0.7,0.7001,-0.01,-0.38
7751.0,0.7,0.7,0.7001,-0.01,-0.38
7752.0,0.7,0.7,0.703,0.01,0.35
7753.0,0.7,0.7,0.7226,0.09,0.43
7754.0,0.7,0.7,0.7023,0.01,0.35
7755.0,0.7,0.7,0.7001,0.0,0.34
7756.0,0.7,0.7,0.7005,0.01,0.35
7757.0,0.7,0.7,0.6994,0.0,0.34
7758.0,0.7,0.7,0.7016,0.01,0.35
7759.0,0.7,0.7,0.7005,0.01,0.35
7761.0,0.7,0.7,0.7023,0.01,0.35
7762.0,0.7,0.7,0.7023,0.01,0.35
7763.0,0.7,0.7,0.7005,0.01,0.35
7764.0,0.7,0.7,0.7023,0.01,0.35
7765.0,0.7,0.7,0.7001,0.0,0.34
7766.0,0.7,0.7,0.7001,0.0,0.34
7767.0,0.7,0.7,0.6998,0.0,0.34
7768.0,0.7,0.7,0.7118,0.05,0.39
7769.0,0.7,0.7,0.7052,0.03,0.37
7770.0,0.7,0.7,0.7038,0.02,0.36
7771.0,0.7,0.7,0.6936,-0.02,-0.39
7772.0,0.7,0.7,0.7023,0.02,0.36
7773.0,0.7,0.7,0.6994,0.0,0.34
7774.0,0.7,0.7,0.7023,0.01,0.35
7775.0,0.7,0.7,0.6994,0.0,0.34
7776.0,0.7,0.7,0.702,0.01,0.35
7777.0,0.7,0.7,0.698,-0.0,-0.37
7778.0,0.7,0.7,0.7023,0.01,0.35
7779.0,0.7,0.7,0.6947,-0.02,-0.39
7780.0,0.7,0.7,0.6965,-0.01,-0.38
7781.0,0.7,0.7,0.6972,-0.01,-0.38
7783.0,0.7,0.7,0.6987,-0.01,-0.38
7784.0,0.7,0.7,0.6965,-0.01,-0.38
7785.0,0.7,0.7,0.6972,-0.01,-0.38
7786.0,0.7,0.7,0.7052,0.02,0.36
7787.0,0.7,0.7,0.6951,-0.02,-0.39
7788.0,0.7,0.7,0.7052,0.02,0.36
7789.0,0.7,0.7,0.7001,0.0,0.34
7790.0,0.7,0.7,0.6733,-0.11,-0.48
7791.0,0.7,0.7,0.7045,0.01,0.35
7792.0,0.7,0.7,0.7371,0.15,0.49
7793.0,0.7,0.7,0.6987,0.0,0.34
7794.0,0.7,0.7,0.6943,-0.02,-0.39
7795.0,0.7,0.7,0.7001,0.0,0.34
7796.0,0.7,0.7,0.7023,0.01,0.35
7797.0,0.7,0.7,0.7034,0.02,0.36
7798.0,0.7,0.7,0.6907,-0.03,-0.4
7800.0,0.7,0.7,0.7005,0.0,0.34
7801.0,0.7,0.7,0.7089,0.04,0.38
7802.0,0.7,0.7,0.6987,-0.0,-0.37
7803.0,0.7,0.7,0.6885,-0.04,-0.41
7804.0,0.7,0.7,0.6965,-0.02,-0.39
7805.0,0.7,0.7,0.6943,-0.03,-0.4
7806.0,0.7,0.7,0.6914,-0.04,-0.41
7807.0,0.7,0.7,0.7005,-0.0,-0.37
7808.0,0.7,0.7,0.6951,-0.03,-0.4
7809.0,0.7,0.7,0.6987,-0.01,-0.38
7810.0,0.7,0.7,0.6943,-0.03,-0.4
7811.0,0.7,0.7,0.6987,-0.01,-0.38
7812.0,0.7,0.7,0.6972,-0.02,-0.39
7813.0,0.7,0.7,0.6994,-0.01,-0.38
7815.0,0.7,0.7,0.6958,-0.02,-0.39
7816.0,0.7,0.7,0.7001,-0.01,-0.38
7817.0,0.7,0.7,0.6947,-0.03,-0.4
7818.0,0.7,0.7,0.6936,-0.03,-0.4
7819.0,0.7,0.7,0.6972,-0.02,-0.39
7820.0,0.7,0.7,0.6965,-0.02,-0.39
7821.0,0.7,0.7,0.6965,-0.02,-0.39
7822.0,0.7,0.7,0.6994,-0.01,-0.38
7823.0,0.7,0.7,0.6972,-0.02,-0.39
7824.0,0.7,0.7,0.6994,-0.01,-0.38
7825.0,0.7,0.7,0.6849,-0.07,-0.44
7826.0,0.7,0.7,0.6972,-0.02,-0.39
7827.0,0.7,0.7,0.6987,-0.02,-0.39
7829.0,0.7,0.7,0.7114,0.03,0.37
7830.0,0.7,0.7,0.6987,-0.01,-0.38
7831.0,0.7,0.7,0.7005,-0.01,-0.38
7832.0,0.7,0.7,0.703,0.01,0.35
7833.0,0.7,0.7,0.703,0.01,0.35
7834.0,0.7,0.7,0.6994,-0.01,-0.38
7835.0,0.7,0.7,0.7045,0.02,0.36
7836.0,0.7,0.7,0.703,0.01,0.35
7837.0,0.7,0.7,0.7001,0.0,0.34
7838.0,0.7,0.7,0.7023,0.01,0.35
7839.0,0.7,0.7,0.7023,0.01,0.35
7840.0,0.7,0.7,0.7089,0.04,0.38
7841.0,0.7,0.7,0.703,0.02,0.36
7842.0,0.7,0.7,0.7001,0.01,0.35
7843.0,0.7,0.7,0.703,0.02,0.36
7844.0,0.7,0.7,0.7045,0.02,0.36
7845.0,0.7,0.7,0.7074,0.04,0.38
7846.0,0.7,0.7,0.7038,0.02,0.36
7847.0,0.7,0.7,0.7009,0.01,0.35
7848.0,0.7,0.7,0.7023,0.02,0.36
7849.0,0.7,0.7,0.706,0.03,0.37
7851.0,0.7,0.7,0.703,0.02,0.36
7852.0,0.7,0.7,0.7034,0.02,0.36
7853.0,0.7,0.7,0.706,0.03,0.37
7854.0,0.7,0.7,0.703,0.02,0.36
7855.0,0.7,0.7,0.7074,0.04,0.38
7856.0,0.7,0.7,0.7081,0.05,0.39
7857.0,0.7,0.7,0.7023,0.02,0.36
7858.0,0.7,0.7,0.7023,0.02,0.36
7859.0,0.7,0.7,0.7063,0.04,0.38
7860.0,0.7,0.7,0.7023,0.02,0.36
7861.0,0.7,0.7,0.6972,0.0,0.34
7862.0,0.7,0.7,0.703,0.02,0.36
7863.0,0.7,0.7,0.7001,0.01,0.35
7864.0,0.7,0.7,0.7023,0.02,0.36
7865.0,0.7,0.7,0.7016,0.02,0.36
7866.0,0.7,0.7,0.6994,0.01,0.35
7867.0,0.7,0.7,0.703,0.02,0.36
7868.0,0.7,0.7,0.6947,-0.01,-0.38
7869.0,0.7,0.7,0.6987,0.0,0.34
7870.0,0.7,0.7,0.6972,-0.01,-0.38
7871.0,0.7,0.7,0.6972,-0.01,-0.38
7873.0,0.7,0.7,0.7034,0.02,0.36
7874.0,0.7,0.7,0.6976,-0.01,-0.38
7875.0,0.7,0.7,0.6972,-0.01,-0.38
7876.0,0.7,0.7,0.7001,0.0,0.34
7877.0,0.7,0.7,0.6943,-0.02,-0.39
7878.0,0.7,0.7,0.6994,-0.0,-0.37
7879.0,0.7,0.7,0.6965,-0.02,-0.39
7880.0,0.7,0.7,0.6965,-0.02,-0.39
7881.0,0.7,0.7,0.6965,-0.02,-0.39
7882.0,0.7,0.7,0.7009,-0.0,-0.37
7883.0,0.7,0.7,0.7001,-0.0,-0.37
7884.0,0.7,0.7,0.6972,-0.01,-0.38
7885.0,0.7,0.7,0.6972,-0.01,-0.38
7887.0,0.7,0.7,0.7001,-0.0,-0.37
7888.0,0.7,0.7,0.6972,-0.02,-0.39
7889.0,0.7,0.7,0.6965,-0.02,-0.39
7890.0,0.7,0.7,0.6965,-0.02,-0.39
7891.0,0.7,0.7,0.6994,-0.01,-0.38
7892.0,0.7,0.7,0.7023,0.0,0.34
7893.0,0.7,0.7,0.6965,-0.02,-0.39
7894.0,0.7,0.7,0.6958,-0.02,-0.39
7895.0,0.7,0.7,0.6994,-0.01,-0.38
7896.0,0.7,0.7,0.702,0.0,0.34
7897.0,0.7,0.7,0.698,-0.01,-0.38
7898.0,0.7,0.7,0.6762,-0.1,-0.47
7899.0,0.7,0.7,0.702,-0.0,-0.37
7900.0,0.7,0.7,0.6965,-0.02,-0.39
7902.0,0.7,0.7,0.7005,-0.01,-0.38
7903.0,0.7,0.7,0.6987,-0.02,-0.39
7904.0,0.7,0.7,0.6965,-0.02,-0.39
7905.0,0.7,0.7,0.6958,-0.03,-0.4
7906.0,0.7,0.7,0.6907,-0.05,-0.42
7907.0,0.7,0.7,0.7045,0.01,0.35
7908.0,0.7,0.7,0.7226,0.08,0.42
7909.0,0.7,0.7,0.7045,0.02,0.36
7910.0,0.7,0.7,0.6929,-0.03,-0.4
7911.0,0.7,0.7,0.7023,0.01,0.35
7912.0,0.7,0.7,0.7045,0.02,0.36
7913.0,0.7,0.7,0.7049,0.02,0.36
7914.0,0.7,0.7,0.6813,-0.08,-0.45
7915.0,0.7,0.7,0.6994,-0.01,-0.38
7916.0,0.7,0.7,0.7052,0.02,0.36
7918.0,0.7,0.7,0.703,0.01,0.35
7919.0,0.7,0.7,0.7045,0.02,0.36
7920.0,0.7,0.7,0.6907,-0.04,-0.41
7921.0,0.7,0.7,0.7052,0.02,0.36
7922.0,0.7,0.7,0.7023,0.01,0.35
7923.0,0.7,0.7,0.7045,0.02,0.36
7924.0,0.7,0.7,0.7074,0.03,0.37
7925.0,0.7,0.7,0.6711,-0.12,-0.49
7926.0,0.7,0.7,0.6987,-0.01,-0.38
7927.0,0.7,0.7,0.7001,-0.01,-0.38
7928.0,0.7,0.7,0.6878,-0.06,-0.43
7929.0,0.7,0.7,0.703,0.0,0.34
7930.0,0.7,0.7,0.706,0.02,0.36
7931.0,0.7,0.7,0.7005,-0.0,-0.37
7932.0,0.7,0.7,0.7009,-0.0,-0.37
7933.0,0.7,0.7,0.7023,0.01,0.35
7934.0,0.7,0.7,0.703,0.01,0.35
7935.0,0.7,0.7,0.7001,-0.0,-0.37
7937.0,0.7,0.7,0.7001,-0.0,-0.37
7938.0,0.7,0.7,0.6994,-0.0,-0.37
7939.0,0.7,0.7,0.682,-0.08,-0.45
7940.0,0.7,0.7,0.7023,0.0,0.34
7941.0,0.7,0.7,0.6885,-0.05,-0.42
7942.0,0.7,0.7,0.7001,-0.01,-0.38
7943.0,0.7,0.7,0.6994,-0.01,-0.38
7944.0,0.7,0.7,0.7023,0.0,0.34
7945.0,0.7,0.7,0.7023,0.0,0.34
7946.0,0.7,0.7,0.7023,0.0,0.34
7947.0,0.7,0.7,0.7005,-0.0,-0.37
7948.0,0.7,0.7,0.7001,-0.0,-0.37
7949.0,0.7,0.7,0.7001,-0.0,-0.37
7950.0,0.7,0.7,0.7023,0.01,0.35
7951.0,0.7,0.7,0.7001,-0.0,-0.37
7952.0,0.7,0.7,0.7001,-0.0,-0.37
7954.0,0.7,0.7,0.6947,-0.02,-0.39
7955.0,0.7,0.7,0.7023,0.01,0.35
7956.0,0.7,0.7,0.7023,0.01,0.35
7957.0,0.7,0.7,0.7045,0.02,0.36
7958.0,0.7,0.7,0.7089,0.04,0.38
7959.0,0.7,0.7,0.7001,0.0,0.34
7960.0,0.7,0.7,0.7023,0.01,0.35
7961.0,0.7,0.7,0.703,0.02,0.36
7962.0,0.7,0.7,0.7023,0.01,0.35
7963.0,0.7,0.7,0.7001,0.01,0.35
7964.0,0.7,0.7,0.7023,0.01,0.35
7965.0,0.7,0.7,0.7052,0.03,0.37
7966.0,0.7,0.7,0.7023,0.02,0.36
7967.0,0.7,0.7,0.7038,0.02,0.36
7968.0,0.7,0.7,0.7089,0.04,0.38
7969.0,0.7,0.7,0.7023,0.02,0.36
7970.0,0.7,0.7,0.6465,-0.21,-0.58
7971.0,0.7,0.7,0.7063,0.02,0.36
7972.0,0.7,0.7,0.7038,0.01,0.35
7973.0,0.7,0.7,0.7056,0.02,0.36
7975.0,0.7,0.7,0.7074,0.03,0.37
7976.0,0.7,0.7,0.6965,-0.01,-0.38
7977.0,0.7,0.7,0.6936,-0.03,-0.4
7978.0,0.7,0.7,0.6994,-0.01,-0.38
7979.0,0.7,0.7,0.6987,-0.01,-0.38
7980.0,0.7,0.7,0.6994,-0.01,-0.38
7981.0,0.7,0.7,0.7001,-0.0,-0.37
7982.0,0.7,0.7,0.703,0.01,0.35
7983.0,0.7,0.7,0.7001,-0.0,-0.37
7984.0,0.7,0.7,0.6987,-0.01,-0.38
7985.0,0.7,0.7,0.6958,-0.02,-0.39
7986.0,0.7,0.7,0.7226,0.09,0.43
7987.0,0.7,0.7,0.7023,0.01,0.35
7988.0,0.7,0.7,0.7023,0.01,0.35
7989.0,0.7,0.7,0.7081,0.04,0.38
7990.0,0.7,0.7,0.6994,0.01,0.35
7992.0,0.7,0.7,0.7016,0.01,0.35
7993.0,0.7,0.7,0.6972,-0.0,-0.37
7994.0,0.7,0.7,0.6994,0.0,0.34
7995.0,0.7,0.7,0.6947,-0.02,-0.39
7996.0,0.7,0.7,0.6976,-0.01,-0.38
7997.0,0.7,0.7,0.6976,-0.01,-0.38
7998.0,0.7,0.7,0.7176,0.07,0.41
7999.0,0.7,0.7,0.7001,0.01,0.35
8000.0,-0.7,-0.7,0.703,5.8,6.14
8001.0,-0.7,-0.7,0.6994,6.26,6.6
8002.0,-0.7,-0.7,0.6994,6.68,7.02
8003.0,-0.7,-0.7,0.6972,7.07,7.41
8004.0,-0.7,-0.7,0.6943,7.41,7.75
8005.0,-0.7,-0.7,0.7023,7.76,8.1
8006.0,-0.7,-0.7,0.6922,8.02,8.36
8008.0,-0.7,-0.7,0.6856,8.26,8.6
8009.0,-0.7,-0.7,0.6885,8.51,8.85
8010.0,-0.7,-0.7,0.6769,8.68,9.02
8011.0,-0.7,-0.7,0.6755,8.87,9.21
8012.0,-0.7,-0.7,0.6769,9.05,9.39
8013.0,-0.7,-0.7,0.6689,9.18,9.52
8014.0,-0.7,-0.7,0.6675,9.32,9.66
8015.0,-0.7,-0.7,0.6559,9.41,9.75
8016.0,-0.7,-0.7,0.6501,9.5,9.84
8017.0,-0.7,-0.7,0.6421,9.57,9.91
8018.0,-0.7,-0.7,0.6348,9.63,9.97
8020.0,-0.7,-0.7,0.6327,9.7,10.04
8021.0,-0.7,-0.7,0.6276,9.76,10.1
8022.0,-0.7,-0.7,0.6134,9.76,10.1
8023.0,-0.7,-0.7,0.6087,9.8,10.14
8024.0,-0.7,-0.7,0.6044,9.83,10.17
8025.0,-0.7,-0.7,0.5891,9.81,10.15
8026.0,-0.7,-0.7,0.5855,9.82,10.16
8027.0,-0.7,-0.7,0.5862,9.86,10.2
8028.0,-0.7,-0.7,0.5688,9.81,10.15
8029.0,-0.7,-0.7,0.5623,9.8,10.14
8030.0,-0.7,-0.7,0.5507,9.77,10.11
8031.0,-0.7,-0.7,0.5434,9.75,10.09
8032.0,-0.7,-0.7,0.5369,9.73,10.07
8034.0,-0.7,-0.7,0.5177,9.65,9.99
8035.0,-0.7,-0.7,0.5108,9.62,9.96
8036.0,-0.7,-0.7,0.5115,9.62,9.96
8037.0,-0.7,-0.7,0.4992,9.56,9.9
8038.0,-0.7,-0.7,0.4887,9.51,9.85
8039.0,-0.7,-0.7,0.4825,9.47,9.81
8040.0,-0.7,-0.7,0.5013,9.54,9.88
8041.0,-0.7,-0.7,0.4596,9.36,9.7
8042.0,-0.7,-0.7,0.4498,9.3,9.64
8043.0,-0.7,-0.7,0.4353,9.22,9.56
8044.0,-0.7,-0.7,0.4295,9.17,9.51
8045.0,-0.7,-0.7,0.4143,9.09,9.43
8047.0,-0.7,-0.7,0.4092,9.04,9.38
8048.0,-0.7,-0.7,0.407,9.01,9.35
8049.0,-0.7,-0.7,0.3925,8.92,9.26
8050.0,-0.7,-0.7,0.3784,8.84,9.18
8051.0,-0.7,-0.7,0.3744,8.79,9.13
8052.0,-0.7,-0.7,0.3635,8.72,9.06
8053.0,-0.7,-0.7,0.3475,8.62,8.96
8054.0,-0.7,-0.7,0.341,8.57,8.91
8055.0,-0.7,-0.7,0.3308,8.49,8.83
8056.0,-0.7,-0.7,0.3113,8.38,8.72
8057.0,-0.7,-0.7,0.3113,8.34,8.68
8058.0,-0.7,-0.7,0.3018,8.27,8.61
8060.0,-0.7,-0.7,0.2967,8.22,8.56
8061.0,-0.7,-0.7,0.2739,8.09,8.43
8062.0,-0.7,-0.7,0.2837,8.1,8.44
8063.0,-0.7,-0.7,0.2612,7.98,8.32
8064.0,-0.7,-0.7,0.2478,7.89,8.23
8065.0,-0.7,-0.7,0.2362,7.8,8.14
8066.0,-0.7,-0.7,0.2242,7.72,8.06
8067.0,-0.7,-0.7,0.2148,7.64,7.98
8068.0,-0.7,-0.7,0.2031,7.55,7.89
8069.0,-0.7,-0.7,0.1937,7.48,7.82
8070.0,-0.7,-0.7,0.1865,7.41,7.75
8071.0,-0.7,-0.7,0.1705,7.31,7.65
8073.0,-0.7,-0.7,0.1578,7.21,7.55
8074.0,-0.7,-0.7,0.1509,7.15,7.49
8075.0,-0.7,-0.7,0.1393,7.06,7.4
8076.0,-0.7,-0.7,0.1288,6.98,7.32
8077.0,-0.7,-0.7,0.119,6.9,7.24
8078.0,-0.7,-0.7,0.1038,6.8,7.14
8079.0,-0.7,-0.7,0.0972,6.73,7.07
8080.0,-0.7,-0.7,0.0871,6.65,6.99
8081.0,-0.7,-0.7,0.0733,6.55,6.89
8082.0,-0.7,-0.7,0.0609,6.46,6.8
8083.0,-0.7,-0.7,0.0522,6.38,6.72
8084.0,-0.7,-0.7,0.0406,6.3,6.64
8086.0,-0.7,-0.7,0.0152,6.15,6.49
8087.0,-0.7,-0.7,0.0156,6.11,6.45
8088.0,-0.7,-0.7,0.0087,6.04,6.38
8089.0,-0.7,-0.7,-0.0,5.96,6.3
8090.0,-0.7,-0.7,-0.0123,5.87,6.21
8091.0,-0.7,-0.7,-0.0254,5.78,6.12
8092.0,-0.7,-0.7,-0.037,5.69,6.03
8093.0,-0.7,-0.7,-0.0457,5.61,5.95
8094.0,-0.7,-0.7,-0.058,5.52,5.86
8095.0,-0.7,-0.7,-0.0755,5.41,5.75
8096.0,-0.7,-0.7,-0.0798,5.35,5.69
8098.0,-0.7,-0.7,-0.0863,5.28,5.62
8099.0,-0.7,-0.7,-0.1038,5.17,5.51
8100.0,-0.7,-0.7,-0.1154,5.08,5.42
8101.0,-0.7,-0.7,-0.1226,5.01,5.35
8102.0,-0.7,-0.7,-0.1393,4.9,5.24
8103.0,-0.7,-0.7,-0.1531,4.8,5.14
8104.0,-0.7,-0.7,-0.1582,4.74,5.08
8105.0,-0.7,-0.7,-0.1672,4.66,5.0
8106.0,-0.7,-0.7,-0.1814,4.56,4.9
8107.0,-0.7,-0.7,-0.1901,4.48,4.82
8109.0,-0.7,-0.7,-0.205,4.38,4.72
8110.0,-0.7,-0.7,-0.2108,4.31,4.65
8111.0,-0.7,-0.7,-0.2111,4.27,4.61
8112.0,-0.7,-0.7,-0.2344,4.14,4.48
8113.0,-0.7,-0.7,-0.2409,4.07,4.41
8114.0,-0.7,-0.7,-0.2547,3.97,4.31
8115.0,-0.7,-0.7,-0.2656,3.89,4.23
8116.0,-0.7,-0.7,-0.2739,3.81,4.15
8117.0,-0.7,-0.7,-0.2844,3.73,4.07
8118.0,-0.7,-0.7,-0.2931,3.65,3.99
8119.0,-0.7,-0.7,-0.3018,3.58,3.92
8121.0,-0.7,-0.7,-0.3134,3.49,3.83
8122.0,-0.7,-0.7,-0.3156,3.44,3.78
8123.0,-0.7,-0.7,-0.333,3.33,3.67
8124.0,-0.7,-0.7,-0.3403,3.26,3.6
8125.0,-0.7,-0.7,-0.3541,3.17,3.51
8126.0,-0.7,-0.7,-0.3584,3.11,3.45
8127.0,-0.7,-0.7,-0.3755,3.0,3.34
8128.0,-0.7,-0.7,-0.3744,2.97,3.31
8129.0,-0.7,-0.7,-0.3599,2.99,3.33
8130.0,-0.7,-0.7,-0.3976,2.81,3.15
8132.0,-0.7,-0.7,-0.3998,2.76,3.1
8133.0,-0.7,-0.7,-0.4063,2.7,3.04
8134.0,-0.7,-0.7,-0.4248,2.59,2.93
8135.0,-0.7,-0.7,-0.4284,2.54,2.88
8136.0,-0.7,-0.7,-0.4346,2.48,2.82
8137.0,-0.7,-0.7,-0.4469,2.39,2.73
8138.0,-0.7,-0.7,-0.4614,2.3,2.64
8139.0,-0.7,-0.7,-0.4607,2.26,2.6
8140.0,-0.7,-0.7,-0.4665,2.21,2.55
8141.0,-0.7,-0.7,-0.4974,2.05,2.39
8143.0,-0.7,-0.7,-0.4734,2.1,2.44
8144.0,-0.7,-0.7,-0.4847,2.03,2.37
8145.0,-0.7,-0.7,-0.4984,1.94,2.28
8146.0,-0.7,-0.7,-0.5137,1.85,2.19
8147.0,-0.7,-0.7,-0.5097,1.83,2.17
8148.0,-0.7,-0.7,-0.518,1.77,2.11
8149.0,-0.7,-0.7,-0.5231,1.72,2.06
8150.0,-0.7,-0.7,-0.5275,1.67,2.01
8151.0,-0.7,-0.7,-0.5449,1.57,1.91
8152.0,-0.7,-0.7,-0.5449,1.54,1.88
8154.0,-0.7,-0.7,-0.55,1.49,1.83
8155.0,-0.7,-0.7,-0.5529,1.45,1.79
8156.0,-0.7,-0.7,-0.5601,1.4,1.74
8157.0,-0.7,-0.7,-0.5674,1.34,1.68
8158.0,-0.7,-0.7,-0.5739,1.29,1.63
8159.0,-0.7,-0.7,-0.5761,1.25,1.59
8160.0,-0.7,-0.7,-0.5775,1.22,1.56
8161.0,-0.7,-0.7,-0.5884,1.15,1.49
8162.0,-0.7,-0.7,-0.5931,1.11,1.45
8163.0,-0.7,-0.7,-0.5939,1.08,1.42
8164.0,-0.7,-0.7,-0.5971,1.05,1.39
8166.0,-0.7,-0.7,-0.6037,1.0,1.34
8167.0,-0.7,-0.7,-0.6055,0.97,1.31
8168.0,-0.7,-0.7,-0.6109,0.93,1.27
8169.0,-0.7,-0.7,-0.6153,0.89,1.23
8170.0,-0.7,-0.7,-0.6316,0.8,1.14
8171.0,-0.7,-0.7,-0.624,0.81,1.15
8172.0,-0.7,-0.7,-0.6287,0.77,1.11
8173.0,-0.7,-0.7,-0.6341,0.73,1.07
8174.0,-0.7,-0.7,-0.6345,0.71,1.05
8175.0,-0.7,-0.7,-0.6363,0.69,1.03
8177.0,-0.7,-0.7,-0.6436,0.64,0.98
8178.0,-0.7,-0.7,-0.6421,0.63,0.97
8179.0,-0.7,-0.7,-0.6512,0.58,0.92
8180.0,-0.7,-0.7,-0.6494,0.57,0.91
8181.0,-0.7,-0.7,-0.6624,0.5,0.84
8182.0,-0.7,-0.7,-0.6722,0.44,0.78
8183.0,-0.7,-0.7,-0.6631,0.46,0.8
8184.0,-0.7,-0.7,-0.678,0.38,0.72
8185.0,-0.7,-0.7,-0.6653,0.41,0.75
8186.0,-0.7,-0.7,-0.6711,0.38,0.72
8187.0,-0.7,-0.7,-0.6682,0.38,0.72
8189.0,-0.7,-0.7,-0.6733,0.34,0.68
8190.0,-0.7,-0.7,-0.6733,0.33,0.67
8191.0,-0.7,-0.7,-0.6806,0.29,0.63
8192.0,-0.7,-0.7,-0.6813,0.28,0.62
8193.0,-0.7,-0.7,-0.6552,0.37,0.71
8194.0,-0.7,-0.7,-0.6816,0.26,0.6
8195.0,-0.7,-0.7,-0.6929,0.2,0.54
8196.0,-0.7,-0.7,-0.6914,0.2,0.54
8197.0,-0.7,-0.7,-0.6907,0.19,0.53
8198.0,-0.7,-0.7,-0.7034,0.13,0.47
8199.0,-0.7,-0.7,-0.6965,0.14,0.48
8201.0,-0.7,-0.7,-0.6965,0.13,0.47
8202.0,-0.7,-0.7,-0.6954,0.13,0.47
8203.0,-0.7,-0.7,-0.7023,0.09,0.43
8204.0,-0.7,-0.7,-0.6972,0.1,0.44
8205.0,-0.7,-0.7,-0.7067,0.05,0.39
8206.0,-0.7,-0.7,-0.7074,0.04,0.38
8207.0,-0.7,-0.7,-0.7154,0.0,0.34
8208.0,-0.7,-0.7,-0.6987,0.06,0.4
8209.0,-0.7,-0.7,-0.7147,-0.01,-0.38
8210.0,-0.7,-0.7,-0.7121,-0.01,-0.38
8211.0,-0.7,-0.7,-0.7176,-0.04,-0.41
8213.0,-0.7,-0.7,-0.7147,-0.04,-0.41
8214.0,-0.7,-0.7,-0.7157,-0.05,-0.42
8215.0,-0.7,-0.7,-0.7179,-0.06,-0.43
8216.0,-0.7,-0.7,-0.7187,-0.07,-0.44
8217.0,-0.7,-0.7,-0.7157,-0.07,-0.44
8218.0,-0.7,-0.7,-0.7197,-0.09,-0.46
8219.0,-0.7,-0.7,-0.7197,-0.1,-0.47
8220.0,-0.7,-0.7,-0.7154,-0.08,-0.45
8222.0,-0.7,-0.7,-0.7248,-0.13,-0.5
8223.0,-0.7,-0.7,-0.7183,-0.11,-0.48
8224.0,-0.7,-0.7,-0.7216,-0.12,-0.49
8225.0,-0.7,-0.7,-0.7248,-0.14,-0.51
8226.0,-0.7,-0.7,-0.7241,-0.14,-0.51
8227.0,-0.7,-0.7,-0.7212,-0.13,-0.5
8228.0,-0.7,-0.7,-0.7426,-0.23,-0.6
8229.0,-0.7,-0.7,-0.7241,-0.16,-0.53
8231.0,-0.7,-0.7,-0.7089,-0.1,-0.47
8232.0,-0.7,-0.7,-0.7216,-0.15,-0.52
8233.0,-0.7,-0.7,-0.7176,-0.13,-0.5
8234.0,-0.7,-0.7,-0.7205,-0.15,-0.52
8235.0,-0.7,-0.7,-0.7223,-0.16,-0.53
8236.0,-0.7,-0.7,-0.7205,-0.15,-0.52
8237.0,-0.7,-0.7,-0.7226,-0.16,-0.53
8238.0,-0.7,-0.7,-0.7205,-0.15,-0.52
8240.0,-0.7,-0.7,-0.7197,-0.15,-0.52
8241.0,-0.7,-0.7,-0.7168,-0.14,-0.51
8242.0,-0.7,-0.7,-0.7234,-0.17,-0.54
8243.0,-0.7,-0.7,-0.7157,-0.14,-0.51
8244.0,-0.7,-0.7,-0.7234,-0.17,-0.54
8245.0,-0.7,-0.7,-0.7292,-0.19,-0.56
8246.0,-0.7,-0.7,-0.7161,-0.14,-0.51
8247.0,-0.7,-0.7,-0.7139,-0.13,-0.5
8249.0,-0.7,-0.7,-0.731,-0.2,-0.57
8250.0,-0.7,-0.7,-0.7096,-0.12,-0.49
8251.0,-0.7,-0.7,-0.7132,-0.13,-0.5
8252.0,-0.7,-0.7,-0.7041,-0.09,-0.46
8253.0,-0.7,-0.7,-0.719,-0.14,-0.51
8254.0,-0.7,-0.7,-0.7147,-0.13,-0.5
8255.0,-0.7,-0.7,-0.7125,-0.12,-0.49
8256.0,-0.7,-0.7,-0.7157,-0.13,-0.5
8258.0,-0.7,-0.7,-0.7317,-0.19,-0.56
8259.0,-0.7,-0.7,-0.7139,-0.13,-0.5
8260.0,-0.7,-0.7,-0.7103,-0.11,-0.48
8261.0,-0.7,-0.7,-0.7103,-0.11,-0.48
8262.0,-0.7,-0.7,-0.7161,-0.13,-0.5
8263.0,-0.7,-0.7,-0.7074,-0.09,-0.46
8264.0,-0.7,-0.7,-0.706,-0.08,-0.45
8265.0,-0.7,-0.7,-0.7103,-0.1,-0.47
8267.0,-0.7,-0.7,-0.7041,-0.07,-0.44
8268.0,-0.7,-0.7,-0.7096,-0.09,-0.46
8269.0,-0.7,-0.7,-0.706,-0.07,-0.44
8270.0,-0.7,-0.7,-0.6965,-0.03,-0.4
8271.0,-0.7,-0.7,-0.7052,-0.06,-0.43
8272.0,-0.7,-0.7,-0.7052,-0.06,-0.43
8273.0,-0.7,-0.7,-0.711,-0.08,-0.45
8274.0,-0.7,-0.7,-0.7031,-0.05,-0.42
8276.0,-0.7,-0.7,-0.6965,-0.02,-0.39
8277.0,-0.7,-0.7,-0.6965,-0.02,-0.39
8278.0,-0.7,-0.7,-0.7049,-0.05,-0.42
8279.0,-0.7,-0.7,-0.7016,-0.03,-0.4
8280.0,-0.7,-0.7,-0.7002,-0.03,-0.4
8281.0,-0.7,-0.7,-0.7012,-0.03,-0.4
8282.0,-0.7,-0.7,-0.6922,0.01,0.35
8283.0,-0.7,-0.7,-0.698,-0.01,-0.38
8285.0,-0.7,-0.7,-0.6929,0.02,0.36
8286.0,-0.7,-0.7,-0.6972,0.0,0.34
8287.0,-0.7,-0.7,-0.6842,0.06,0.4
8288.0,-0.7,-0.7,-0.6951,0.02,0.36
8289.0,-0.7,-0.7,-0.6947,0.02,0.36
8290.0,-0.7,-0.7,-0.7056,-0.02,-0.39
8291.0,-0.7,-0.7,-0.6954,0.02,0.36
8292.0,-0.7,-0.7,-0.6907,0.04,0.38
8293.0,-0.7,-0.7,-0.6958,0.02,0.36
8294.0,-0.7,-0.7,-0.6711,0.12,0.46
8295.0,-0.7,-0.7,-0.698,0.02,0.36
8297.0,-0.7,-0.7,-0.7023,0.0,0.34
8298.0,-0.7,-0.7,-0.6972,0.02,0.36
8299.0,-0.7,-0.7,-0.6936,0.04,0.38
8300.0,-0.7,-0.7,-0.6925,0.04,0.38
8301.0,-0.7,-0.7,-0.6936,0.04,0.38
8302.0,-0.7,-0.7,-0.6994,0.02,0.36
8303.0,-0.7,-0.7,-0.6849,0.08,0.42
8304.0,-0.7,-0.7,-0.6933,0.05,0.39
8305.0,-0.7,-0.7,-0.6951,0.04,0.38
8306.0,-0.7,-0.7,-0.6929,0.05,0.39
8307.0,-0.7,-0.7,-0.6965,0.03,0.37
8309.0,-0.7,-0.7,-0.6965,0.03,0.37
8310.0,-0.7,-0.7,-0.6998,0.02,0.36
8311.0,-0.7,-0.7,-0.6969,0.03,0.37
8312.0,-0.7,-0.7,-0.6983,0.02,0.36
8313.0,-0.7,-0.7,-0.6943,0.04,0.38
8314.0,-0.7,-0.7,-0.6907,0.05,0.39
8315.0,-0.7,-0.7,-0.7002,0.02,0.36
8316.0,-0.7,-0.7,-0.6943,0.04,0.38
8317.0,-0.7,-0.7,-0.6911,0.05,0.39
8318.0,-0.7,-0.7,-0.698,0.03,0.37
8319.0,-0.7,-0.7,-0.6965,0.03,0.37
8321.0,-0.7,-0.7,-0.6929,0.05,0.39
8322.0,-0.7,-0.7,-0.6958,0.03,0.37
8323.0,-0.7,-0.7,-0.7056,-0.01,-0.38
8324.0,-0.7,-0.7,-0.7023,0.0,0.34
8325.0,-0.7,-0.7,-0.6994,0.01,0.35
8326.0,-0.7,-0.7,-0.6994,0.01,0.35
8327.0,-0.7,-0.7,-0.69,0.05,0.39
8328.0,-0.7,-0.7,-0.7012,0.01,0.35
8329.0,-0.7,-0.7,-0.7002,0.01,0.35
8330.0,-0.7,-0.7,-0.7002,0.01,0.35
8331.0,-0.7,-0.7,-0.698,0.02,0.36
8332.0,-0.7,-0.7,-0.6972,0.02,0.36
8334.0,-0.7,-0.7,-0.7016,0.0,0.34
8335.0,-0.7,-0.7,-0.6769,0.1,0.44
8336.0,-0.7,-0.7,-0.7034,0.0,0.34
8337.0,-0.7,-0.7,-0.6998,0.01,0.35
8338.0,-0.7,-0.7,-0.7023,0.0,0.34
8339.0,-0.7,-0.7,-0.6983,0.02,0.36
8340.0,-0.7,-0.7,-0.7031,-0.0,-0.37
8341.0,-0.7,-0.7,-0.7226,-0.09,-0.46
8342.0,-0.7,-0.7,-0.7165,-0.07,-0.44
8344.0,-0.7,-0.7,-0.7045,-0.02,-0.39
8345.0,-0.7,-0.7,-0.7074,-0.04,-0.41
8346.0,-0.7,-0.7,-0.7023,-0.02,-0.39
8347.0,-0.7,-0.7,-0.7052,-0.03,-0.4
8348.0,-0.7,-0.7,-0.706,-0.03,-0.4
8349.0,-0.7,-0.7,-0.7052,-0.03,-0.4
8350.0,-0.7,-0.7,-0.7041,-0.03,-0.4
8351.0,-0.7,-0.7,-0.7063,-0.04,-0.41
8352.0,-0.7,-0.7,-0.7009,-0.02,-0.39
8354.0,-0.7,-0.7,-0.6965,0.0,0.34
8355.0,-0.7,-0.7,-0.7165,-0.08,-0.45
8356.0,-0.7,-0.7,-0.6987,-0.01,-0.38
8357.0,-0.7,-0.7,-0.6987,-0.01,-0.38
8358.0,-0.7,-0.7,-0.7002,-0.01,-0.38
8359.0,-0.7,-0.7,-0.7154,-0.07,-0.44
8360.0,-0.7,-0.7,-0.6856,0.04,0.38
8361.0,-0.7,-0.7,-0.7056,-0.03,-0.4
8363.0,-0.7,-0.7,-0.6958,0.01,0.35
8364.0,-0.7,-0.7,-0.7023,-0.02,-0.39
8365.0,-0.7,-0.7,-0.7081,-0.04,-0.41
8366.0,-0.7,-0.7,-0.7074,-0.04,-0.41
8367.0,-0.7,-0.7,-0.706,-0.04,-0.41
8368.0,-0.7,-0.7,-0.7052,-0.03,-0.4
8369.0,-0.7,-0.7,-0.7016,-0.02,-0.39
8370.0,-0.7,-0.7,-0.6951,0.01,0.35
8371.0,-0.7,-0.7,-0.7002,-0.01,-0.38
8373.0,-0.7,-0.7,-0.6983,-0.0,-0.37
8374.0,-0.7,-0.7,-0.7031,-0.02,-0.39
8375.0,-0.7,-0.7,-0.7183,-0.08,-0.45
8376.0,-0.7,-0.7,-0.6943,0.01,0.35
8377.0,-0.7,-0.7,-0.7016,-0.02,-0.39
8378.0,-0.7,-0.7,-0.7012,-0.01,-0.38
8379.0,-0.7,-0.7,-0.7034,-0.02,-0.39
8380.0,-0.7,-0.7,-0.7089,-0.05,-0.42
8381.0,-0.7,-0.7,-0.7063,-0.04,-0.41
8383.0,-0.7,-0.7,-0.6943,0.01,0.35
8384.0,-0.7,-0.7,-0.7031,-0.02,-0.39
8385.0,-0.7,-0.7,-0.7002,-0.01,-0.38
8386.0,-0.7,-0.7,-0.6925,0.02,0.36
8387.0,-0.7,-0.7,-0.7089,-0.04,-0.41
8388.0,-0.7,-0.7,-0.7002,-0.01,-0.38
8389.0,-0.7,-0.7,-0.6958,0.01,0.35
8390.0,-0.7,-0.7,-0.6936,0.02,0.36
8391.0,-0.7,-0.7,-0.6994,-0.0,-0.37
8393.0,-0.7,-0.7,-0.7089,-0.04,-0.41
8394.0,-0.7,-0.7,-0.6965,0.01,0.35
8395.0,-0.7,-0.7,-0.698,0.0,0.34
8396.0,-0.7,-0.7,-0.6987,0.0,0.34
8397.0,-0.7,-0.7,-0.6972,0.01,0.35
8398.0,-0.7,-0.7,-0.6972,0.01,0.35
8399.0,-0.7,-0.7,-0.6987,0.01,0.35
8400.0,-0.7,-0.7,-0.6958,0.02,0.36
8401.0,-0.7,-0.7,-0.6998,0.0,0.34
8402.0,-0.7,-0.7,-0.6907,0.04,0.38
8403.0,-0.7,-0.7,-0.6958,0.02,0.36
8405.0,-0.7,-0.7,-0.6943,0.03,0.37
8406.0,-0.7,-0.7,-0.698,0.02,0.36
8407.0,-0.7,-0.7,-0.6994,0.01,0.35
8408.0,-0.7,-0.7,-0.6994,0.01,0.35
8409.0,-0.7,-0.7,-0.6972,0.02,0.36
8410.0,-0.7,-0.7,-0.6965,0.02,0.36
8411.0,-0.7,-0.7,-0.6987,0.01,0.35
8412.0,-0.7,-0.7,-0.6936,0.03,0.37
8413.0,-0.7,-0.7,-0.6965,0.02,0.36
8414.0,-0.7,-0.7,-0.706,-0.02,-0.39
8415.0,-0.7,-0.7,-0.7002,0.01,0.35
8417.0,-0.7,-0.7,-0.702,-0.0,-0.37
8418.0,-0.7,-0.7,-0.6951,0.02,0.36
8419.0,-0.7,-0.7,-0.6951,0.03,0.37
8420.0,-0.7,-0.7,-0.6965,0.02,0.36
8421.0,-0.7,-0.7,-0.7016,0.0,0.34
8422.0,-0.7,-0.7,-0.6925,0.04,0.38
8423.0,-0.7,-0.7,-0.7002,0.01,0.35
8424.0,-0.7,-0.7,-0.6972,0.02,0.36
8425.0,-0.7,-0.7,-0.7002,0.01,0.35
8426.0,-0.7,-0.7,-0.706,-0.02,-0.39
8428.0,-0.7,-0.7,-0.7027,-0.01,-0.38
8429.0,-0.7,-0.7,-0.7074,-0.03,-0.4
8430.0,-0.7,-0.7,-0.7096,-0.04,-0.41
8431.0,-0.7,-0.7,-0.7016,-0.01,-0.38
8432.0,-0.7,-0.7,-0.7005,-0.01,-0.38
8433.0,-0.7,-0.7,-0.6958,0.01,0.35
8434.0,-0.7,-0.7,-0.6983,0.01,0.35
8435.0,-0.7,-0.7,-0.7031,-0.01,-0.38
8436.0,-0.7,-0.7,-0.7041,-0.02,-0.39
8438.0,-0.7,-0.7,-0.6871,0.05,0.39
8439.0,-0.7,-0.7,-0.7002,0.0,0.34
8440.0,-0.7,-0.7,-0.7089,-0.04,-0.41
8441.0,-0.7,-0.7,-0.7038,-0.02,-0.39
8442.0,-0.7,-0.7,-0.7023,-0.01,-0.38
8443.0,-0.7,-0.7,-0.7012,-0.01,-0.38
8444.0,-0.7,-0.7,-0.7005,-0.01,-0.38
8445.0,-0.7,-0.7,-0.7052,-0.02,-0.39
8446.0,-0.7,-0.7,-0.7063,-0.03,-0.4
8448.0,-0.7,-0.7,-0.7096,-0.05,-0.42
8449.0,-0.7,-0.7,-0.6994,-0.01,-0.38
8450.0,-0.7,-0.7,-0.6991,-0.0,-0.37
8451.0,-0.7,-0.7,-0.6991,-0.0,-0.37
8452.0,-0.7,-0.7,-0.7147,-0.07,-0.44
8453.0,-0.7,-0.7,-0.6998,-0.01,-0.38
8454.0,-0.7,-0.7,-0.7023,-0.02,-0.39
8455.0,-0.7,-0.7,-0.6954,0.01,0.35
8457.0,-0.7,-0.7,-0.7002,-0.01,-0.38
8458.0,-0.7,-0.7,-0.6983,0.0,0.34
8459.0,-0.7,-0.7,-0.7161,-0.07,-0.44
8460.0,-0.7,-0.7,-0.7107,-0.05,-0.42
8461.0,-0.7,-0.7,-0.7074,-0.04,-0.41
8462.0,-0.7,-0.7,-0.6929,0.02,0.36
8463.0,-0.7,-0.7,-0.6994,-0.01,-0.38
8464.0,-0.7,-0.7,-0.7012,-0.01,-0.38
8465.0,-0.7,-0.7,-0.6987,-0.0,-0.37
8467.0,-0.7,-0.7,-0.7002,-0.01,-0.38
8468.0,-0.7,-0.7,-0.6958,0.01,0.35
8469.0,-0.7,-0.7,-0.6962,0.01,0.35
8470.0,-0.7,-0.7,-0.7031,-0.02,-0.39
8471.0,-0.7,-0.7,-0.7038,-0.02,-0.39
8472.0,-0.7,-0.7,-0.6987,0.0,0.34
8473.0,-0.7,-0.7,-0.7078,-0.04,-0.41
8474.0,-0.7,-0.7,-0.7045,-0.02,-0.39
8475.0,-0.7,-0.7,-0.7023,-0.02,-0.39
8477.0,-0.7,-0.7,-0.6929,0.02,0.36
8478.0,-0.7,-0.7,-0.6965,0.01,0.35
8479.0,-0.7,-0.7,-0.6893,0.04,0.38
8480.0,-0.7,-0.7,-0.6958,0.02,0.36
8481.0,-0.7,-0.7,-0.6965,0.02,0.36
8482.0,-0.7,-0.7,-0.6958,0.02,0.36
8483.0,-0.7,-0.7,-0.6929,0.03,0.37
8484.0,-0.7,-0.7,-0.711,-0.04,-0.41
8485.0,-0.7,-0.7,-0.6896,0.04,0.38
8486.0,-0.7,-0.7,-0.6954,0.02,0.36
8487.0,-0.7,-0.7,-0.6947,0.03,0.37
8489.0,-0.7,-0.7,-0.6965,0.02,0.36
8490.0,-0.7,-0.7,-0.6972,0.02,0.36
8491.0,-0.7,-0.7,-0.6907,0.05,0.39
8492.0,-0.7,-0.7,-0.6983,0.02,0.36
8493.0,-0.7,-0.7,-0.6943,0.03,0.37
8494.0,-0.7,-0.7,-0.7049,-0.01,-0.38
8495.0,-0.7,-0.7,-0.6947,0.03,0.37
8496.0,-0.7,-0.7,-0.6965,0.02,0.36
8497.0,-0.7,-0.7,-0.6958,0.03,0.37
8498.0,-0.7,-0.7,-0.6893,0.05,0.39
8499.0,-0.7,-0.7,-0.698,0.02,0.36
8501.0,-0.7,-0.7,-0.7074,-0.02,-0.39
8502.0,-0.7,-0.7,-0.6943,0.03,0.37
8503.0,-0.7,-0.7,-0.6954,0.03,0.37
8504.0,-0.7,-0.7,-0.694,0.04,0.38
8505.0,-0.7,-0.7,-0.698,0.02,0.36
8506.0,-0.7,-0.7,-0.6922,0.04,0.38
8507.0,-0.7,-0.7,-0.6965,0.03,0.37
8508.0,-0.7,-0.7,-0.6983,0.02,0.36
8509.0,-0.7,-0.7,-0.7165,-0.06,-0.43
8510.0,-0.7,-0.7,-0.6976,0.02,0.36
8512.0,-0.7,-0.7,-0.706,-0.02,-0.39
8513.0,-0.7,-0.7,-0.7023,-0.01,-0.38
8514.0,-0.7,-0.7,-0.7052,-0.02,-0.39
8515.0,-0.7,-0.7,-0.6914,0.04,0.38
8516.0,-0.7,-0.7,-0.7009,-0.0,-0.37
8517.0,-0.7,-0.7,-0.6965,0.02,0.36
8518.0,-0.7,-0.7,-0.6994,0.01,0.35
8519.0,-0.7,-0.7,-0.6933,0.03,0.37
8520.0,-0.7,-0.7,-0.7005,0.0,0.34
8521.0,-0.7,-0.7,-0.6994,0.01,0.35
8523.0,-0.7,-0.7,-0.6922,0.04,0.38
8524.0,-0.7,-0.7,-0.7012,0.0,0.34
8525.0,-0.7,-0.7,-0.7005,0.0,0.34
8526.0,-0.7,-0.7,-0.6954,0.02,0.36
8527.0,-0.7,-0.7,-0.7067,-0.02,-0.39
8528.0,-0.7,-0.7,-0.7023,-0.01,-0.38
8529.0,-0.7,-0.7,-0.7038,-0.01,-0.38
8530.0,-0.7,-0.7,-0.6972,0.01,0.35
8531.0,-0.7,-0.7,-0.6842,0.07,0.41
8532.0,-0.7,-0.7,-0.7009,0.0,0.34
8533.0,-0.7,-0.7,-0.7002,0.01,0.35
8535.0,-0.7,-0.7,-0.6693,0.13,0.47
8536.0,-0.7,-0.7,-0.7002,0.01,0.35
8537.0,-0.7,-0.7,-0.7016,0.01,0.35
8538.0,-0.7,-0.7,-0.69,0.05,0.39
8539.0,-0.7,-0.7,-0.7009,0.01,0.35
8540.0,-0.7,-0.7,-0.7002,0.01,0.35
8541.0,-0.7,-0.7,-0.6987,0.02,0.36
8542.0,-0.7,-0.7,-0.7023,0.0,0.34
8543.0,-0.7,-0.7,-0.7009,0.01,0.35
8544.0,-0.7,-0.7,-0.7128,-0.04,-0.41
8545.0,-0.7,-0.7,-0.7052,-0.02,-0.39
8547.0,-0.7,-0.7,-0.7056,-0.02,-0.39
8548.0,-0.7,-0.7,-0.7031,-0.01,-0.38
8549.0,-0.7,-0.7,-0.7031,-0.01,-0.38
8550.0,-0.7,-0.7,-0.69,0.04,0.38
8551.0,-0.7,-0.7,-0.6951,0.02,0.36
8552.0,-0.7,-0.7,-0.7027,-0.01,-0.38
8553.0,-0.7,-0.7,-0.6918,0.04,0.38
8554.0,-0.7,-0.7,-0.7041,-0.01,-0.38
8555.0,-0.7,-0.7,-0.7023,-0.01,-0.38
8557.0,-0.7,-0.7,-0.7023,-0.01,-0.38
8558.0,-0.7,-0.7,-0.7016,-0.01,-0.38
8559.0,-0.7,-0.7,-0.7012,-0.01,-0.38
8560.0,-0.7,-0.7,-0.706,-0.03,-0.4
8561.0,-0.7,-0.7,-0.7038,-0.02,-0.39
8562.0,-0.7,-0.7,-0.7016,-0.01,-0.38
8563.0,-0.7,-0.7,-0.7023,-0.01,-0.38
8564.0,-0.7,-0.7,-0.7016,-0.01,-0.38
8566.0,-0.7,-0.7,-0.7023,-0.01,-0.38
8567.0,-0.7,-0.7,-0.6976,0.01,0.35
8568.0,-0.7,-0.7,-0.6943,0.02,0.36
8569.0,-0.7,-0.7,-0.6987,0.0,0.34
8570.0,-0.7,-0.7,-0.6972,0.01,0.35
8571.0,-0.7,-0.7,-0.706,-0.02,-0.39
8572.0,-0.7,-0.7,-0.7012,-0.01,-0.38
8573.0,-0.7,-0.7,-0.7067,-0.03,-0.4
8574.0,-0.7,-0.7,-0.7038,-0.02,-0.39
8576.0,-0.7,-0.7,-0.6987,0.0,0.34
8577.0,-0.7,-0.7,-0.7081,-0.04,-0.41
8578.0,-0.7,-0.7,-0.6943,0.02,0.36
8579.0,-0.7,-0.7,-0.6994,-0.0,-0.37
8580.0,-0.7,-0.7,-0.7009,-0.01,-0.38
8581.0,-0.7,-0.7,-0.7031,-0.02,-0.39
8582.0,-0.7,-0.7,-0.7009,-0.01,-0.38
8583.0,-0.7,-0.7,-0.7016,-0.01,-0.38
8584.0,-0.7,-0.7,-0.7099,-0.05,-0.42
8586.0,-0.7,-0.7,-0.707,-0.04,-0.41
8587.0,-0.7,-0.7,-0.7027,-0.02,-0.39
8588.0,-0.7,-0.7,-0.7002,-0.01,-0.38
8589.0,-0.7,-0.7,-0.7016,-0.01,-0.38
8590.0,-0.7,-0.7,-0.7012,-0.01,-0.38
8591.0,-0.7,-0.7,-0.7016,-0.01,-0.38
8592.0,-0.7,-0.7,-0.6907,0.03,0.37
8593.0,-0.7,-0.7,-0.7045,-0.02,-0.39
8595.0,-0.7,-0.7,-0.6864,0.05,0.39
8596.0,-0.7,-0.7,-0.6824,0.07,0.41
8597.0,-0.7,-0.7,-0.698,0.01,0.35
8598.0,-0.7,-0.7,-0.6987,0.01,0.35
8599.0,-0.7,-0.7,-0.6965,0.02,0.36
8600.0,-0.7,-0.7,-0.6907,0.04,0.38
8601.0,-0.7,-0.7,-0.6987,0.01,0.35
8602.0,-0.7,-0.7,-0.6936,0.04,0.38
8603.0,-0.7,-0.7,-0.7074,-0.02,-0.39
8604.0,-0.7,-0.7,-0.6929,0.04,0.38
8606.0,-0.7,-0.7,-0.7081,-0.03,-0.4
8607.0,-0.7,-0.7,-0.7023,-0.0,-0.37
8608.0,-0.7,-0.7,-0.6882,0.05,0.39
8609.0,-0.7,-0.7,-0.6972,0.02,0.36
8610.0,-0.7,-0.7,-0.6987,0.01,0.35
8611.0,-0.7,-0.7,-0.6965,0.02,0.36
8612.0,-0.7,-0.7,-0.6972,0.02,0.36
8613.0,-0.7,-0.7,-0.6965,0.02,0.36
8614.0,-0.7,-0.7,-0.7099,-0.03,-0.4
8615.0,-0.7,-0.7,-0.7081,-0.03,-0.4
8617.0,-0.7,-0.7,-0.7016,-0.01,-0.38
8618.0,-0.7,-0.7,-0.6933,0.03,0.37
8619.0,-0.7,-0.7,-0.6936,0.03,0.37
8620.0,-0.7,-0.7,-0.7023,-0.0,-0.37
8621.0,-0.7,-0.7,-0.6994,0.01,0.35
8622.0,-0.7,-0.7,-0.698,0.01,0.35
8623.0,-0.7,-0.7,-0.6991,0.01,0.35
8624.0,-0.7,-0.7,-0.6965,0.02,0.36
8625.0,-0.7,-0.7,-0.6432,0.24,0.58
8626.0,-0.7,-0.7,-0.6994,0.03,0.37
8628.0,-0.7,-0.7,-0.7139,-0.04,-0.41
8629.0,-0.7,-0.7,-0.698,0.02,0.36
8630.0,-0.7,-0.7,-0.698,0.02,0.36
8631.0,-0.7,-0.7,-0.7012,0.01,0.35
8632.0,-0.7,-0.7,-0.7002,0.01,0.35
8633.0,-0.7,-0.7,-0.7012,0.01,0.35
8634.0,-0.7,-0.7,-0.6936,0.04,0.38
8635.0,-0.7,-0.7,-0.6965,0.03,0.37
8636.0,-0.7,-0.7,-0.7016,0.0,0.34
8637.0,-0.7,-0.7,-0.7002,0.01,0.35
8638.0,-0.7,-0.7,-0.6994,0.01,0.35
8640.0,-0.7,-0.7,-0.6991,0.01,0.35
8641.0,-0.7,-0.7,-0.7031,-0.01,-0.38
8642.0,-0.7,-0.7,-0.6965,0.02,0.36
8643.0,-0.7,-0.7,-0.7045,-0.01,-0.38
8644.0,-0.7,-0.7,-0.6994,0.01,0.35
8645.0,-0.7,-0.7,-0.6951,0.02,0.36
8646.0,-0.7,-0.7,-0.69,0.05,0.39
8647.0,-0.7,-0.7,-0.7023,-0.0,-0.37
8648.0,-0.7,-0.7,-0.7009,0.0,0.34
8649.0,-0.7,-0.7,-0.7096,-0.03,-0.4
8650.0,-0.7,-0.7,-0.6951,0.02,0.36
8652.0,-0.7,-0.7,-0.7139,-0.05,-0.42
8653.0,-0.7,-0.7,-0.7012,-0.01,-0.38
8654.0,-0.7,-0.7,-0.7049,-0.02,-0.39
8655.0,-0.7,-0.7,-0.7002,-0.0,-0.37
8656.0,-0.7,-0.7,-0.7031,-0.02,-0.39
8657.0,-0.7,-0.7,-0.6994,-0.0,-0.37
8658.0,-0.7,-0.7,-0.6965,0.01,0.35
8659.0,-0.7,-0.7,-0.7023,-0.01,-0.38
8661.0,-0.7,-0.7,-0.7016,-0.01,-0.38
8662.0,-0.7,-0.7,-0.6936,0.02,0.36
8663.0,-0.7,-0.7,-0.7023,-0.01,-0.38
8664.0,-0.7,-0.7,-0.7041,-0.02,-0.39
8665.0,-0.7,-0.7,-0.7016,-0.01,-0.38
8666.0,-0.7,-0.7,-0.6987,0.0,0.34
8667.0,-0.7,-0.7,-0.7034,-0.02,-0.39
8668.0,-0.7,-0.7,-0.7045,-0.02,-0.39
8669.0,-0.7,-0.7,-0.6972,0.01,0.35
8670.0,-0.7,-0.7,-0.6922,0.03,0.37
8672.0,-0.7,-0.7,-0.7016,-0.01,-0.38
8673.0,-0.7,-0.7,-0.7041,-0.02,-0.39
8674.0,-0.7,-0.7,-0.7002,-0.0,-0.37
8675.0,-0.7,-0.7,-0.6943,0.02,0.36
8676.0,-0.7,-0.7,-0.6987,0.01,0.35
8677.0,-0.7,-0.7,-0.7023,-0.01,-0.38
8678.0,-0.7,-0.7,-0.7031,-0.01,-0.38
8679.0,-0.7,-0.7,-0.6987,0.0,0.34
8680.0,-0.7,-0.7,-0.7034,-0.01,-0.38
8682.0,-0.7,-0.7,-0.6958,0.02,0.36
8683.0,-0.7,-0.7,-0.7031,-0.01,-0.38
8684.0,-0.7,-0.7,-0.694,0.02,0.36
8685.0,-0.7,-0.7,-0.7038,-0.01,-0.38
8686.0,-0.7,-0.7,-0.7034,-0.01,-0.38
8687.0,-0.7,-0.7,-0.7016,-0.01,-0.38
8688.0,-0.7,-0.7,-0.7016,-0.01,-0.38
8689.0,-0.7,-0.7,-0.6943,0.02,0.36
8690.0,-0.7,-0.7,-0.7016,-0.01,-0.38
8692.0,-0.7,-0.7,-0.6991,0.0,0.34
8693.0,-0.7,-0.7,-0.6994,0.0,0.34
8694.0,-0.7,-0.7,-0.7002,-0.0,-0.37
8695.0,-0.7,-0.7,-0.694,0.02,0.36
8696.0,-0.7,-0.7,-0.702,-0.01,-0.38
8697.0,-0.7,-0.7,-0.7016,-0.01,-0.38
8698.0,-0.7,-0.7,-0.7031,-0.01,-0.38
8699.0,-0.7,-0.7,-0.711,-0.05,-0.42
8700.0,-0.7,-0.7,-0.6965,0.01,0.35
8702.0,-0.7,-0.7,-0.7165,-0.07,-0.44
8703.0,-0.7,-0.7,-0.6983,-0.0,-0.37
8704.0,-0.7,-0.7,-0.7052,-0.03,-0.4
8705.0,-0.7,-0.7,-0.6951,0.01,0.35
8706.0,-0.7,-0.7,-0.6991,-0.0,-0.37
8707.0,-0.7,-0.7,-0.6943,0.02,0.36
8708.0,-0.7,-0.7,-0.7016,-0.01,-0.38
8709.0,-0.7,-0.7,-0.6838,0.06,0.4
8710.0,-0.7,-0.7,-0.6965,0.02,0.36
8711.0,-0.7,-0.7,-0.7002,0.0,0.34
8713.0,-0.7,-0.7,-0.7012,-0.0,-0.37
8714.0,-0.7,-0.7,-0.6954,0.02,0.36
8715.0,-0.7,-0.7,-0.7009,0.0,0.34
8716.0,-0.7,-0.7,-0.702,-0.0,-0.37
8717.0,-0.7,-0.7,-0.6994,0.0,0.34
8718.0,-0.7,-0.7,-0.7023,-0.01,-0.38
8719.0,-0.7,-0.7,-0.6976,0.01,0.35
8720.0,-0.7,-0.7,-0.7016,-0.0,-0.37
8721.0,-0.7,-0.7,-0.6987,0.01,0.35
8723.0,-0.7,-0.7,-0.706,-0.02,-0.39
8724.0,-0.7,-0.7,-0.6991,0.0,0.34
8725.0,-0.7,-0.7,-0.6987,0.01,0.35
8726.0,-0.7,-0.7,-0.6965,0.01,0.35
8727.0,-0.7,-0.7,-0.7023,-0.01,-0.38
8728.0,-0.7,-0.7,-0.7096,-0.04,-0.41
8729.0,-0.7,-0.7,-0.6994,-0.0,-0.37
8730.0,-0.7,-0.7,-0.6994,0.0,0.34
8731.0,-0.7,-0.7,-0.6962,0.01,0.35
8732.0,-0.7,-0.7,-0.7052,-0.02,-0.39
8734.0,-0.7,-0.7,-0.6914,0.03,0.37
8735.0,-0.7,-0.7,-0.6972,0.01,0.35
8736.0,-0.7,-0.7,-0.6987,0.01,0.35
8737.0,-0.7,-0.7,-0.7056,-0.02,-0.39
8738.0,-0.7,-0.7,-0.6983,0.01,0.35
8739.0,-0.7,-0.7,-0.698,0.01,0.35
8740.0,-0.7,-0.7,-0.698,0.01,0.35
8741.0,-0.7,-0.7,-0.698,0.01,0.35
8742.0,-0.7,-0.7,-0.7012,-0.0,-0.37
8743.0,-0.7,-0.7,-0.7009,-0.0,-0.37
8744.0,-0.7,-0.7,-0.7074,-0.03,-0.4
8746.0,-0.7,-0.7,-0.7002,-0.0,-0.37
8747.0,-0.7,-0.7,-0.7212,-0.09,-0.46
8748.0,-0.7,-0.7,-0.6994,-0.01,-0.38
8749.0,-0.7,-0.7,-0.6965,0.01,0.35
8750.0,-0.7,-0.7,-0.7016,-0.01,-0.38
8751.0,-0.7,-0.7,-0.7023,-0.02,-0.39
8752.0,-0.7,-0.7,-0.6994,-0.0,-0.37
8753.0,-0.7,-0.7,-0.7031,-0.02,-0.39
8755.0,-0.7,-0.7,-0.7012,-0.01,-0.38
8756.0,-0.7,-0.7,-0.7012,-0.01,-0.38
8757.0,-0.7,-0.7,-0.7009,-0.01,-0.38
8758.0,-0.7,-0.7,-0.6987,0.0,0.34
8759.0,-0.7,-0.7,-0.6972,0.01,0.35
8760.0,-0.7,-0.7,-0.7002,-0.0,-0.37
8761.0,-0.7,-0.7,-0.7002,-0.0,-0.37
8762.0,-0.7,-0.7,-0.6501,0.2,0.54
8763.0,-0.7,-0.7,-0.6991,0.02,0.36
8765.0,-0.7,-0.7,-0.7096,-0.03,-0.4
8766.0,-0.7,-0.7,-0.7023,-0.0,-0.37
8767.0,-0.7,-0.7,-0.698,0.02,0.36
8768.0,-0.7,-0.7,-0.6951,0.03,0.37
8769.0,-0.7,-0.7,-0.6987,0.01,0.35
8770.0,-0.7,-0.7,-0.6994,0.01,0.35
8771.0,-0.7,-0.7,-0.7002,0.01,0.35
8772.0,-0.7,-0.7,-0.6994,0.01,0.35
8773.0,-0.7,-0.7,-0.698,0.01,0.35
8774.0,-0.7,-0.7,-0.6965,0.02,0.36
8776.0,-0.7,-0.7,-0.7041,-0.01,-0.38
8777.0,-0.7,-0.7,-0.702,-0.0,-0.37
8778.0,-0.7,-0.7,-0.6994,0.01,0.35
8779.0,-0.7,-0.7,-0.6936,0.03,0.37
8780.0,-0.7,-0.7,-0.6994,0.01,0.35
8781.0,-0.7,-0.7,-0.6878,0.06,0.4
8782.0,-0.7,-0.7,-0.6994,0.01,0.35
8783.0,-0.7,-0.7,-0.6965,0.02,0.36
8784.0,-0.7,-0.7,-0.707,-0.02,-0.39
8785.0,-0.7,-0.7,-0.6951,0.03,0.37
8787.0,-0.7,-0.7,-0.6878,0.06,0.4
8788.0,-0.7,-0.7,-0.7041,-0.01,-0.38
8789.0,-0.7,-0.7,-0.6987,0.01,0.35
8790.0,-0.7,-0.7,-0.7005,0.01,0.35
8791.0,-0.7,-0.7,-0.6878,0.06,0.4
8792.0,-0.7,-0.7,-0.7041,-0.01,-0.38
8793.0,-0.7,-0.7,-0.7012,0.0,0.34
8794.0,-0.7,-0.7,-0.6893,0.05,0.39
8795.0,-0.7,-0.7,-0.6958,0.03,0.37
8796.0,-0.7,-0.7,-0.7002,0.01,0.35
8798.0,-0.7,-0.7,-0.698,0.02,0.36
8799.0,-0.7,-0.7,-0.6962,0.03,0.37
8800.0,-0.7,-0.7,-0.7074,-0.02,-0.39
8801.0,-0.7,-0.7,-0.7052,-0.02,-0.39
8802.0,-0.7,-0.7,-0.7002,0.0,0.34
8803.0,-0.7,-0.7,-0.6965,0.02,0.36
8804.0,-0.7,-0.7,-0.7016,-0.0,-0.37
8805.0,-0.7,-0.7,-0.6958,0.02,0.36
8806.0,-0.7,-0.7,-0.7002,0.0,0.34
8807.0,-0.7,-0.7,-0.7012,-0.0,-0.37
8809.0,-0.7,-0.7,-0.7139,-0.05,-0.42
8810.0,-0.7,-0.7,-0.6958,0.02,0.36
8811.0,-0.7,-0.7,-0.7078,-0.03,-0.4
8812.0,-0.7,-0.7,-0.7052,-0.02,-0.39
8813.0,-0.7,-0.7,-0.7002,-0.0,-0.37
8814.0,-0.7,-0.7,-0.7016,-0.01,-0.38
8815.0,-0.7,-0.7,-0.6885,0.04,0.38
8816.0,-0.7,-0.7,-0.6972,0.01,0.35
8817.0,-0.7,-0.7,-0.6958,0.02,0.36
8819.0,-0.7,-0.7,-0.6958,0.02,0.36
8820.0,-0.7,-0.7,-0.7038,-0.01,-0.38
8821.0,-0.7,-0.7,-0.6987,0.01,0.35
8822.0,-0.7,-0.7,-0.6846,0.07,0.41
8823.0,-0.7,-0.7,-0.6994,0.01,0.35
8824.0,-0.7,-0.7,-0.7023,-0.0,-0.37
8825.0,-0.7,-0.7,-0.7103,-0.04,-0.41
8826.0,-0.7,-0.7,-0.6943,0.02,0.36
8827.0,-0.7,-0.7,-0.7002,0.0,0.34
8828.0,-0.7,-0.7,-0.7041,-0.01,-0.38
8830.0,-0.7,-0.7,-0.7078,-0.03,-0.4
8831.0,-0.7,-0.7,-0.6972,0.01,0.35
8832.0,-0.7,-0.7,-0.7157,-0.07,-0.44
8833.0,-0.7,-0.7,-0.6936,0.02,0.36
8834.0,-0.7,-0.7,-0.7023,-0.01,-0.38
8835.0,-0.7,-0.7,-0.7023,-0.01,-0.38
8836.0,-0.7,-0.7,-0.7041,-0.02,-0.39
8837.0,-0.7,-0.7,-0.7052,-0.03,-0.4
8838.0,-0.7,-0.7,-0.7103,-0.05,-0.42
8840.0,-0.7,-0.7,-0.7052,-0.03,-0.4
8841.0,-0.7,-0.7,-0.698,-0.0,-0.37
8842.0,-0.7,-0.7,-0.7023,-0.02,-0.39
8843.0,-0.7,-0.7,-0.7045,-0.03,-0.4
8844.0,-0.7,-0.7,-0.7052,-0.03,-0.4
8845.0,-0.7,-0.7,-0.7002,-0.01,-0.38
8846.0,-0.7,-0.7,-0.706,-0.03,-0.4
8847.0,-0.7,-0.7,-0.7009,-0.01,-0.38
8849.0,-0.7,-0.7,-0.7023,-0.02,-0.39
8850.0,-0.7,-0.7,-0.6936,0.02,0.36
8851.0,-0.7,-0.7,-0.6922,0.03,0.37
8852.0,-0.7,-0.7,-0.6976,0.01,0.35
8853.0,-0.7,-0.7,-0.6972,0.01,0.35
8854.0,-0.7,-0.7,-0.7005,-0.0,-0.37
8855.0,-0.7,-0.7,-0.702,-0.01,-0.38
8856.0,-0.7,-0.7,-0.7299,-0.13,-0.5
8857.0,-0.7,-0.7,-0.6987,-0.01,-0.38
8859.0,-0.7,-0.7,-0.6994,-0.01,-0.38
8860.0,-0.7,-0.7,-0.698,-0.0,-0.37
8861.0,-0.7,-0.7,-0.694,0.02,0.36
8862.0,-0.7,-0.7,-0.6947,0.02,0.36
8863.0,-0.7,-0.7,-0.6983,0.0,0.34
8864.0,-0.7,-0.7,-0.7041,-0.02,-0.39
8865.0,-0.7,-0.7,-0.7067,-0.03,-0.4
8866.0,-0.7,-0.7,-0.7103,-0.05,-0.42
8867.0,-0.7,-0.7,-0.698,0.0,0.34
8868.0,-0.7,-0.7,-0.6936,0.02,0.36
8870.0,-0.7,-0.7,-0.682,0.07,0.41
8871.0,-0.7,-0.7,-0.6972,0.01,0.35
8872.0,-0.7,-0.7,-0.698,0.01,0.35
8873.0,-0.7,-0.7,-0.6976,0.01,0.35
8874.0,-0.7,-0.7,-0.69,0.05,0.39
8875.0,-0.7,-0.7,-0.6907,0.05,0.39
8876.0,-0.7,-0.7,-0.6987,0.01,0.35
8877.0,-0.7,-0.7,-0.6936,0.04,0.38
8878.0,-0.7,-0.7,-0.7002,0.01,0.35
8879.0,-0.7,-0.7,-0.6972,0.02,0.36
8881.0,-0.7,-0.7,-0.6987,0.01,0.35
8882.0,-0.7,-0.7,-0.6951,0.03,0.37
8883.0,-0.7,-0.7,-0.7002,0.01,0.35
8884.0,-0.7,-0.7,-0.6936,0.04,0.38
8885.0,-0.7,-0.7,-0.698,0.02,0.36
8886.0,-0.7,-0.7,-0.6983,0.02,0.36
8887.0,-0.7,-0.7,-0.7016,0.0,0.34
8888.0,-0.7,-0.7,-0.6994,0.01,0.35
8889.0,-0.7,-0.7,-0.6943,0.03,0.37
8890.0,-0.7,-0.7,-0.7045,-0.01,-0.38
8891.0,-0.7,-0.7,-0.7531,-0.21,-0.58
8893.0,-0.7,-0.7,-0.7067,-0.04,-0.41
8894.0,-0.7,-0.7,-0.698,-0.0,-0.37
8895.0,-0.7,-0.7,-0.7034,-0.03,-0.4
8896.0,-0.7,-0.7,-0.6943,0.01,0.35
8897.0,-0.7,-0.7,-0.6983,-0.0,-0.37
8898.0,-0.7,-0.7,-0.7012,-0.01,-0.38
8899.0,-0.7,-0.7,-0.7031,-0.02,-0.39
8900.0,-0.7,-0.7,-0.7038,-0.02,-0.39
8902.0,-0.7,-0.7,-0.7012,-0.01,-0.38
8903.0,-0.7,-0.7,-0.6965,0.01,0.35
8904.0,-0.7,-0.7,-0.7023,-0.02,-0.39
8905.0,-0.7,-0.7,-0.6998,-0.01,-0.38
8906.0,-0.7,-0.7,-0.698,0.0,0.34
8907.0,-0.7,-0.7,-0.6994,-0.0,-0.37
8908.0,-0.7,-0.7,-0.7031,-0.02,-0.39
8909.0,-0.7,-0.7,-0.6965,0.01,0.35
8910.0,-0.7,-0.7,-0.6954,0.02,0.36
8912.0,-0.7,-0.7,-0.7002,-0.0,-0.37
8913.0,-0.7,-0.7,-0.6991,0.0,0.34
8914.0,-0.7,-0.7,-0.6965,0.01,0.35
8915.0,-0.7,-0.7,-0.6972,0.01,0.35
8916.0,-0.7,-0.7,-0.6925,0.03,0.37
8917.0,-0.7,-0.7,-0.6929,0.03,0.37
8918.0,-0.7,-0.7,-0.6983,0.01,0.35
8919.0,-0.7,-0.7,-0.6994,0.01,0.35
8920.0,-0.7,-0.7,-0.7121,-0.04,-0.41
8921.0,-0.7,-0.7,-0.707,-0.03,-0.4
8923.0,-0.7,-0.7,-0.6929,0.03,0.37
8924.0,-0.7,-0.7,-0.6994,0.0,0.34
8925.0,-0.7,-0.7,-0.6983,0.01,0.35
8926.0,-0.7,-0.7,-0.6994,0.0,0.34
8927.0,-0.7,-0.7,-0.6983,0.01,0.35
8928.0,-0.7,-0.7,-0.7005,-0.0,-0.37
8929.0,-0.7,-0.7,-0.6936,0.03,0.37
8930.0,-0.7,-0.7,-0.7023,-0.01,-0.38
8931.0,-0.7,-0.7,-0.6972,0.01,0.35
8932.0,-0.7,-0.7,-0.7081,-0.03,-0.4
8934.0,-0.7,-0.7,-0.6907,0.04,0.38
8935.0,-0.7,-0.7,-0.7002,0.0,0.34
8936.0,-0.7,-0.7,-0.6994,0.01,0.35
8937.0,-0.7,-0.7,-0.706,-0.02,-0.39
8938.0,-0.7,-0.7,-0.7027,-0.01,-0.38
8939.0,-0.7,-0.7,-0.6994,0.0,0.34
8940.0,-0.7,-0.7,-0.7031,-0.01,-0.38
8941.0,-0.7,-0.7,-0.6983,0.01,0.35
8942.0,-0.7,-0.7,-0.7016,-0.01,-0.38
8943.0,-0.7,-0.7,-0.7002,-0.0,-0.37
8945.0,-0.7,-0.7,-0.7045,-0.02,-0.39
8946.0,-0.7,-0.7,-0.6951,0.02,0.36
8947.0,-0.7,-0.7,-0.7002,-0.0,-0.37
8948.0,-0.7,-0.7,-0.6947,0.02,0.36
8949.0,-0.7,-0.7,-0.6987,0.01,0.35
8950.0,-0.7,-0.7,-0.6987,0.01,0.35
8951.0,-0.7,-0.7,-0.7052,-0.02,-0.39
8952.0,-0.7,-0.7,-0.6965,0.01,0.35
8953.0,-0.7,-0.7,-0.6994,0.0,0.34
8954.0,-0.7,-0.7,-0.7009,-0.0,-0.37
8956.0,-0.7,-0.7,-0.6994,0.0,0.34
8957.0,-0.7,-0.7,-0.6994,0.0,0.34
8958.0,-0.7,-0.7,-0.6994,0.0,0.34
8959.0,-0.7,-0.7,-0.6998,0.0,0.34
8960.0,-0.7,-0.7,-0.6958,0.02,0.36
8961.0,-0.7,-0.7,-0.7045,-0.02,-0.39
8962.0,-0.7,-0.7,-0.6606,0.16,0.5
8963.0,-0.7,-0.7,-0.7009,0.01,0.35
8964.0,-0.7,-0.7,-0.7002,0.01,0.35
8965.0,-0.7,-0.7,-0.7041,-0.01,-0.38
8967.0,-0.7,-0.7,-0.7009,0.01,0.35
8968.0,-0.7,-0.7,-0.6962,0.02,0.36
8969.0,-0.7,-0.7,-0.6929,0.04,0.38
8970.0,-0.7,-0.7,-0.7009,0.01,0.35
8971.0,-0.7,-0.7,-0.7009,0.01,0.35
8972.0,-0.7,-0.7,-0.7031,-0.0,-0.37
8973.0,-0.7,-0.7,-0.7002,0.01,0.35
8974.0,-0.7,-0.7,-0.6958,0.02,0.36
8975.0,-0.7,-0.7,-0.7016,-0.0,-0.37
8976.0,-0.7,-0.7,-0.7081,-0.03,-0.4
8977.0,-0.7,-0.7,-0.7002,0.0,0.34
8979.0,-0.7,-0.7,-0.7081,-0.03,-0.4
8980.0,-0.7,-0.7,-0.7002,-0.0,-0.37
8981.0,-0.7,-0.7,-0.702,-0.01,-0.38
8982.0,-0.7,-0.7,-0.7016,-0.01,-0.38
8983.0,-0.7,-0.7,-0.702,-0.01,-0.38
8984.0,-0.7,-0.7,-0.6987,0.0,0.34
8985.0,-0.7,-0.7,-0.6922,0.03,0.37
8986.0,-0.7,-0.7,-0.6972,0.01,0.35
8987.0,-0.7,-0.7,-0.719,-0.08,-0.45
8989.0,-0.7,-0.7,-0.6972,0.01,0.35
8990.0,-0.7,-0.7,-0.7016,-0.01,-0.38
8991.0,-0.7,-0.7,-0.6922,0.03,0.37
8992.0,-0.7,-0.7,-0.6922,0.03,0.37
8993.0,-0.7,-0.7,-0.7045,-0.02,-0.39
8994.0,-0.7,-0.7,-0.7023,-0.01,-0.38
8995.0,-0.7,-0.7,-0.7002,-0.0,-0.37
8996.0,-0.7,-0.7,-0.6965,0.01,0.35
8997.0,-0.7,-0.7,-0.7012,-0.0,-0.37
8999.0,-0.7,-0.7,-0.6987,0.01,0.35
9000.0,0.7,0.7,-0.7099,-5.82,-6.19
9001.0,0.7,0.7,-0.7005,-6.26,-6.63
9002.0,0.7,0.7,-0.7009,-6.69,-7.06
9003.0,0.7,0.7,-0.6976,-7.07,-7.44
9004.0,0.7,0.7,-0.7103,-7.47,-7.84
9005.0,0.7,0.7,-0.6965,-7.74,-8.11
9006.0,0.7,0.7,-0.6965,-8.04,-8.41
9007.0,0.7,0.7,-0.6914,-8.28,-8.65
9008.0,0.7,0.7,-0.6907,-8.52,-8.89
9010.0,0.7,0.7,-0.6878,-8.73,-9.1
9011.0,0.7,0.7,-0.6719,-8.86,-9.23
9012.0,0.7,0.7,-0.6711,-9.04,-9.41
9013.0,0.7,0.7,-0.6697,-9.19,-9.56
9014.0,0.7,0.7,-0.6617,-9.3,-9.67
9015.0,0.7,0.7,-0.6519,-9.39,-9.76
9016.0,0.7,0.7,-0.6461,-9.48,-9.85
9017.0,0.7,0.7,-0.6443,-9.58,-9.95
9018.0,0.7,0.7,-0.6327,-9.62,-9.99
9019.0,0.7,0.7,-0.629,-9.69,-10.06
9021.0,0.7,0.7,-0.6276,-9.75,-10.12
9022.0,0.7,0.7,-0.6174,-9.78,-10.15
9023.0,0.7,0.7,-0.6058,-9.78,-10.15
9024.0,0.7,0.7,-0.6026,-9.82,-10.19
9025.0,0.7,0.7,-0.5949,-9.83,-10.2
9026.0,0.7,0.7,-0.5895,-9.84,-10.21
9027.0,0.7,0.7,-0.5768,-9.82,-10.19
9028.0,0.7,0.7,-0.5674,-9.8,-10.17
9029.0,0.7,0.7,-0.559,-9.79,-10.16
9030.0,0.7,0.7,-0.5525,-9.77,-10.14
9032.0,0.7,0.7,-0.5478,-9.76,-10.13
9033.0,0.7,0.7,-0.534,-9.72,-10.09
9034.0,0.7,0.7,-0.5195,-9.66,-10.03
9035.0,0.7,0.7,-0.5126,-9.63,-10.0
9036.0,0.7,0.7,-0.5006,-9.57,-9.94
9037.0,0.7,0.7,-0.4738,-9.45,-9.82
9038.0,0.7,0.7,-0.4847,-9.48,-9.85
9039.0,0.7,0.7,-0.4738,-9.42,-9.79
9040.0,0.7,0.7,-0.4633,-9.37,-9.74
9041.0,0.7,0.7,-0.4643,-9.36,-9.73
9043.0,0.7,0.7,-0.4419,-9.25,-9.62
9044.0,0.7,0.7,-0.44,-9.22,-9.59
9045.0,0.7,0.7,-0.4201,-9.12,-9.49
9046.0,0.7,0.7,-0.4143,-9.07,-9.44
9047.0,0.7,0.7,-0.4034,-9.0,-9.37
9048.0,0.7,0.7,-0.3889,-8.91,-9.28
9049.0,0.7,0.7,-0.3845,-8.87,-9.24
9050.0,0.7,0.7,-0.3798,-8.82,-9.19
9051.0,0.7,0.7,-0.3617,-8.72,-9.09
9052.0,0.7,0.7,-0.3483,-8.63,-9.0
9054.0,0.7,0.7,-0.3443,-8.58,-8.95
9055.0,0.7,0.7,-0.333,-8.51,-8.88
9056.0,0.7,0.7,-0.3142,-8.4,-8.77
9057.0,0.7,0.7,-0.3156,-8.37,-8.74
9058.0,0.7,0.7,-0.2982,-8.27,-8.64
9059.0,0.7,0.7,-0.2851,-8.18,-8.55
9060.0,0.7,0.7,-0.2659,-8.06,-8.43
9061.0,0.7,0.7,-0.267,-8.03,-8.4
9062.0,0.7,0.7,-0.2518,-7.93,-8.3
9063.0,0.7,0.7,-0.2409,-7.85,-8.22
9065.0,0.7,0.7,-0.2242,-7.74,-8.11
9066.0,0.7,0.7,-0.2227,-7.69,-8.06
9067.0,0.7,0.7,-0.209,-7.6,-7.97
9068.0,0.7,0.7,-0.2082,-7.56,-7.93
9069.0,0.7,0.7,-0.1908,-7.45,-7.82
9070.0,0.7,0.7,-0.1821,-7.38,-7.75
9071.0,0.7,0.7,-0.1632,-7.26,-7.63
9072.0,0.7,0.7,-0.1473,-7.16,-7.53
9073.0,0.7,0.7,-0.1451,-7.11,-7.48
9074.0,0.7,0.7,-0.1357,-7.03,-7.4
9076.0,0.7,0.7,-0.1197,-6.92,-7.29
9077.0,0.7,0.7,-0.1262,-6.91,-7.28
9078.0,0.7,0.7,-0.1023,-6.78,-7.15
9079.0,0.7,0.7,-0.0914,-6.69,-7.06
9080.0,0.7,0.7,-0.0863,-6.63,-7.0
9081.0,0.7,0.7,-0.066,-6.51,-6.88
9082.0,0.7,0.7,-0.0573,-6.43,-6.8
9083.0,0.7,0.7,-0.0435,-6.34,-6.71
9084.0,0.7,0.7,-0.0377,-6.27,-6.64
9085.0,0.7,0.7,-0.0196,-6.15,-6.52
9087.0,0.7,0.7,-0.0073,-6.06,-6.43
9088.0,0.7,0.7,-0.0007,-5.99,-6.36
9089.0,0.7,0.7,0.0174,-5.88,-6.25
9090.0,0.7,0.7,0.0203,-5.82,-6.19
9091.0,0.7,0.7,0.0297,-5.74,-6.11
9092.0,0.7,0.7,0.0435,-5.64,-6.01
9093.0,0.7,0.7,0.0544,-5.56,-5.93
9094.0,0.7,0.7,0.0649,-5.47,-5.84
9095.0,0.7,0.7,0.0794,-5.37,-5.74
9096.0,0.7,0.7,0.0878,-5.29,-5.66
9097.0,0.7,0.7,0.1103,-5.16,-5.53
9098.0,0.7,0.7,0.1067,-5.13,-5.5
9100.0,0.7,0.7,0.1248,-5.02,-5.39
9101.0,0.7,0.7,0.1317,-4.94,-5.31
9102.0,0.7,0.7,0.1429,-4.86,-5.23
9103.0,0.7,0.7,0.1607,-4.74,-5.11
9104.0,0.7,0.7,0.1625,-4.69,-5.06
9105.0,0.7,0.7,0.1741,-4.6,-4.97
9106.0,0.7,0.7,0.1821,-4.53,-4.9
9107.0,0.7,0.7,0.1952,-4.44,-4.81
9108.0,0.7,0.7,0.2071,-4.35,-4.72
9109.0,0.7,0.7,0.2235,-4.24,-4.61
9110.0,0.7,0.7,0.2246,-4.19,-4.56
9112.0,0.7,0.7,0.238,-4.1,-4.47
9113.0,0.7,0.7,0.2467,-4.02,-4.39
9114.0,0.7,0.7,0.2561,-3.94,-4.31
9115.0,0.7,0.7,0.2692,-3.85,-4.22
9116.0,0.7,0.7,0.2793,-3.77,-4.14
9117.0,0.7,0.7,0.2811,-3.72,-4.09
9118.0,0.7,0.7,0.2967,-3.62,-3.99
9119.0,0.7,0.7,0.2957,-3.58,-3.95
9120.0,0.7,0.7,0.3076,-3.5,-3.87
9121.0,0.7,0.7,0.3258,-3.39,-3.76
9122.0,0.7,0.7,0.3337,-3.32,-3.69
9123.0,0.7,0.7,0.3432,-3.24,-3.61
9125.0,0.7,0.7,0.3493,-3.18,-3.55
9126.0,0.7,0.7,0.3599,-3.1,-3.47
9127.0,0.7,0.7,0.3715,-3.01,-3.38
9128.0,0.7,0.7,0.3751,-2.96,-3.33
9129.0,0.7,0.7,0.3882,-2.87,-3.24
9130.0,0.7,0.7,0.3954,-2.8,-3.17
9131.0,0.7,0.7,0.4063,-2.72,-3.09
9132.0,0.7,0.7,0.4172,-2.64,-3.01
9133.0,0.7,0.7,0.4477,-2.48,-2.85
9134.0,0.7,0.7,0.4281,-2.52,-2.89
9135.0,0.7,0.7,0.4382,-2.44,-2.81
9136.0,0.7,0.7,0.4527,-2.35,-2.72
9137.0,0.7,0.7,0.4498,-2.32,-2.69
9139.0,0.7,0.7,0.4585,-2.26,-2.63
9140.0,0.7,0.7,0.4672,-2.19,-2.56
9141.0,0.7,0.7,0.489,-2.07,-2.44
9142.0,0.7,0.7,0.4774,-2.08,-2.45
9143.0,0.7,0.7,0.4796,-2.04,-2.41
9144.0,0.7,0.7,0.4941,-1.96,-2.33
9145.0,0.7,0.7,0.505,-1.88,-2.25
9146.0,0.7,0.7,0.5086,-1.84,-2.21
9147.0,0.7,0.7,0.5137,-1.79,-2.16
9148.0,0.7,0.7,0.5195,-1.73,-2.1
9149.0,0.7,0.7,0.5202,-1.7,-2.07
9150.0,0.7,0.7,0.5311,-1.63,-2.0
9152.0,0.7,0.7,0.5325,-1.6,-1.97
9153.0,0.7,0.7,0.5434,-1.53,-1.9
9154.0,0.7,0.7,0.5463,-1.49,-1.86
9155.0,0.7,0.7,0.5514,-1.45,-1.82
9156.0,0.7,0.7,0.5666,-1.36,-1.73
9157.0,0.7,0.7,0.5652,-1.34,-1.71
9158.0,0.7,0.7,0.5688,-1.3,-1.67
9159.0,0.7,0.7,0.5754,-1.25,-1.62
9160.0,0.7,0.7,0.5833,-1.19,-1.56
9161.0,0.7,0.7,0.5819,-1.17,-1.54
9162.0,0.7,0.7,0.5891,-1.12,-1.49
9163.0,0.7,0.7,0.5957,-1.07,-1.44
9165.0,0.7,0.7,0.6015,-1.03,-1.4
9166.0,0.7,0.7,0.6036,-0.99,-1.36
9167.0,0.7,0.7,0.6095,-0.95,-1.32
9168.0,0.7,0.7,0.6124,-0.92,-1.29
9169.0,0.7,0.7,0.6055,-0.93,-1.3
9170.0,0.7,0.7,0.6232,-0.84,-1.21
9171.0,0.7,0.7,0.6276,-0.8,-1.17
9172.0,0.7,0.7,0.6247,-0.79,-1.16
9173.0,0.7,0.7,0.628,-0.76,-1.13
9174.0,0.7,0.7,0.6348,-0.71,-1.08
9175.0,0.7,0.7,0.6486,-0.64,-1.01
9176.0,0.7,0.7,0.6472,-0.62,-0.99
9178.0,0.7,0.7,0.6465,-0.61,-0.98
9179.0,0.7,0.7,0.6559,-0.55,-0.92
9180.0,0.7,0.7,0.6552,-0.54,-0.91
9181.0,0.7,0.7,0.6541,-0.53,-0.9
9182.0,0.7,0.7,0.6617,-0.48,-0.85
9183.0,0.7,0.7,0.6617,-0.46,-0.83
9184.0,0.7,0.7,0.6715,-0.41,-0.78
9185.0,0.7,0.7,0.6769,-0.37,-0.74
9186.0,0.7,0.7,0.6711,-0.38,-0.75
9187.0,0.7,0.7,0.6748,-0.35,-0.72
9188.0,0.7,0.7,0.6755,-0.33,-0.7
9189.0,0.7,0.7,0.6784,-0.31,-0.68
9191.0,0.7,0.7,0.6907,-0.24,-0.61
9192.0,0.7,0.7,0.6831,-0.26,-0.63
9193.0,0.7,0.7,0.6798,-0.26,-0.63
9194.0,0.7,0.7,0.7179,-0.1,-0.47
9195.0,0.7,0.7,0.6907,-0.19,-0.56
9196.0,0.7,0.7,0.6929,-0.17,-0.54
9197.0,0.7,0.7,0.6947,-0.15,-0.52
9198.0,0.7,0.7,0.6943,-0.14,-0.51
9199.0,0.7,0.7,0.6976,-0.12,-0.49
9200.0,0.7,0.7,0.7005,-0.1,-0.47
9201.0,0.7,0.7,0.7118,-0.04,-0.41
9202.0,0.7,0.7,0.7125,-0.03,-0.4
9203.0,0.7,0.7,0.7081,-0.03,-0.4
9204.0,0.7,0.7,0.706,-0.03,-0.4
9206.0,0.7,0.7,0.7154,0.01,0.35
9207.0,0.7,0.7,0.715,0.02,0.36
9208.0,0.7,0.7,0.7125,0.02,0.36
9209.0,0.7,0.7,0.7139,0.03,0.37
9210.0,0.7,0.7,0.7103,0.02,0.36
9211.0,0.7,0.7,0.7089,0.02,0.36
9212.0,0.7,0.7,0.7179,0.06,0.4
9213.0,0.7,0.7,0.7226,0.09,0.43
9214.0,0.7,0.7,0.7172,0.08,0.42
9215.0,0.7,0.7,0.719,0.09,0.43
9216.0,0.7,0.7,0.7255,0.12,0.46
9217.0,0.7,0.7,0.7139,0.08,0.42
9218.0,0.7,0.7,0.7176,0.1,0.44
9219.0,0.7,0.7,0.7176,0.1,0.44
9220.0,0.7,0.7,0.7263,0.14,0.48
9221.0,0.7,0.7,0.7161,0.11,0.45
9222.0,0.7,0.7,0.7208,0.13,0.47
9223.0,0.7,0.7,0.7179,0.12,0.46
9224.0,0.7,0.7,0.7139,0.1,0.44
9226.0,0.7,0.7,0.694,0.02,0.36
9227.0,0.7,0.7,0.7197,0.12,0.46
9228.0,0.7,0.7,0.7219,0.13,0.47
9229.0,0.7,0.7,0.7147,0.11,0.45
9230.0,0.7,0.7,0.7219,0.14,0.48
9231.0,0.7,0.7,0.7226,0.14,0.48
9232.0,0.7,0.7,0.7226,0.15,0.49
9233.0,0.7,0.7,0.7237,0.15,0.49
9234.0,0.7,0.7,0.7197,0.14,0.48
9235.0,0.7,0.7,0.7205,0.15,0.49
9236.0,0.7,0.7,0.7197,0.14,0.48
9237.0,0.7,0.7,0.7226,0.16,0.5
9238.0,0.7,0.7,0.7205,0.15,0.49
9239.0,0.7,0.7,0.7179,0.14,0.48
9240.0,0.7,0.7,0.7179,0.14,0.48
9241.0,0.7,0.7,0.7208,0.15,0.49
9242.0,0.7,0.7,0.7147,0.13,0.47
9243.0,0.7,0.7,0.7161,0.13,0.47
9244.0,0.7,0.7,0.7205,0.15,0.49
9245.0,0.7,0.7,0.7179,0.14,0.48
9246.0,0.7,0.7,0.7139,0.12,0.46
9248.0,0.7,0.7,0.7168,0.14,0.48
9249.0,0.7,0.7,0.7255,0.17,0.51
9250.0,0.7,0.7,0.7263,0.18,0.52
9251.0,0.7,0.7,0.7161,0.14,0.48
9252.0,0.7,0.7,0.7118,0.12,0.46
9253.0,0.7,0.7,0.7139,0.13,0.47
9254.0,0.7,0.7,0.7052,0.09,0.43
9255.0,0.7,0.7,0.7147,0.12,0.46
9256.0,0.7,0.7,0.7132,0.12,0.46
9257.0,0.7,0.7,0.7125,0.11,0.45
9258.0,0.7,0.7,0.7081,0.09,0.43
9259.0,0.7,0.7,0.711,0.1,0.44
9260.0,0.7,0.7,0.7089,0.09,0.43
9261.0,0.7,0.7,0.7147,0.11,0.45
9262.0,0.7,0.7,0.7052,0.08,0.42
9263.0,0.7,0.7,0.7074,0.08,0.42
9264.0,0.7,0.7,0.7074,0.08,0.42
9265.0,0.7,0.7,0.706,0.07,0.41
9266.0,0.7,0.7,0.7118,0.09,0.43
9267.0,0.7,0.7,0.6965,0.03,0.37
9268.0,0.7,0.7,0.7074,0.07,0.41
9270.0,0.7,0.7,0.703,0.05,0.39
9271.0,0.7,0.7,0.7118,0.08,0.42
9272.0,0.7,0.7,0.7092,0.07,0.41
9273.0,0.7,0.7,0.7205,0.12,0.46
9274.0,0.7,0.7,0.7023,0.05,0.39
9275.0,0.7,0.7,0.7001,0.04,0.38
9276.0,0.7,0.7,0.7023,0.04,0.38
9277.0,0.7,0.7,0.6994,0.03,0.37
9278.0,0.7,0.7,0.6936,0.0,0.34
9279.0,0.7,0.7,0.7023,0.03,0.37
9280.0,0.7,0.7,0.6929,-0.01,-0.38
9281.0,0.7,0.7,0.6972,0.01,0.35
9282.0,0.7,0.7,0.6958,-0.0,-0.37
9283.0,0.7,0.7,0.6972,0.0,0.34
9284.0,0.7,0.7,0.6849,-0.05,-0.42
9285.0,0.7,0.7,0.6965,-0.01,-0.38
9286.0,0.7,0.7,0.6976,-0.01,-0.38
9287.0,0.7,0.7,0.6929,-0.03,-0.4
9289.0,0.7,0.7,0.703,0.01,0.35
9290.0,0.7,0.7,0.6929,-0.03,-0.4
9291.0,0.7,0.7,0.7023,0.01,0.35
9292.0,0.7,0.7,0.682,-0.08,-0.45
9293.0,0.7,0.7,0.6972,-0.02,-0.39
9294.0,0.7,0.7,0.6965,-0.02,-0.39
9295.0,0.7,0.7,0.6943,-0.03,-0.4
9296.0,0.7,0.7,0.6947,-0.03,-0.4
9297.0,0.7,0.7,0.6958,-0.03,-0.4
9298.0,0.7,0.7,0.7023,-0.0,-0.37
9299.0,0.7,0.7,0.6914,-0.04,-0.41
9300.0,0.7,0.7,0.6936,-0.04,-0.41
9301.0,0.7,0.7,0.6885,-0.06,-0.43
9302.0,0.7,0.7,0.6958,-0.03,-0.4
9304.0,0.7,0.7,0.6958,-0.03,-0.4
9305.0,0.7,0.7,0.6885,-0.06,-0.43
9306.0,0.7,0.7,0.6914,-0.05,-0.42
9307.0,0.7,0.7,0.7005,-0.02,-0.39
9308.0,0.7,0.7,0.6922,-0.05,-0.42
9309.0,0.7,0.7,0.6994,-0.02,-0.39
9310.0,0.7,0.7,0.6907,-0.06,-0.43
9311.0,0.7,0.7,0.7001,-0.02,-0.39
9312.0,0.7,0.7,0.6922,-0.05,-0.42
9313.0,0.7,0.7,0.6947,-0.04,-0.41
9314.0,0.7,0.7,0.6907,-0.06,-0.43
9315.0,0.7,0.7,0.698,-0.03,-0.4
9316.0,0.7,0.7,0.703,-0.01,-0.38
9318.0,0.7,0.7,0.6972,-0.03,-0.4
9319.0,0.7,0.7,0.7023,-0.01,-0.38
9320.0,0.7,0.7,0.7081,0.02,0.36
9321.0,0.7,0.7,0.7001,-0.01,-0.38
9322.0,0.7,0.7,0.6965,-0.02,-0.39
9323.0,0.7,0.7,0.6972,-0.02,-0.39
9324.0,0.7,0.7,0.7023,0.0,0.34
9325.0,0.7,0.7,0.703,0.01,0.35
9326.0,0.7,0.7,0.7001,-0.01,-0.38
9327.0,0.7,0.7,0.6965,-0.02,-0.39
9328.0,0.7,0.7,0.7001,-0.01,-0.38
9329.0,0.7,0.7,0.7023,0.0,0.34
9330.0,0.7,0.7,0.7016,0.0,0.34
9331.0,0.7,0.7,0.7001,-0.0,-0.37
9332.0,0.7,0.7,0.7023,0.01,0.35
9333.0,0.7,0.7,0.7034,0.01,0.35
9334.0,0.7,0.7,0.6972,-0.01,-0.38
9336.0,0.7,0.7,0.7005,0.0,0.34
9337.0,0.7,0.7,0.711,0.04,0.38
9338.0,0.7,0.7,0.7045,0.02,0.36
9339.0,0.7,0.7,0.7001,0.0,0.34
9340.0,0.7,0.7,0.7081,0.04,0.38
9341.0,0.7,0.7,0.7052,0.03,0.37
9342.0,0.7,0.7,0.706,0.03,0.37
9343.0,0.7,0.7,0.7023,0.02,0.36
9344.0,0.7,0.7,0.7023,0.02,0.36
9345.0,0.7,0.7,0.7074,0.04,0.38
9346.0,0.7,0.7,0.7009,0.01,0.35
9347.0,0.7,0.7,0.6987,0.0,0.34
9348.0,0.7,0.7,0.7023,0.02,0.36
9349.0,0.7,0.7,0.7023,0.02,0.36
9350.0,0.7,0.7,0.7023,0.02,0.36
9351.0,0.7,0.7,0.703,0.02,0.36
9352.0,0.7,0.7,0.703,0.02,0.36
9353.0,0.7,0.7,0.7023,0.02,0.36
9354.0,0.7,0.7,0.7023,0.02,0.36
9355.0,0.7,0.7,0.706,0.03,0.37
9356.0,0.7,0.7,0.7001,0.01,0.35
9357.0,0.7,0.7,0.6972,-0.0,-0.37
9358.0,0.7,0.7,0.6994,0.01,0.35
9360.0,0.7,0.7,0.7001,0.01,0.35
9361.0,0.7,0.7,0.7118,0.05,0.39
9362.0,0.7,0.7,0.698,0.0,0.34
9363.0,0.7,0.7,0.7045,0.03,0.37
9364.0,0.7,0.7,0.7038,0.02,0.36
9365.0,0.7,0.7,0.7034,0.02,0.36
9366.0,0.7,0.7,0.6972,-0.0,-0.37
9367.0,0.7,0.7,0.6951,-0.01,-0.38
9368.0,0.7,0.7,0.6972,-0.01,-0.38
9369.0,0.7,0.7,0.6972,-0.01,-0.38
9370.0,0.7,0.7,0.6976,-0.01,-0.38
9371.0,0.7,0.7,0.6987,-0.0,-0.37
9372.0,0.7,0.7,0.6976,-0.01,-0.38
9373.0,0.7,0.7,0.6987,-0.01,-0.38
9374.0,0.7,0.7,0.6951,-0.02,-0.39
9376.0,0.7,0.7,0.6972,-0.01,-0.38
9377.0,0.7,0.7,0.7001,-0.0,-0.37
9378.0,0.7,0.7,0.6976,-0.01,-0.38
9379.0,0.7,0.7,0.7001,-0.0,-0.37
9380.0,0.7,0.7,0.6976,-0.01,-0.38
9381.0,0.7,0.7,0.7009,0.0,0.34
9382.0,0.7,0.7,0.6965,-0.02,-0.39
9383.0,0.7,0.7,0.703,0.01,0.35
9384.0,0.7,0.7,0.6991,-0.01,-0.38
9385.0,0.7,0.7,0.6965,-0.02,-0.39
9386.0,0.7,0.7,0.6936,-0.03,-0.4
9387.0,0.7,0.7,0.6871,-0.06,-0.43
9388.0,0.7,0.7,0.6987,-0.01,-0.38
9389.0,0.7,0.7,0.6871,-0.06,-0.43
9391.0,0.7,0.7,0.7038,0.0,0.34
9392.0,0.7,0.7,0.7005,-0.01,-0.38
9393.0,0.7,0.7,0.6972,-0.02,-0.39
9394.0,0.7,0.7,0.7023,0.0,0.34
9395.0,0.7,0.7,0.7081,0.03,0.37
9396.0,0.7,0.7,0.6994,-0.01,-0.38
9397.0,0.7,0.7,0.6994,-0.01,-0.38
9398.0,0.7,0.7,0.7001,-0.0,-0.37
9399.0,0.7,0.7,0.7001,-0.0,-0.37
9400.0,0.7,0.7,0.6972,-0.01,-0.38
9401.0,0.7,0.7,0.7052,0.02,0.36
9402.0,0.7,0.7,0.6918,-0.04,-0.41
9403.0,0.7,0.7,0.6994,-0.01,-0.38
9404.0,0.7,0.7,0.6987,-0.01,-0.38
9405.0,0.7,0.7,0.7023,0.01,0.35
9406.0,0.7,0.7,0.703,0.01,0.35
9408.0,0.7,0.7,0.7001,-0.0,-0.37
9409.0,0.7,0.7,0.7023,0.01,0.35
9410.0,0.7,0.7,0.7001,0.0,0.34
9411.0,0.7,0.7,0.6976,-0.01,-0.38
9412.0,0.7,0.7,0.706,0.02,0.36
9413.0,0.7,0.7,0.706,0.03,0.37
9414.0,0.7,0.7,0.6936,-0.02,-0.39
9415.0,0.7,0.7,0.7081,0.03,0.37
9416.0,0.7,0.7,0.7023,0.01,0.35
9417.0,0.7,0.7,0.7023,0.01,0.35
9418.0,0.7,0.7,0.7001,0.0,0.34
9419.0,0.7,0.7,0.7038,0.02,0.36
9420.0,0.7,0.7,0.7023,0.01,0.35
9421.0,0.7,0.7,0.7023,0.01,0.35
9422.0,0.7,0.7,0.7023,0.01,0.35
9423.0,0.7,0.7,0.6882,-0.04,-0.41
9424.0,0.7,0.7,0.703,0.01,0.35
9425.0,0.7,0.7,0.703,0.01,0.35
9426.0,0.7,0.7,0.6965,-0.01,-0.38
9427.0,0.7,0.7,0.706,0.03,0.37
9429.0,0.7,0.7,0.703,0.02,0.36
9430.0,0.7,0.7,0.7001,0.0,0.34
9431.0,0.7,0.7,0.7023,0.01,0.35
9432.0,0.7,0.7,0.7001,0.0,0.34
9433.0,0.7,0.7,0.7074,0.03,0.37
9434.0,0.7,0.7,0.6976,-0.0,-0.37
9435.0,0.7,0.7,0.7092,0.04,0.38
9436.0,0.7,0.7,0.6994,0.0,0.34
9437.0,0.7,0.7,0.703,0.02,0.36
9438.0,0.7,0.7,0.7063,0.03,0.37
9439.0,0.7,0.7,0.7005,0.01,0.35
9440.0,0.7,0.7,0.7001,0.01,0.35
9441.0,0.7,0.7,0.6958,-0.01,-0.38
9442.0,0.7,0.7,0.6943,-0.02,-0.39
9443.0,0.7,0.7,0.7016,0.01,0.35
9444.0,0.7,0.7,0.6918,-0.03,-0.4
9445.0,0.7,0.7,0.6965,-0.01,-0.38
9446.0,0.7,0.7,0.6878,-0.05,-0.42
9447.0,0.7,0.7,0.6987,-0.01,-0.38
9449.0,0.7,0.7,0.6722,-0.12,-0.49
9450.0,0.7,0.7,0.703,-0.0,-0.37
9451.0,0.7,0.7,0.7023,-0.0,-0.37
9452.0,0.7,0.7,0.7023,-0.0,-0.37
9453.0,0.7,0.7,0.6929,-0.04,-0.41
9454.0,0.7,0.7,0.6994,-0.01,-0.38
9455.0,0.7,0.7,0.6987,-0.01,-0.38
9456.0,0.7,0.7,0.703,0.0,0.34
9457.0,0.7,0.7,0.6994,-0.01,-0.38
9458.0,0.7,0.7,0.6773,-0.1,-0.47
9459.0,0.7,0.7,0.6972,-0.03,-0.4
9460.0,0.7,0.7,0.6994,-0.02,-0.39
9461.0,0.7,0.7,0.6965,-0.03,-0.4
9462.0,0.7,0.7,0.6987,-0.02,-0.39
9464.0,0.7,0.7,0.6994,-0.01,-0.38
9465.0,0.7,0.7,0.7132,0.04,0.38
9466.0,0.7,0.7,0.7045,0.01,0.35
9467.0,0.7,0.7,0.6994,-0.01,-0.38
9468.0,0.7,0.7,0.7034,0.01,0.35
9469.0,0.7,0.7,0.7023,0.01,0.35
9470.0,0.7,0.7,0.7001,-0.0,-0.37
9471.0,0.7,0.7,0.7023,0.01,0.35
9472.0,0.7,0.7,0.7001,0.0,0.34
9473.0,0.7,0.7,0.69,-0.04,-0.41
9474.0,0.7,0.7,0.6994,-0.01,-0.38
9475.0,0.7,0.7,0.6994,-0.01,-0.38
9476.0,0.7,0.7,0.6769,-0.1,-0.47
9477.0,0.7,0.7,0.7023,-0.0,-0.37
9478.0,0.7,0.7,0.706,0.02,0.36
9479.0,0.7,0.7,0.7052,0.02,0.36
9481.0,0.7,0.7,0.7063,0.02,0.36
9482.0,0.7,0.7,0.7168,0.07,0.41
9483.0,0.7,0.7,0.7045,0.02,0.36
9484.0,0.7,0.7,0.7023,0.02,0.36
9485.0,0.7,0.7,0.7023,0.02,0.36
9486.0,0.7,0.7,0.7023,0.02,0.36
9487.0,0.7,0.7,0.6994,0.0,0.34
9488.0,0.7,0.7,0.703,0.02,0.36
9489.0,0.7,0.7,0.7023,0.02,0.36
9490.0,0.7,0.7,0.69,-0.03,-0.4
9491.0,0.7,0.7,0.6994,0.0,0.34
9492.0,0.7,0.7,0.7023,0.01,0.35
9493.0,0.7,0.7,0.7045,0.02,0.36
9494.0,0.7,0.7,0.6994,0.0,0.34
9495.0,0.7,0.7,0.6994,0.0,0.34
9496.0,0.7,0.7,0.7081,0.04,0.38
9497.0,0.7,0.7,0.703,0.02,0.36
9498.0,0.7,0.7,0.7001,0.01,0.35
9499.0,0.7,0.7,0.6972,-0.01,-0.38
9500.0,0.7,0.7,0.6976,-0.01,-0.38
9501.0,0.7,0.7,0.7001,0.0,0.34
9503.0,0.7,0.7,0.7001,0.0,0.34
9504.0,0.7,0.7,0.703,0.02,0.36
9505.0,0.7,0.7,0.6965,-0.01,-0.38
9506.0,0.7,0.7,0.6936,-0.02,-0.39
9507.0,0.7,0.7,0.7001,0.0,0.34
9508.0,0.7,0.7,0.6994,-0.0,-0.37
9509.0,0.7,0.7,0.7038,0.01,0.35
9510.0,0.7,0.7,0.6972,-0.01,-0.38
9511.0,0.7,0.7,0.6994,-0.0,-0.37
9512.0,0.7,0.7,0.6987,-0.01,-0.38
9513.0,0.7,0.7,0.7001,-0.0,-0.37
9514.0,0.7,0.7,0.6965,-0.02,-0.39
9515.0,0.7,0.7,0.6965,-0.02,-0.39
9516.0,0.7,0.7,0.6965,-0.02,-0.39
9517.0,0.7,0.7,0.703,0.01,0.35
9518.0,0.7,0.7,0.7001,-0.0,-0.37
9520.0,0.7,0.7,0.7005,-0.0,-0.37
9521.0,0.7,0.7,0.6994,-0.0,-0.37
9522.0,0.7,0.7,0.7023,0.01,0.35
9523.0,0.7,0.7,0.6994,-0.0,-0.37
9524.0,0.7,0.7,0.6994,-0.0,-0.37
9525.0,0.7,0.7,0.6889,-0.05,-0.42
9526.0,0.7,0.7,0.7001,-0.0,-0.37
9527.0,0.7,0.7,0.6987,-0.01,-0.38
9528.0,0.7,0.7,0.7045,0.01,0.35
9529.0,0.7,0.7,0.706,0.02,0.36
9530.0,0.7,0.7,0.7001,0.0,0.34
9531.0,0.7,0.7,0.6904,-0.04,-0.41
9532.0,0.7,0.7,0.7023,0.01,0.35
9533.0,0.7,0.7,0.698,-0.01,-0.38
9534.0,0.7,0.7,0.7016,0.0,0.34
9536.0,0.7,0.7,0.6943,-0.03,-0.4
9537.0,0.7,0.7,0.7063,0.02,0.36
9538.0,0.7,0.7,0.7023,0.01,0.35
9539.0,0.7,0.7,0.7001,0.0,0.34
9540.0,0.7,0.7,0.7001,0.0,0.34
9541.0,0.7,0.7,0.7023,0.01,0.35
9542.0,0.7,0.7,0.6987,-0.0,-0.37
9543.0,0.7,0.7,0.7009,0.0,0.34
9544.0,0.7,0.7,0.698,-0.01,-0.38
9545.0,0.7,0.7,0.6994,-0.0,-0.37
9546.0,0.7,0.7,0.7001,0.0,0.34
9547.0,0.7,0.7,0.7045,0.02,0.36
9548.0,0.7,0.7,0.7023,0.01,0.35
9549.0,0.7,0.7,0.6987,-0.0,-0.37
9550.0,0.7,0.7,0.6987,-0.0,-0.37
9551.0,0.7,0.7,0.7001,0.0,0.34
9552.0,0.7,0.7,0.6943,-0.02,-0.39
9553.0,0.7,0.7,0.7001,-0.0,-0.37
9555.0,0.7,0.7,0.7092,0.04,0.38
9556.0,0.7,0.7,0.6994,-0.0,-0.37
9557.0,0.7,0.7,0.6965,-0.01,-0.38
9558.0,0.7,0.7,0.7001,0.0,0.34
9559.0,0.7,0.7,0.6994,-0.0,-0.37
9560.0,0.7,0.7,0.7001,0.0,0.34
9561.0,0.7,0.7,0.6994,-0.0,-0.37
9562.0,0.7,0.7,0.6987,-0.01,-0.38
9563.0,0.7,0.7,0.7023,0.01,0.35
9564.0,0.7,0.7,0.6972,-0.01,-0.38
9565.0,0.7,0.7,0.6918,-0.03,-0.4
9566.0,0.7,0.7,0.703,0.01,0.35
9567.0,0.7,0.7,0.7023,0.01,0.35
9568.0,0.7,0.7,0.7045,0.02,0.36
9569.0,0.7,0.7,0.7001,0.0,0.34
9570.0,0.7,0.7,0.6936,-0.03,-0.4
9571.0,0.7,0.7,0.6994,-0.0,-0.37
9573.0,0.7,0.7,0.7023,0.01,0.35
9574.0,0.7,0.7,0.7001,-0.0,-0.37
9575.0,0.7,0.7,0.7001,-0.0,-0.37
9576.0,0.7,0.7,0.6987,-0.01,-0.38
9577.0,0.7,0.7,0.6965,-0.02,-0.39
9578.0,0.7,0.7,0.6947,-0.02,-0.39
9579.0,0.7,0.7,0.6994,-0.01,-0.38
9580.0,0.7,0.7,0.7005,-0.0,-0.37
9581.0,0.7,0.7,0.7001,-0.0,-0.37
9582.0,0.7,0.7,0.7009,0.0,0.34
9583.0,0.7,0.7,0.6994,-0.0,-0.37
9584.0,0.7,0.7,0.7023,0.01,0.35
9585.0,0.7,0.7,0.7023,0.01,0.35
9586.0,0.7,0.7,0.7005,0.0,0.34
9587.0,0.7,0.7,0.7023,0.01,0.35
9588.0,0.7,0.7,0.7023,0.01,0.35
9590.0,0.7,0.7,0.7001,0.0,0.34
9591.0,0.7,0.7,0.7023,0.01,0.35
9592.0,0.7,0.7,0.6864,-0.05,-0.42
9593.0,0.7,0.7,0.6914,-0.04,-0.41
9594.0,0.7,0.7,0.6929,-0.03,-0.4
9595.0,0.7,0.7,0.703,0.01,0.35
9596.0,0.7,0.7,0.7052,0.02,0.36
9597.0,0.7,0.7,0.7023,0.01,0.35
9598.0,0.7,0.7,0.7023,0.01,0.35
9599.0,0.7,0.7,0.7023,0.01,0.35
9600.0,0.7,0.7,0.7023,0.01,0.35
9601.0,0.7,0.7,0.703,0.01,0.35
9602.0,0.7,0.7,0.7023,0.01,0.35
9603.0,0.7,0.7,0.6936,-0.02,-0.39
9604.0,0.7,0.7,0.703,0.01,0.35
9605.0,0.7,0.7,0.7078,0.03,0.37
9606.0,0.7,0.7,0.703,0.02,0.36
9607.0,0.7,0.7,0.6965,-0.01,-0.38
9608.0,0.7,0.7,0.7005,0.0,0.34
9610.0,0.7,0.7,0.6994,0.0,0.34
9611.0,0.7,0.7,0.706,0.03,0.37
9612.0,0.7,0.7,0.6965,-0.01,-0.38
9613.0,0.7,0.7,0.6951,-0.02,-0.39
9614.0,0.7,0.7,0.703,0.01,0.35
9615.0,0.7,0.7,0.7009,0.01,0.35
9616.0,0.7,0.7,0.6994,-0.0,-0.37
9617.0,0.7,0.7,0.715,0.06,0.4
9618.0,0.7,0.7,0.7001,0.01,0.35
9619.0,0.7,0.7,0.7023,0.02,0.36
9620.0,0.7,0.7,0.6929,-0.02,-0.39
9621.0,0.7,0.7,0.6976,-0.01,-0.38
9622.0,0.7,0.7,0.7016,0.01,0.35
9623.0,0.7,0.7,0.703,0.01,0.35
9624.0,0.7,0.7,0.7005,0.01,0.35
9625.0,0.7,0.7,0.6994,0.0,0.34
9626.0,0.7,0.7,0.706,0.03,0.37
9627.0,0.7,0.7,0.7001,0.0,0.34
9628.0,0.7,0.7,0.6929,-0.03,-0.4
9630.0,0.7,0.7,0.6795,-0.08,-0.45
9631.0,0.7,0.7,0.6994,-0.01,-0.38
9632.0,0.7,0.7,0.7089,0.03,0.37
9633.0,0.7,0.7,0.7052,0.02,0.36
9634.0,0.7,0.7,0.7001,0.0,0.34
9635.0,0.7,0.7,0.6936,-0.03,-0.4
9636.0,0.7,0.7,0.6994,-0.0,-0.37
9637.0,0.7,0.7,0.6987,-0.01,-0.38
9638.0,0.7,0.7,0.7023,0.01,0.35
9639.0,0.7,0.7,0.7001,-0.0,-0.37
9640.0,0.7,0.7,0.698,-0.01,-0.38
9641.0,0.7,0.7,0.698,-0.01,-0.38
9642.0,0.7,0.7,0.6965,-0.02,-0.39
9643.0,0.7,0.7,0.703,0.01,0.35
9644.0,0.7,0.7,0.706,0.02,0.36
9646.0,0.7,0.7,0.7005,0.0,0.34
9647.0,0.7,0.7,0.7034,0.01,0.35
9648.0,0.7,0.7,0.6965,-0.01,-0.38
9649.0,0.7,0.7,0.6987,-0.01,-0.38
9650.0,0.7,0.7,0.6987,-0.01,-0.38
9651.0,0.7,0.7,0.7067,0.03,0.37
9652.0,0.7,0.7,0.6943,-0.02,-0.39
9653.0,0.7,0.7,0.698,-0.01,-0.38
9654.0,0.7,0.7,0.7023,0.01,0.35
9655.0,0.7,0.7,0.6878,-0.05,-0.42
9656.0,0.7,0.7,0.6994,-0.01,-0.38
9657.0,0.7,0.7,0.6976,-0.01,-0.38
9658.0,0.7,0.7,0.7001,-0.0,-0.37
9659.0,0.7,0.7,0.6965,-0.02,-0.39
9661.0,0.7,0.7,0.7052,0.02,0.36
9662.0,0.7,0.7,0.706,0.02,0.36
9663.0,0.7,0.7,0.6922,-0.03,-0.4
9664.0,0.7,0.7,0.6969,-0.02,-0.39
9665.0,0.7,0.7,0.7023,0.01,0.35
9666.0,0.7,0.7,0.7023,0.01,0.35
9667.0,0.7,0.7,0.7001,-0.0,-0.37
9668.0,0.7,0.7,0.6914,-0.04,-0.41
9669.0,0.7,0.7,0.698,-0.01,-0.38
9670.0,0.7,0.7,0.6965,-0.02,-0.39
9671.0,0.7,0.7,0.6972,-0.02,-0.39
9672.0,0.7,0.7,0.7001,-0.01,-0.38
9673.0,0.7,0.7,0.6951,-0.03,-0.4
9674.0,0.7,0.7,0.6972,-0.02,-0.39
9675.0,0.7,0.7,0.6907,-0.05,-0.42
9677.0,0.7,0.7,0.7001,-0.01,-0.38
9678.0,0.7,0.7,0.7005,-0.01,-0.38
9679.0,0.7,0.7,0.6994,-0.01,-0.38
9680.0,0.7,0.7,0.7001,-0.01,-0.38
9681.0,0.7,0.7,0.703,0.01,0.35
9682.0,0.7,0.7,0.6994,-0.01,-0.38
9683.0,0.7,0.7,0.703,0.01,0.35
9684.0,0.7,0.7,0.7023,0.01,0.35
9685.0,0.7,0.7,0.7001,-0.0,-0.37
9686.0,0.7,0.7,0.6994,-0.0,-0.37
9687.0,0.7,0.7,0.703,0.01,0.35
9688.0,0.7,0.7,0.6933,-0.03,-0.4
9689.0,0.7,0.7,0.7045,0.02,0.36
9690.0,0.7,0.7,0.7023,0.01,0.35
9691.0,0.7,0.7,0.7263,0.11,0.45
9692.0,0.7,0.7,0.703,0.02,0.36
9693.0,0.7,0.7,0.7023,0.02,0.36
9695.0,0.7,0.7,0.7023,0.02,0.36
9696.0,0.7,0.7,0.7001,0.01,0.35
9697.0,0.7,0.7,0.7001,0.01,0.35
9698.0,0.7,0.7,0.703,0.02,0.36
9699.0,0.7,0.7,0.7052,0.03,0.37
9700.0,0.7,0.7,0.703,0.02,0.36
9701.0,0.7,0.7,0.7023,0.02,0.36
9702.0,0.7,0.7,0.7074,0.04,0.38
9703.0,0.7,0.7,0.6907,-0.03,-0.4
9704.0,0.7,0.7,0.7045,0.03,0.37
9705.0,0.7,0.7,0.6922,-0.02,-0.39
9706.0,0.7,0.7,0.7045,0.02,0.36
9707.0,0.7,0.7,0.7023,0.01,0.35
9708.0,0.7,0.7,0.7023,0.02,0.36
9709.0,0.7,0.7,0.7168,0.08,0.42
9710.0,0.7,0.7,0.7205,0.1,0.44
9711.0,0.7,0.7,0.6918,-0.02,-0.39
9712.0,0.7,0.7,0.6965,-0.0,-0.37
9713.0,0.7,0.7,0.7005,0.01,0.35
9714.0,0.7,0.7,0.6994,0.01,0.35
9716.0,0.7,0.7,0.7023,0.02,0.36
9717.0,0.7,0.7,0.6972,-0.0,-0.37
9718.0,0.7,0.7,0.7074,0.04,0.38
9719.0,0.7,0.7,0.6914,-0.03,-0.4
9720.0,0.7,0.7,0.6965,-0.01,-0.38
9721.0,0.7,0.7,0.7034,0.02,0.36
9722.0,0.7,0.7,0.698,-0.0,-0.37
9723.0,0.7,0.7,0.7045,0.02,0.36
9724.0,0.7,0.7,0.6994,0.0,0.34
9725.0,0.7,0.7,0.6987,-0.0,-0.37
9726.0,0.7,0.7,0.6972,-0.01,-0.38
9727.0,0.7,0.7,0.7023,0.01,0.35
9728.0,0.7,0.7,0.6896,-0.04,-0.41
9729.0,0.7,0.7,0.6987,-0.01,-0.38
9730.0,0.7,0.7,0.7063,0.02,0.36
9731.0,0.7,0.7,0.6936,-0.03,-0.4
9733.0,0.7,0.7,0.7023,0.01,0.35
9734.0,0.7,0.7,0.6994,-0.0,-0.37
9735.0,0.7,0.7,0.6972,-0.01,-0.38
9736.0,0.7,0.7,0.7023,0.01,0.35
9737.0,0.7,0.7,0.7001,-0.0,-0.37
9738.0,0.7,0.7,0.7001,0.0,0.34
9739.0,0.7,0.7,0.6994,-0.0,-0.37
9740.0,0.7,0.7,0.7016,0.01,0.35
9741.0,0.7,0.7,0.6994,-0.0,-0.37
9742.0,0.7,0.7,0.6994,-0.0,-0.37
9743.0,0.7,0.7,0.6987,-0.01,-0.38
9744.0,0.7,0.7,0.7023,0.01,0.35
9745.0,0.7,0.7,0.7001,0.0,0.34
9746.0,0.7,0.7,0.7023,0.01,0.35
9747.0,0.7,0.7,0.703,0.01,0.35
9748.0,0.7,0.7,0.703,0.01,0.35
9749.0,0.7,0.7,0.6994,0.0,0.34
9750.0,0.7,0.7,0.6972,-0.01,-0.38
9752.0,0.7,0.7,0.6987,-0.0,-0.37
9753.0,0.7,0.7,0.6972,-0.01,-0.38
9754.0,0.7,0.7,0.7001,0.0,0.34
9755.0,0.7,0.7,0.6972,-0.01,-0.38
9756.0,0.7,0.7,0.7001,-0.0,-0.37
9757.0,0.7,0.7,0.7001,-0.0,-0.37
9758.0,0.7,0.7,0.6994,-0.0,-0.37
9759.0,0.7,0.7,0.7045,0.02,0.36
9760.0,0.7,0.7,0.6994,-0.0,-0.37
9761.0,0.7,0.7,0.6987,-0.01,-0.38
9762.0,0.7,0.7,0.703,0.01,0.35
9763.0,0.7,0.7,0.6668,-0.14,-0.51
9764.0,0.7,0.7,0.7023,-0.0,-0.37
9765.0,0.7,0.7,0.6943,-0.03,-0.4
9767.0,0.7,0.7,0.7001,-0.01,-0.38
9768.0,0.7,0.7,0.7005,-0.01,-0.38
9769.0,0.7,0.7,0.7009,-0.0,-0.37
9770.0,0.7,0.7,0.7005,-0.0,-0.37
9771.0,0.7,0.7,0.7001,-0.01,-0.38
9772.0,0.7,0.7,0.7001,-0.0,-0.37
9773.0,0.7,0.7,0.7023,0.0,0.34
9774.0,0.7,0.7,0.7023,0.01,0.35
9775.0,0.7,0.7,0.7001,-0.0,-0.37
9776.0,0.7,0.7,0.706,0.02,0.36
9777.0,0.7,0.7,0.6994,-0.0,-0.37
9778.0,0.7,0.7,0.7034,0.01,0.35
9779.0,0.7,0.7,0.6965,-0.01,-0.38
9780.0,0.7,0.7,0.7023,0.01,0.35
9781.0,0.7,0.7,0.706,0.02,0.36
9782.0,0.7,0.7,0.6994,0.0,0.34
9783.0,0.7,0.7,0.7023,0.01,0.35
9785.0,0.7,0.7,0.7001,0.0,0.34
9786.0,0.7,0.7,0.6965,-0.01,-0.38
9787.0,0.7,0.7,0.6965,-0.01,-0.38
9788.0,0.7,0.7,0.7023,0.01,0.35
9789.0,0.7,0.7,0.7023,0.01,0.35
9790.0,0.7,0.7,0.7074,0.03,0.37
9791.0,0.7,0.7,0.7023,0.01,0.35
9792.0,0.7,0.7,0.7335,0.14,0.48
9793.0,0.7,0.7,0.6947,-0.01,-0.38
9794.0,0.7,0.7,0.7023,0.02,0.36
9795.0,0.7,0.7,0.7118,0.06,0.4
9796.0,0.7,0.7,0.7074,0.05,0.39
9797.0,0.7,0.7,0.7023,0.03,0.37
9798.0,0.7,0.7,0.7023,0.02,0.36
9799.0,0.7,0.7,0.7197,0.1,0.44
9800.0,0.7,0.7,0.7034,0.03,0.37
9801.0,0.7,0.7,0.6922,-0.01,-0.38
9802.0,0.7,0.7,0.7016,0.02,0.36
9803.0,0.7,0.7,0.7092,0.05,0.39
9805.0,0.7,0.7,0.7023,0.03,0.37
9806.0,0.7,0.7,0.7023,0.02,0.36
9807.0,0.7,0.7,0.7023,0.02,0.36
9808.0,0.7,0.7,0.7023,0.02,0.36
9809.0,0.7,0.7,0.6994,0.01,0.35
9810.0,0.7,0.7,0.6994,0.01,0.35
9811.0,0.7,0.7,0.6976,0.0,0.34
9812.0,0.7,0.7,0.7001,0.01,0.35
9813.0,0.7,0.7,0.7016,0.02,0.36
9814.0,0.7,0.7,0.7197,0.09,0.43
9815.0,0.7,0.7,0.6994,0.01,0.35
9816.0,0.7,0.7,0.6994,0.01,0.35
9817.0,0.7,0.7,0.6976,0.0,0.34
9818.0,0.7,0.7,0.6943,-0.01,-0.38
9819.0,0.7,0.7,0.6994,0.0,0.34
9820.0,0.7,0.7,0.6994,0.0,0.34
9821.0,0.7,0.7,0.7089,0.04,0.38
9822.0,0.7,0.7,0.6947,-0.01,-0.38
9823.0,0.7,0.7,0.6987,-0.0,-0.37
9824.0,0.7,0.7,0.6965,-0.01,-0.38
9826.0,0.7,0.7,0.7023,0.01,0.35
9827.0,0.7,0.7,0.7056,0.03,0.37
9828.0,0.7,0.7,0.6965,-0.01,-0.38
9829.0,0.7,0.7,0.6972,-0.01,-0.38
9830.0,0.7,0.7,0.702,0.01,0.35
9831.0,0.7,0.7,0.6965,-0.01,-0.38
9832.0,0.7,0.7,0.6936,-0.03,-0.4
9833.0,0.7,0.7,0.6994,-0.0,-0.37
9834.0,0.7,0.7,0.6972,-0.01,-0.38
9835.0,0.7,0.7,0.6965,-0.02,-0.39
9836.0,0.7,0.7,0.6965,-0.02,-0.39
9837.0,0.7,0.7,0.6871,-0.06,-0.43
9838.0,0.7,0.7,0.6874,-0.06,-0.43
9839.0,0.7,0.7,0.6972,-0.02,-0.39
9841.0,0.7,0.7,0.6987,-0.02,-0.39
9842.0,0.7,0.7,0.6947,-0.03,-0.4
9843.0,0.7,0.7,0.6914,-0.05,-0.42
9844.0,0.7,0.7,0.7001,-0.01,-0.38
9845.0,0.7,0.7,0.6871,-0.07,-0.44
9846.0,0.7,0.7,0.6987,-0.02,-0.39
9847.0,0.7,0.7,0.6958,-0.03,-0.4
9848.0,0.7,0.7,0.6994,-0.02,-0.39
9849.0,0.7,0.7,0.6965,-0.03,-0.4
9850.0,0.7,0.7,0.6994,-0.02,-0.39
9851.0,0.7,0.7,0.7005,-0.01,-0.38
9852.0,0.7,0.7,0.6994,-0.01,-0.38
9853.0,0.7,0.7,0.6929,-0.04,-0.41
9855.0,0.7,0.7,0.7023,-0.0,-0.37
9856.0,0.7,0.7,0.6972,-0.02,-0.39
9857.0,0.7,0.7,0.6987,-0.02,-0.39
9858.0,0.7,0.7,0.6976,-0.02,-0.39
9859.0,0.7,0.7,0.7001,-0.01,-0.38
9860.0,0.7,0.7,0.7001,-0.01,-0.38
9861.0,0.7,0.7,0.698,-0.02,-0.39
9862.0,0.7,0.7,0.7255,0.1,0.44
9863.0,0.7,0.7,0.7052,0.02,0.36
9864.0,0.7,0.7,0.7023,0.01,0.35
9865.0,0.7,0.7,0.7103,0.05,0.39
9866.0,0.7,0.7,0.7139,0.06,0.4
9867.0,0.7,0.7,0.7001,0.01,0.35
9868.0,0.7,0.7,0.7001,0.01,0.35
9869.0,0.7,0.7,0.706,0.03,0.37
9870.0,0.7,0.7,0.7089,0.05,0.39
9871.0,0.7,0.7,0.7001,0.01,0.35
9872.0,0.7,0.7,0.703,0.02,0.36
9874.0,0.7,0.7,0.7023,0.02,0.36
9875.0,0.7,0.7,0.703,0.02,0.36
9876.0,0.7,0.7,0.7016,0.02,0.36
9877.0,0.7,0.7,0.6943,-0.01,-0.38
9878.0,0.7,0.7,0.7052,0.03,0.37
9879.0,0.7,0.7,0.7023,0.02,0.36
9880.0,0.7,0.7,0.6987,0.0,0.34
9881.0,0.7,0.7,0.7092,0.05,0.39
9882.0,0.7,0.7,0.7023,0.02,0.36
9883.0,0.7,0.7,0.69,-0.03,-0.4
9884.0,0.7,0.7,0.6994,0.0,0.34
9885.0,0.7,0.7,0.7052,0.03,0.37
9886.0,0.7,0.7,0.711,0.05,0.39
9887.0,0.7,0.7,0.6994,0.01,0.35
9888.0,0.7,0.7,0.7045,0.03,0.37
9889.0,0.7,0.7,0.7023,0.02,0.36
9890.0,0.7,0.7,0.7001,0.01,0.35
9891.0,0.7,0.7,0.6994,0.01,0.35
9892.0,0.7,0.7,0.7023,0.02,0.36
9893.0,0.7,0.7,0.6994,0.01,0.35
9894.0,0.7,0.7,0.7118,0.06,0.4
9895.0,0.7,0.7,0.7001,0.01,0.35
9897.0,0.7,0.7,0.6987,0.0,0.34
9898.0,0.7,0.7,0.7023,0.02,0.36
9899.0,0.7,0.7,0.6994,0.01,0.35
9900.0,0.7,0.7,0.6936,-0.02,-0.39
9901.0,0.7,0.7,0.6965,-0.01,-0.38
9902.0,0.7,0.7,0.6994,0.0,0.34
9903.0,0.7,0.7,0.698,-0.01,-0.38
9904.0,0.7,0.7,0.7009,0.01,0.35
9905.0,0.7,0.7,0.6987,-0.0,-0.37
9906.0,0.7,0.7,0.6976,-0.01,-0.38
9907.0,0.7,0.7,0.7005,0.0,0.34
9908.0,0.7,0.7,0.6994,-0.0,-0.37
9909.0,0.7,0.7,0.698,-0.01,-0.38
9910.0,0.7,0.7,0.6994,-0.0,-0.37
9911.0,0.7,0.7,0.6987,-0.01,-0.38
9912.0,0.7,0.7,0.6976,-0.01,-0.38
9914.0,0.7,0.7,0.7023,0.01,0.35
9915.0,0.7,0.7,0.6994,-0.0,-0.37
9916.0,0.7,0.7,0.6972,-0.01,-0.38
9917.0,0.7,0.7,0.6972,-0.01,-0.38
9918.0,0.7,0.7,0.6972,-0.01,-0.38
9919.0,0.7,0.7,0.6936,-0.03,-0.4
9920.0,0.7,0.7,0.6958,-0.02,-0.39
9921.0,0.7,0.7,0.6972,-0.02,-0.39
9922.0,0.7,0.7,0.698,-0.01,-0.38
9923.0,0.7,0.7,0.6965,-0.02,-0.39
9924.0,0.7,0.7,0.6929,-0.04,-0.41
9925.0,0.7,0.7,0.6965,-0.02,-0.39
9926.0,0.7,0.7,0.6936,-0.04,-0.41
9928.0,0.7,0.7,0.6972,-0.02,-0.39
9929.0,0.7,0.7,0.6936,-0.04,-0.41
9930.0,0.7,0.7,0.6994,-0.01,-0.38
9931.0,0.7,0.7,0.7001,-0.01,-0.38
9932.0,0.7,0.7,0.6994,-0.01,-0.38
9933.0,0.7,0.7,0.7005,-0.01,-0.38
9934.0,0.7,0.7,0.7001,-0.01,-0.38
9935.0,0.7,0.7,0.6994,-0.01,-0.38
9936.0,0.7,0.7,0.6965,-0.02,-0.39
9937.0,0.7,0.7,0.7049,0.01,0.35
9938.0,0.7,0.7,0.7045,0.01,0.35
9939.0,0.7,0.7,0.6936,-0.03,-0.4
9940.0,0.7,0.7,0.7023,0.0,0.34
9941.0,0.7,0.7,0.7052,0.02,0.36
9942.0,0.7,0.7,0.7052,0.02,0.36
9943.0,0.7,0.7,0.7023,0.01,0.35
9945.0,0.7,0.7,0.7001,0.0,0.34
9946.0,0.7,0.7,0.706,0.03,0.37
9947.0,0.7,0.7,0.703,0.02,0.36
9948.0,0.7,0.7,0.7125,0.06,0.4
9949.0,0.7,0.7,0.6802,-0.07,-0.44
9950.0,0.7,0.7,0.7052,0.02,0.36
9951.0,0.7,0.7,0.7147,0.06,0.4
9952.0,0.7,0.7,0.7023,0.02,0.36
9953.0,0.7,0.7,0.6958,-0.01,-0.38
9954.0,0.7,0.7,0.6936,-0.02,-0.39
9955.0,0.7,0.7,0.7023,0.01,0.35
9956.0,0.7,0.7,0.703,0.02,0.36
9957.0,0.7,0.7,0.7038,0.02,0.36
9958.0,0.7,0.7,0.7081,0.04,0.38
9959.0,0.7,0.7,0.703,0.02,0.36
9960.0,0.7,0.7,0.7023,0.02,0.36
9961.0,0.7,0.7,0.703,0.02,0.36
9962.0,0.7,0.7,0.7045,0.03,0.37
9963.0,0.7,0.7,0.7023,0.02,0.36
9964.0,0.7,0.7,0.7045,0.03,0.37
9965.0,0.7,0.7,0.7023,0.02,0.36
9967.0,0.7,0.7,0.703,0.02,0.36
9968.0,0.7,0.7,0.7165,0.08,0.42
9969.0,0.7,0.7,0.703,0.03,0.37
9970.0,0.7,0.7,0.7045,0.03,0.37
9971.0,0.7,0.7,0.7023,0.02,0.36
9972.0,0.7,0.7,0.7023,0.02,0.36
9973.0,0.7,0.7,0.7009,0.02,0.36
9974.0,0.7,0.7,0.7023,0.02,0.36
9975.0,0.7,0.7,0.7009,0.02,0.36
9976.0,0.7,0.7,0.6994,0.01,0.35
9977.0,0.7,0.7,0.6965,-0.0,-0.37
9978.0,0.7,0.7,0.6994,0.01,0.35
9979.0,0.7,0.7,0.7001,0.01,0.35
9980.0,0.7,0.7,0.6976,-0.0,-0.37
9981.0,0.7,0.7,0.7001,0.01,0.35
9982.0,0.7,0.7,0.7118,0.05,0.39
9983.0,0.7,0.7,0.6994,0.01,0.35
9984.0,0.7,0.7,0.6907,-0.03,-0.4
9985.0,0.7,0.7,0.6987,-0.0,-0.37
9987.0,0.7,0.7,0.6947,-0.02,-0.39
9988.0,0.7,0.7,0.6965,-0.01,-0.38
9989.0,0.7,0.7,0.7067,0.03,0.37
9990.0,0.7,0.7,0.698,-0.01,-0.38
9991.0,0.7,0.7,0.6972,-0.01,-0.38
9992.0,0.7,0.7,0.6972,-0.01,-0.38
9993.0,0.7,0.7,0.6994,-0.0,-0.37
9994.0,0.7,0.7,0.6936,-0.03,-0.4
9995.0,0.7,0.7,0.698,-0.01,-0.38
9996.0,0.7,0.7,0.6976,-0.01,-0.38
9997.0,0.7,0.7,0.6922,-0.04,-0.41
9998.0,0.7,0.7,0.6965,-0.02,-0.39
9999.0,0.7,0.7,0.6994,-0.01,-0.38
10001.0,-0.7,-0.7,0.6972,5.76,6.1
10002.0,-0.7,-0.7,0.7045,6.26,6.6
10003.0,-0.7,-0.7,0.6936,6.65,6.99
10004.0,-0.7,-0.7,0.6965,7.05,7.39
10005.0,-0.7,-0.7,0.6965,7.41,7.75
10006.0,-0.7,-0.7,0.6976,7.74,8.08
10007.0,-0.7,-0.7,0.6914,8.01,8.35
10008.0,-0.7,-0.7,0.6864,8.25,8.59
10009.0,-0.7,-0.7,0.686,8.49,8.83
10010.0,-0.7,-0.7,0.6831,8.7,9.04
10011.0,-0.7,-0.7,0.6871,8.91,9.25
10012.0,-0.7,-0.7,0.6744,9.04,9.38
10014.0,-0.7,-0.7,0.6758,9.21,9.55
10015.0,-0.7,-0.7,0.6646,9.31,9.65
10016.0,-0.7,-0.7,0.6588,9.42,9.76
10017.0,-0.7,-0.7,0.653,9.51,9.85
10018.0,-0.7,-0.7,0.6443,9.58,9.92
10019.0,-0.7,-0.7,0.6356,9.64,9.98
10020.0,-0.7,-0.7,0.6298,9.69,10.03
10021.0,-0.7,-0.7,0.6247,9.75,10.09
10022.0,-0.7,-0.7,0.6163,9.77,10.11
10023.0,-0.7,-0.7,0.6095,9.8,10.14
10024.0,-0.7,-0.7,0.5855,9.75,10.09
10025.0,-0.7,-0.7,0.5928,9.82,10.16
10027.0,-0.7,-0.7,0.5826,9.81,10.15
10028.0,-0.7,-0.7,0.5786,9.82,10.16
10029.0,-0.7,-0.7,0.5688,9.8,10.14
10030.0,-0.7,-0.7,0.5637,9.8,10.14
10031.0,-0.7,-0.7,0.5485,9.76,10.1
10032.0,-0.7,-0.7,0.5514,9.78,10.12
10033.0,-0.7,-0.7,0.5351,9.72,10.06
10034.0,-0.7,-0.7,0.5253,9.68,10.02
10035.0,-0.7,-0.7,0.5231,9.67,10.01
10036.0,-0.7,-0.7,0.5188,9.65,9.99
10037.0,-0.7,-0.7,0.5093,9.61,9.95
10038.0,-0.7,-0.7,0.4916,9.53,9.87
10040.0,-0.7,-0.7,0.4839,9.49,9.83
10041.0,-0.7,-0.7,0.4705,9.42,9.76
10042.0,-0.7,-0.7,0.4567,9.35,9.69
10043.0,-0.7,-0.7,0.4506,9.3,9.64
10044.0,-0.7,-0.7,0.4433,9.25,9.59
10045.0,-0.7,-0.7,0.4411,9.22,9.56
10046.0,-0.7,-0.7,0.419,9.11,9.45
10047.0,-0.7,-0.7,0.4157,9.07,9.41
10048.0,-0.7,-0.7,0.3838,8.92,9.26
10049.0,-0.7,-0.7,0.3918,8.92,9.26
10050.0,-0.7,-0.7,0.3842,8.86,9.2
10052.0,-0.7,-0.7,0.3722,8.78,9.12
10053.0,-0.7,-0.7,0.3628,8.72,9.06
10054.0,-0.7,-0.7,0.3519,8.64,8.98
10055.0,-0.7,-0.7,0.3425,8.57,8.91
10056.0,-0.7,-0.7,0.3337,8.51,8.85
10057.0,-0.7,-0.7,0.325,8.44,8.78
10058.0,-0.7,-0.7,0.312,8.35,8.69
10059.0,-0.7,-0.7,0.2989,8.27,8.61
10060.0,-0.7,-0.7,0.2924,8.21,8.55
10061.0,-0.7,-0.7,0.2786,8.12,8.46
10062.0,-0.7,-0.7,0.2764,8.07,8.41
10063.0,-0.7,-0.7,0.2525,7.94,8.28
10064.0,-0.7,-0.7,0.2518,7.9,8.24
10066.0,-0.7,-0.7,0.2358,7.8,8.14
10067.0,-0.7,-0.7,0.2329,7.75,8.09
10068.0,-0.7,-0.7,0.2191,7.66,8.0
10069.0,-0.7,-0.7,0.2097,7.58,7.92
10070.0,-0.7,-0.7,0.1966,7.49,7.83
10071.0,-0.7,-0.7,0.1912,7.43,7.77
10072.0,-0.7,-0.7,0.177,7.34,7.68
10073.0,-0.7,-0.7,0.1647,7.25,7.59
10074.0,-0.7,-0.7,0.1538,7.17,7.51
10075.0,-0.7,-0.7,0.148,7.11,7.45
10076.0,-0.7,-0.7,0.127,6.98,7.32
10077.0,-0.7,-0.7,0.1197,6.91,7.25
10079.0,-0.7,-0.7,0.1052,6.81,7.15
10080.0,-0.7,-0.7,0.1045,6.77,7.11
10081.0,-0.7,-0.7,0.0834,6.64,6.98
10082.0,-0.7,-0.7,0.074,6.56,6.9
10083.0,-0.7,-0.7,0.0696,6.51,6.85
10084.0,-0.7,-0.7,0.0533,6.4,6.74
10085.0,-0.7,-0.7,0.0283,6.26,6.6
10086.0,-0.7,-0.7,0.0355,6.24,6.58
10087.0,-0.7,-0.7,0.021,6.14,6.48
10088.0,-0.7,-0.7,0.0152,6.08,6.42
10089.0,-0.7,-0.7,0.0058,6.0,6.34
10090.0,-0.7,-0.7,-0.0047,5.92,6.26
10092.0,-0.7,-0.7,-0.0163,5.83,6.17
10093.0,-0.7,-0.7,-0.0341,5.72,6.06
10094.0,-0.7,-0.7,-0.0435,5.64,5.98
10095.0,-0.7,-0.7,-0.0559,5.55,5.89
10096.0,-0.7,-0.7,-0.066,5.46,5.8
10097.0,-0.7,-0.7,-0.0784,5.37,5.71
10098.0,-0.7,-0.7,-0.1092,5.2,5.54
10099.0,-0.7,-0.7,-0.095,5.21,5.55
10100.0,-0.7,-0.7,-0.1139,5.1,5.44
10101.0,-0.7,-0.7,-0.1212,5.02,5.36
10103.0,-0.7,-0.7,-0.1364,4.92,5.26
10104.0,-0.7,-0.7,-0.1433,4.85,5.19
10105.0,-0.7,-0.7,-0.1473,4.79,5.13
10106.0,-0.7,-0.7,-0.1654,4.68,5.02
10107.0,-0.7,-0.7,-0.1778,4.59,4.93
10108.0,-0.7,-0.7,-0.1879,4.5,4.84
10109.0,-0.7,-0.7,-0.1973,4.42,4.76
10110.0,-0.7,-0.7,-0.2068,4.34,4.68
10111.0,-0.7,-0.7,-0.2253,4.23,4.57
10112.0,-0.7,-0.7,-0.2322,4.16,4.5
10113.0,-0.7,-0.7,-0.2438,4.07,4.41
10115.0,-0.7,-0.7,-0.2489,4.0,4.34
10116.0,-0.7,-0.7,-0.2677,3.89,4.23
10117.0,-0.7,-0.7,-0.267,3.85,4.19
10118.0,-0.7,-0.7,-0.2793,3.76,4.1
10119.0,-0.7,-0.7,-0.2888,3.68,4.02
10120.0,-0.7,-0.7,-0.2989,3.6,3.94
10121.0,-0.7,-0.7,-0.3192,3.48,3.82
10122.0,-0.7,-0.7,-0.32,3.43,3.77
10123.0,-0.7,-0.7,-0.3163,3.41,3.75
10124.0,-0.7,-0.7,-0.3483,3.24,3.58
10126.0,-0.7,-0.7,-0.357,3.16,3.5
10127.0,-0.7,-0.7,-0.3156,3.29,3.63
10128.0,-0.7,-0.7,-0.3613,3.08,3.42
10129.0,-0.7,-0.7,-0.3744,2.99,3.33
10130.0,-0.7,-0.7,-0.386,2.91,3.25
10131.0,-0.7,-0.7,-0.3911,2.85,3.19
10132.0,-0.7,-0.7,-0.4121,2.72,3.06
10133.0,-0.7,-0.7,-0.4056,2.71,3.05
10134.0,-0.7,-0.7,-0.4009,2.69,3.03
10135.0,-0.7,-0.7,-0.423,2.57,2.91
10137.0,-0.7,-0.7,-0.4215,2.55,2.89
10138.0,-0.7,-0.7,-0.439,2.44,2.78
10139.0,-0.7,-0.7,-0.4487,2.37,2.71
10140.0,-0.7,-0.7,-0.4556,2.3,2.64
10141.0,-0.7,-0.7,-0.4643,2.24,2.58
10142.0,-0.7,-0.7,-0.4727,2.17,2.51
10143.0,-0.7,-0.7,-0.4912,2.06,2.4
10144.0,-0.7,-0.7,-0.4868,2.04,2.38
10145.0,-0.7,-0.7,-0.4977,1.96,2.3
10146.0,-0.7,-0.7,-0.5122,1.87,2.21
10148.0,-0.7,-0.7,-0.5242,1.79,2.13
10149.0,-0.7,-0.7,-0.5282,1.73,2.07
10150.0,-0.7,-0.7,-0.5188,1.74,2.08
10151.0,-0.7,-0.7,-0.5224,1.7,2.04
10152.0,-0.7,-0.7,-0.5318,1.63,1.97
10153.0,-0.7,-0.7,-0.5391,1.57,1.91
10154.0,-0.7,-0.7,-0.5442,1.53,1.87
10155.0,-0.7,-0.7,-0.5521,1.47,1.81
10156.0,-0.7,-0.7,-0.5532,1.43,1.77
10157.0,-0.7,-0.7,-0.5601,1.38,1.72
10159.0,-0.7,-0.7,-0.5681,1.32,1.66
10160.0,-0.7,-0.7,-0.5674,1.3,1.64
10161.0,-0.7,-0.7,-0.5819,1.22,1.56
10162.0,-0.7,-0.7,-0.5819,1.19,1.53
10163.0,-0.7,-0.7,-0.5717,1.21,1.55
10164.0,-0.7,-0.7,-0.5852,1.14,1.48
10165.0,-0.7,-0.7,-0.6084,1.02,1.36
10166.0,-0.7,-0.7,-0.5982,1.04,1.38
10167.0,-0.7,-0.7,-0.6037,0.99,1.33
10168.0,-0.7,-0.7,-0.6095,0.95,1.29
10170.0,-0.7,-0.7,-0.6254,0.86,1.2
10171.0,-0.7,-0.7,-0.6269,0.83,1.17
10172.0,-0.7,-0.7,-0.6232,0.82,1.16
10173.0,-0.7,-0.7,-0.6261,0.79,1.13
10174.0,-0.7,-0.7,-0.6352,0.74,1.08
10175.0,-0.7,-0.7,-0.6403,0.7,1.04
10176.0,-0.7,-0.7,-0.6378,0.69,1.03
10177.0,-0.7,-0.7,-0.6385,0.67,1.01
10178.0,-0.7,-0.7,-0.6436,0.63,0.97
10179.0,-0.7,-0.7,-0.6486,0.59,0.93
10181.0,-0.7,-0.7,-0.6479,0.58,0.92
10182.0,-0.7,-0.7,-0.6664,0.49,0.83
10183.0,-0.7,-0.7,-0.6443,0.56,0.9
10184.0,-0.7,-0.7,-0.6588,0.49,0.83
10185.0,-0.7,-0.7,-0.6646,0.45,0.79
10186.0,-0.7,-0.7,-0.6733,0.4,0.74
10187.0,-0.7,-0.7,-0.6722,0.39,0.73
10188.0,-0.7,-0.7,-0.6646,0.4,0.74
10189.0,-0.7,-0.7,-0.682,0.32,0.66
10190.0,-0.7,-0.7,-0.6715,0.35,0.69
10191.0,-0.7,-0.7,-0.6849,0.28,0.62
10193.0,-0.7,-0.7,-0.6784,0.29,0.63
10194.0,-0.7,-0.7,-0.6827,0.26,0.6
10195.0,-0.7,-0.7,-0.6856,0.24,0.58
10196.0,-0.7,-0.7,-0.6875,0.22,0.56
10197.0,-0.7,-0.7,-0.6889,0.2,0.54
10198.0,-0.7,-0.7,-0.6987,0.15,0.49
10199.0,-0.7,-0.7,-0.6965,0.15,0.49
10200.0,-0.7,-0.7,-0.6958,0.14,0.48
10201.0,-0.7,-0.7,-0.6987,0.12,0.46
10202.0,-0.7,-0.7,-0.6958,0.12,0.46
10204.0,-0.7,-0.7,-0.7023,0.09,0.43
10205.0,-0.7,-0.7,-0.7125,0.04,0.38
10206.0,-0.7,-0.7,-0.706,0.05,0.39
10207.0,-0.7,-0.7,-0.7045,0.05,0.39
10208.0,-0.7,-0.7,-0.7074,0.03,0.37
10209.0,-0.7,-0.7,-0.7128,-0.0,-0.37
10210.0,-0.7,-0.7,-0.7078,0.01,0.35
10211.0,-0.7,-0.7,-0.7205,-0.05,-0.42
10212.0,-0.7,-0.7,-0.7132,-0.03,-0.4
10213.0,-0.7,-0.7,-0.7118,-0.03,-0.4
10215.0,-0.7,-0.7,-0.7139,-0.04,-0.41
10216.0,-0.7,-0.7,-0.719,-0.07,-0.44
10217.0,-0.7,-0.7,-0.7219,-0.09,-0.46
10218.0,-0.7,-0.7,-0.7226,-0.1,-0.47
10219.0,-0.7,-0.7,-0.7248,-0.12,-0.49
10220.0,-0.7,-0.7,-0.719,-0.1,-0.47
10221.0,-0.7,-0.7,-0.7147,-0.09,-0.46
10222.0,-0.7,-0.7,-0.7139,-0.09,-0.46
10224.0,-0.7,-0.7,-0.7187,-0.11,-0.48
10225.0,-0.7,-0.7,-0.7263,-0.14,-0.51
10226.0,-0.7,-0.7,-0.731,-0.17,-0.54
10227.0,-0.7,-0.7,-0.7118,-0.1,-0.47
10228.0,-0.7,-0.7,-0.7234,-0.14,-0.51
10229.0,-0.7,-0.7,-0.7208,-0.14,-0.51
10230.0,-0.7,-0.7,-0.7183,-0.13,-0.5
10231.0,-0.7,-0.7,-0.7263,-0.16,-0.53
10233.0,-0.7,-0.7,-0.7212,-0.15,-0.52
10234.0,-0.7,-0.7,-0.7201,-0.14,-0.51
10235.0,-0.7,-0.7,-0.7099,-0.1,-0.47
10236.0,-0.7,-0.7,-0.719,-0.14,-0.51
10237.0,-0.7,-0.7,-0.7205,-0.14,-0.51
10238.0,-0.7,-0.7,-0.7216,-0.15,-0.52
10239.0,-0.7,-0.7,-0.7208,-0.15,-0.52
10240.0,-0.7,-0.7,-0.7161,-0.13,-0.5
10242.0,-0.7,-0.7,-0.7187,-0.14,-0.51
10243.0,-0.7,-0.7,-0.7176,-0.14,-0.51
10244.0,-0.7,-0.7,-0.7179,-0.14,-0.51
10245.0,-0.7,-0.7,-0.7212,-0.15,-0.52
10246.0,-0.7,-0.7,-0.719,-0.15,-0.52
10247.0,-0.7,-0.7,-0.7266,-0.18,-0.55
10248.0,-0.7,-0.7,-0.7009,-0.07,-0.44
10249.0,-0.7,-0.7,-0.7168,-0.13,-0.5
10251.0,-0.7,-0.7,-0.7132,-0.12,-0.49
10252.0,-0.7,-0.7,-0.7176,-0.14,-0.51
10253.0,-0.7,-0.7,-0.7103,-0.11,-0.48
10254.0,-0.7,-0.7,-0.7154,-0.12,-0.49
10255.0,-0.7,-0.7,-0.7168,-0.13,-0.5
10256.0,-0.7,-0.7,-0.7197,-0.14,-0.51
10257.0,-0.7,-0.7,-0.7128,-0.12,-0.49
10258.0,-0.7,-0.7,-0.7139,-0.12,-0.49
10260.0,-0.7,-0.7,-0.711,-0.11,-0.48
10261.0,-0.7,-0.7,-0.706,-0.08,-0.45
10262.0,-0.7,-0.7,-0.7092,-0.09,-0.46
10263.0,-0.7,-0.7,-0.7063,-0.08,-0.45
10264.0,-0.7,-0.7,-0.7107,-0.09,-0.46
10265.0,-0.7,-0.7,-0.7081,-0.08,-0.45
10266.0,-0.7,-0.7,-0.7139,-0.11,-0.48
10267.0,-0.7,-0.7,-0.7074,-0.08,-0.45
10269.0,-0.7,-0.7,-0.6994,-0.04,-0.41
10270.0,-0.7,-0.7,-0.7063,-0.07,-0.44
10271.0,-0.7,-0.7,-0.7089,-0.08,-0.45
10272.0,-0.7,-0.7,-0.7034,-0.05,-0.42
10273.0,-0.7,-0.7,-0.7005,-0.04,-0.41
10274.0,-0.7,-0.7,-0.7096,-0.07,-0.44
10275.0,-0.7,-0.7,-0.7074,-0.07,-0.44
10276.0,-0.7,-0.7,-0.7023,-0.04,-0.41
10278.0,-0.7,-0.7,-0.6943,-0.01,-0.38
10279.0,-0.7,-0.7,-0.7074,-0.06,-0.43
10280.0,-0.7,-0.7,-0.7016,-0.03,-0.4
10281.0,-0.7,-0.7,-0.6994,-0.02,-0.39
10282.0,-0.7,-0.7,-0.698,-0.01,-0.38
10283.0,-0.7,-0.7,-0.6972,-0.01,-0.38
10284.0,-0.7,-0.7,-0.7009,-0.02,-0.39
10285.0,-0.7,-0.7,-0.6936,0.01,0.35
10287.0,-0.7,-0.7,-0.7161,-0.08,-0.45
10288.0,-0.7,-0.7,-0.6972,-0.01,-0.38
10289.0,-0.7,-0.7,-0.69,0.03,0.37
10290.0,-0.7,-0.7,-0.7009,-0.01,-0.38
10291.0,-0.7,-0.7,-0.7005,-0.01,-0.38
10292.0,-0.7,-0.7,-0.6965,0.01,0.35
10293.0,-0.7,-0.7,-0.6962,0.01,0.35
10294.0,-0.7,-0.7,-0.69,0.04,0.38
10295.0,-0.7,-0.7,-0.6838,0.07,0.41
10296.0,-0.7,-0.7,-0.6951,0.03,0.37
10298.0,-0.7,-0.7,-0.6914,0.04,0.38
10299.0,-0.7,-0.7,-0.6878,0.06,0.4
10300.0,-0.7,-0.7,-0.6907,0.05,0.39
10301.0,-0.7,-0.7,-0.6784,0.1,0.44
10302.0,-0.7,-0.7,-0.69,0.06,0.4
10303.0,-0.7,-0.7,-0.6965,0.04,0.38
10304.0,-0.7,-0.7,-0.6983,0.03,0.37
10305.0,-0.7,-0.7,-0.711,-0.03,-0.4
10306.0,-0.7,-0.7,-0.6929,0.04,0.38
10307.0,-0.7,-0.7,-0.6972,0.03,0.37
10308.0,-0.7,-0.7,-0.6914,0.05,0.39
10310.0,-0.7,-0.7,-0.7165,-0.05,-0.42
10311.0,-0.7,-0.7,-0.7005,0.01,0.35
10312.0,-0.7,-0.7,-0.7005,0.01,0.35
10313.0,-0.7,-0.7,-0.6929,0.04,0.38
10314.0,-0.7,-0.7,-0.6871,0.06,0.4
10315.0,-0.7,-0.7,-0.6976,0.02,0.36
10316.0,-0.7,-0.7,-0.7103,-0.03,-0.4
10317.0,-0.7,-0.7,-0.6893,0.05,0.39
10318.0,-0.7,-0.7,-0.6922,0.04,0.38
10319.0,-0.7,-0.7,-0.6958,0.03,0.37
10321.0,-0.7,-0.7,-0.6824,0.09,0.43
10322.0,-0.7,-0.7,-0.6904,0.06,0.4
10323.0,-0.7,-0.7,-0.6987,0.02,0.36
10324.0,-0.7,-0.7,-0.6929,0.05,0.39
10325.0,-0.7,-0.7,-0.6936,0.04,0.38
10326.0,-0.7,-0.7,-0.6929,0.05,0.39
10327.0,-0.7,-0.7,-0.6929,0.05,0.39
10328.0,-0.7,-0.7,-0.69,0.06,0.4
10329.0,-0.7,-0.7,-0.686,0.08,0.42
10330.0,-0.7,-0.7,-0.7099,-0.02,-0.39
10331.0,-0.7,-0.7,-0.6896,0.06,0.4
10333.0,-0.7,-0.7,-0.6929,0.05,0.39
10334.0,-0.7,-0.7,-0.6806,0.1,0.44
10335.0,-0.7,-0.7,-0.6914,0.06,0.4
10336.0,-0.7,-0.7,-0.6958,0.04,0.38
10337.0,-0.7,-0.7,-0.6925,0.06,0.4
10338.0,-0.7,-0.7,-0.6969,0.04,0.38
10339.0,-0.7,-0.7,-0.6958,0.04,0.38
10340.0,-0.7,-0.7,-0.7052,0.0,0.34
10341.0,-0.7,-0.7,-0.6849,0.08,0.42
10342.0,-0.7,-0.7,-0.6994,0.03,0.37
10343.0,-0.7,-0.7,-0.7023,0.01,0.35
10345.0,-0.7,-0.7,-0.6998,0.02,0.36
10346.0,-0.7,-0.7,-0.6965,0.03,0.37
10347.0,-0.7,-0.7,-0.69,0.06,0.4
10348.0,-0.7,-0.7,-0.7005,0.02,0.36
10349.0,-0.7,-0.7,-0.6983,0.02,0.36
10350.0,-0.7,-0.7,-0.7016,0.01,0.35
10351.0,-0.7,-0.7,-0.6965,0.03,0.37
10352.0,-0.7,-0.7,-0.6838,0.08,0.42
10353.0,-0.7,-0.7,-0.7045,-0.0,-0.37
10354.0,-0.7,-0.7,-0.6983,0.02,0.36
10355.0,-0.7,-0.7,-0.7031,0.0,0.34
10357.0,-0.7,-0.7,-0.7168,-0.06,-0.43
10358.0,-0.7,-0.7,-0.7041,-0.01,-0.38
10359.0,-0.7,-0.7,-0.7009,-0.0,-0.37
10360.0,-0.7,-0.7,-0.7049,-0.02,-0.39
10361.0,-0.7,-0.7,-0.7045,-0.02,-0.39
10362.0,-0.7,-0.7,-0.7031,-0.01,-0.38
10363.0,-0.7,-0.7,-0.7023,-0.01,-0.38
10364.0,-0.7,-0.7,-0.7023,-0.01,-0.38
10365.0,-0.7,-0.7,-0.7081,-0.04,-0.41
10367.0,-0.7,-0.7,-0.706,-0.03,-0.4
10368.0,-0.7,-0.7,-0.7107,-0.05,-0.42
10369.0,-0.7,-0.7,-0.698,-0.0,-0.37
10370.0,-0.7,-0.7,-0.6987,-0.0,-0.37
10371.0,-0.7,-0.7,-0.7031,-0.02,-0.39
10372.0,-0.7,-0.7,-0.7089,-0.04,-0.41
10373.0,-0.7,-0.7,-0.7067,-0.04,-0.41
10374.0,-0.7,-0.7,-0.7012,-0.02,-0.39
10376.0,-0.7,-0.7,-0.706,-0.04,-0.41
10377.0,-0.7,-0.7,-0.7052,-0.03,-0.4
10378.0,-0.7,-0.7,-0.7078,-0.04,-0.41
10379.0,-0.7,-0.7,-0.7045,-0.03,-0.4
10380.0,-0.7,-0.7,-0.7023,-0.02,-0.39
10381.0,-0.7,-0.7,-0.7038,-0.03,-0.4
10382.0,-0.7,-0.7,-0.6907,0.02,0.36
10383.0,-0.7,-0.7,-0.7038,-0.02,-0.39
10385.0,-0.7,-0.7,-0.6994,-0.01,-0.38
10386.0,-0.7,-0.7,-0.7012,-0.01,-0.38
10387.0,-0.7,-0.7,-0.7016,-0.02,-0.39
10388.0,-0.7,-0.7,-0.7023,-0.02,-0.39
10389.0,-0.7,-0.7,-0.7016,-0.01,-0.38
10390.0,-0.7,-0.7,-0.7016,-0.01,-0.38
10391.0,-0.7,-0.7,-0.698,0.0,0.34
10392.0,-0.7,-0.7,-0.6994,-0.0,-0.37
10393.0,-0.7,-0.7,-0.7063,-0.03,-0.4
10395.0,-0.7,-0.7,-0.6972,0.0,0.34
10396.0,-0.7,-0.7,-0.6958,0.01,0.35
10397.0,-0.7,-0.7,-0.6791,0.08,0.42
10398.0,-0.7,-0.7,-0.6998,0.0,0.34
10399.0,-0.7,-0.7,-0.6962,0.02,0.36
10400.0,-0.7,-0.7,-0.6965,0.02,0.36
10401.0,-0.7,-0.7,-0.6907,0.04,0.38
10402.0,-0.7,-0.7,-0.6994,0.01,0.35
10403.0,-0.7,-0.7,-0.707,-0.02,-0.39
10404.0,-0.7,-0.7,-0.7096,-0.04,-0.41
10406.0,-0.7,-0.7,-0.7226,-0.09,-0.46
10407.0,-0.7,-0.7,-0.7012,-0.01,-0.38
10408.0,-0.7,-0.7,-0.7012,-0.01,-0.38
10409.0,-0.7,-0.7,-0.7016,-0.01,-0.38
10410.0,-0.7,-0.7,-0.6994,-0.0,-0.37
10411.0,-0.7,-0.7,-0.694,0.02,0.36
10412.0,-0.7,-0.7,-0.6904,0.04,0.38
10413.0,-0.7,-0.7,-0.7288,-0.12,-0.49
10415.0,-0.7,-0.7,-0.7034,-0.02,-0.39
10416.0,-0.7,-0.7,-0.6972,0.0,0.34
10417.0,-0.7,-0.7,-0.6972,0.0,0.34
10418.0,-0.7,-0.7,-0.698,0.0,0.34
10419.0,-0.7,-0.7,-0.7067,-0.03,-0.4
10420.0,-0.7,-0.7,-0.6972,0.0,0.34
10421.0,-0.7,-0.7,-0.6987,0.0,0.34
10422.0,-0.7,-0.7,-0.7002,-0.01,-0.38
10423.0,-0.7,-0.7,-0.6929,0.03,0.37
10424.0,-0.7,-0.7,-0.6965,0.01,0.35
10426.0,-0.7,-0.7,-0.7168,-0.07,-0.44
10427.0,-0.7,-0.7,-0.6965,0.01,0.35
10428.0,-0.7,-0.7,-0.7197,-0.09,-0.46
10429.0,-0.7,-0.7,-0.6994,-0.01,-0.38
10430.0,-0.7,-0.7,-0.6987,-0.0,-0.37
10431.0,-0.7,-0.7,-0.6943,0.02,0.36
10432.0,-0.7,-0.7,-0.6878,0.04,0.38
10433.0,-0.7,-0.7,-0.6954,0.02,0.36
10434.0,-0.7,-0.7,-0.7009,-0.0,-0.37
10436.0,-0.7,-0.7,-0.6838,0.07,0.41
10437.0,-0.7,-0.7,-0.6994,0.01,0.35
10438.0,-0.7,-0.7,-0.7023,-0.0,-0.37
10439.0,-0.7,-0.7,-0.6951,0.02,0.36
10440.0,-0.7,-0.7,-0.6947,0.03,0.37
10441.0,-0.7,-0.7,-0.7023,-0.0,-0.37
10442.0,-0.7,-0.7,-0.6972,0.02,0.36
10443.0,-0.7,-0.7,-0.7274,-0.11,-0.48
10444.0,-0.7,-0.7,-0.7089,-0.04,-0.41
10445.0,-0.7,-0.7,-0.7002,-0.01,-0.38
10447.0,-0.7,-0.7,-0.6987,-0.0,-0.37
10448.0,-0.7,-0.7,-0.7023,-0.01,-0.38
10449.0,-0.7,-0.7,-0.7034,-0.02,-0.39
10450.0,-0.7,-0.7,-0.6864,0.05,0.39
10451.0,-0.7,-0.7,-0.6972,0.01,0.35
10452.0,-0.7,-0.7,-0.6958,0.02,0.36
10453.0,-0.7,-0.7,-0.7002,0.0,0.34
10454.0,-0.7,-0.7,-0.6958,0.02,0.36
10455.0,-0.7,-0.7,-0.6983,0.01,0.35
10456.0,-0.7,-0.7,-0.6936,0.03,0.37
10458.0,-0.7,-0.7,-0.7009,0.0,0.34
10459.0,-0.7,-0.7,-0.7016,-0.0,-0.37
10460.0,-0.7,-0.7,-0.698,0.01,0.35
10461.0,-0.7,-0.7,-0.674,0.11,0.45
10462.0,-0.7,-0.7,-0.6958,0.03,0.37
10463.0,-0.7,-0.7,-0.7031,-0.0,-0.37
10464.0,-0.7,-0.7,-0.6929,0.04,0.38
10465.0,-0.7,-0.7,-0.7002,0.01,0.35
10466.0,-0.7,-0.7,-0.6929,0.04,0.38
10467.0,-0.7,-0.7,-0.698,0.02,0.36
10468.0,-0.7,-0.7,-0.6878,0.06,0.4
10470.0,-0.7,-0.7,-0.7012,0.01,0.35
10471.0,-0.7,-0.7,-0.6925,0.04,0.38
10472.0,-0.7,-0.7,-0.7034,0.0,0.34
10473.0,-0.7,-0.7,-0.6983,0.02,0.36
10474.0,-0.7,-0.7,-0.6976,0.02,0.36
10475.0,-0.7,-0.7,-0.6987,0.02,0.36
10476.0,-0.7,-0.7,-0.6987,0.02,0.36
10477.0,-0.7,-0.7,-0.7009,0.01,0.35
10478.0,-0.7,-0.7,-0.7005,0.01,0.35
10479.0,-0.7,-0.7,-0.7002,0.01,0.35
10480.0,-0.7,-0.7,-0.7002,0.01,0.35
10482.0,-0.7,-0.7,-0.7009,0.0,0.34
10483.0,-0.7,-0.7,-0.6951,0.03,0.37
10484.0,-0.7,-0.7,-0.6965,0.02,0.36
10485.0,-0.7,-0.7,-0.6987,0.01,0.35
10486.0,-0.7,-0.7,-0.6733,0.12,0.46
10487.0,-0.7,-0.7,-0.7074,-0.02,-0.39
10488.0,-0.7,-0.7,-0.7045,-0.01,-0.38
10489.0,-0.7,-0.7,-0.7038,-0.01,-0.38
10490.0,-0.7,-0.7,-0.6943,0.03,0.37
10492.0,-0.7,-0.7,-0.7255,-0.1,-0.47
10493.0,-0.7,-0.7,-0.706,-0.03,-0.4
10494.0,-0.7,-0.7,-0.7016,-0.01,-0.38
10495.0,-0.7,-0.7,-0.7049,-0.02,-0.39
10496.0,-0.7,-0.7,-0.7038,-0.02,-0.39
10497.0,-0.7,-0.7,-0.6806,0.07,0.41
10498.0,-0.7,-0.7,-0.6972,0.01,0.35
10499.0,-0.7,-0.7,-0.7052,-0.02,-0.39
10501.0,-0.7,-0.7,-0.6936,0.03,0.37
10502.0,-0.7,-0.7,-0.7016,-0.0,-0.37
10503.0,-0.7,-0.7,-0.7089,-0.03,-0.4
10504.0,-0.7,-0.7,-0.6918,0.03,0.37
10505.0,-0.7,-0.7,-0.7009,-0.0,-0.37
10506.0,-0.7,-0.7,-0.7016,-0.01,-0.38
10507.0,-0.7,-0.7,-0.7031,-0.01,-0.38
10508.0,-0.7,-0.7,-0.7067,-0.03,-0.4
10509.0,-0.7,-0.7,-0.7034,-0.02,-0.39
10511.0,-0.7,-0.7,-0.7067,-0.03,-0.4
10512.0,-0.7,-0.7,-0.6958,0.01,0.35
10513.0,-0.7,-0.7,-0.6958,0.01,0.35
10514.0,-0.7,-0.7,-0.7031,-0.01,-0.38
10515.0,-0.7,-0.7,-0.694,0.02,0.36
10516.0,-0.7,-0.7,-0.7092,-0.04,-0.41
10517.0,-0.7,-0.7,-0.6893,0.04,0.38
10518.0,-0.7,-0.7,-0.6791,0.09,0.43
10519.0,-0.7,-0.7,-0.7107,-0.04,-0.41
10521.0,-0.7,-0.7,-0.6922,0.04,0.38
10522.0,-0.7,-0.7,-0.7009,0.0,0.34
10523.0,-0.7,-0.7,-0.7016,-0.0,-0.37
10524.0,-0.7,-0.7,-0.7049,-0.02,-0.39
10525.0,-0.7,-0.7,-0.7031,-0.01,-0.38
10526.0,-0.7,-0.7,-0.7038,-0.02,-0.39
10527.0,-0.7,-0.7,-0.7045,-0.02,-0.39
10528.0,-0.7,-0.7,-0.7034,-0.02,-0.39
10529.0,-0.7,-0.7,-0.7023,-0.01,-0.38
10531.0,-0.7,-0.7,-0.7245,-0.1,-0.47
10532.0,-0.7,-0.7,-0.7027,-0.02,-0.39
10533.0,-0.7,-0.7,-0.7012,-0.02,-0.39
10534.0,-0.7,-0.7,-0.7052,-0.03,-0.4
10535.0,-0.7,-0.7,-0.7045,-0.03,-0.4
10536.0,-0.7,-0.7,-0.7052,-0.03,-0.4
10537.0,-0.7,-0.7,-0.698,-0.0,-0.37
10538.0,-0.7,-0.7,-0.7016,-0.02,-0.39
10540.0,-0.7,-0.7,-0.6958,0.01,0.35
10541.0,-0.7,-0.7,-0.7067,-0.04,-0.41
10542.0,-0.7,-0.7,-0.7052,-0.03,-0.4
10543.0,-0.7,-0.7,-0.7002,-0.01,-0.38
10544.0,-0.7,-0.7,-0.6994,-0.01,-0.38
10545.0,-0.7,-0.7,-0.7031,-0.02,-0.39
10546.0,-0.7,-0.7,-0.7002,-0.01,-0.38
10547.0,-0.7,-0.7,-0.6976,0.0,0.34
10548.0,-0.7,-0.7,-0.6987,-0.0,-0.37
10550.0,-0.7,-0.7,-0.694,0.02,0.36
10551.0,-0.7,-0.7,-0.6965,0.01,0.35
10552.0,-0.7,-0.7,-0.7103,-0.04,-0.41
10553.0,-0.7,-0.7,-0.6936,0.02,0.36
10554.0,-0.7,-0.7,-0.6987,0.0,0.34
10555.0,-0.7,-0.7,-0.6991,0.0,0.34
10556.0,-0.7,-0.7,-0.6958,0.02,0.36
10557.0,-0.7,-0.7,-0.698,0.01,0.35
10558.0,-0.7,-0.7,-0.6976,0.01,0.35
10559.0,-0.7,-0.7,-0.6994,0.0,0.34
10560.0,-0.7,-0.7,-0.6954,0.02,0.36
10562.0,-0.7,-0.7,-0.6856,0.06,0.4
10563.0,-0.7,-0.7,-0.6987,0.01,0.35
10564.0,-0.7,-0.7,-0.6972,0.02,0.36
10565.0,-0.7,-0.7,-0.6954,0.03,0.37
10566.0,-0.7,-0.7,-0.6965,0.02,0.36
10567.0,-0.7,-0.7,-0.6936,0.04,0.38
10568.0,-0.7,-0.7,-0.7016,0.0,0.34
10569.0,-0.7,-0.7,-0.702,0.0,0.34
10570.0,-0.7,-0.7,-0.6987,0.01,0.35
10571.0,-0.7,-0.7,-0.7139,-0.05,-0.42
10572.0,-0.7,-0.7,-0.6943,0.03,0.37
10574.0,-0.7,-0.7,-0.6925,0.03,0.37
10575.0,-0.7,-0.7,-0.6936,0.03,0.37
10576.0,-0.7,-0.7,-0.6998,0.01,0.35
10577.0,-0.7,-0.7,-0.6958,0.02,0.36
10578.0,-0.7,-0.7,-0.6936,0.03,0.37
10579.0,-0.7,-0.7,-0.698,0.02,0.36
10580.0,-0.7,-0.7,-0.7056,-0.01,-0.38
10581.0,-0.7,-0.7,-0.6998,0.01,0.35
10582.0,-0.7,-0.7,-0.6871,0.06,0.4
10583.0,-0.7,-0.7,-0.698,0.02,0.36
10584.0,-0.7,-0.7,-0.7012,0.0,0.34
10586.0,-0.7,-0.7,-0.6914,0.04,0.38
10587.0,-0.7,-0.7,-0.7002,0.01,0.35
10588.0,-0.7,-0.7,-0.7012,0.0,0.34
10589.0,-0.7,-0.7,-0.7016,0.0,0.34
10590.0,-0.7,-0.7,-0.7041,-0.01,-0.38
10591.0,-0.7,-0.7,-0.6994,0.01,0.35
10592.0,-0.7,-0.7,-0.7038,-0.01,-0.38
10593.0,-0.7,-0.7,-0.6987,0.01,0.35
10594.0,-0.7,-0.7,-0.7089,-0.03,-0.4
10595.0,-0.7,-0.7,-0.7031,-0.01,-0.38
10597.0,-0.7,-0.7,-0.7031,-0.01,-0.38
10598.0,-0.7,-0.7,-0.6965,0.01,0.35
10599.0,-0.7,-0.7,-0.6994,0.0,0.34
10600.0,-0.7,-0.7,-0.7067,-0.03,-0.4
10601.0,-0.7,-0.7,-0.7016,-0.01,-0.38
10602.0,-0.7,-0.7,-0.7012,-0.01,-0.38
10603.0,-0.7,-0.7,-0.7096,-0.04,-0.41
10604.0,-0.7,-0.7,-0.698,0.0,0.34
10606.0,-0.7,-0.7,-0.7085,-0.04,-0.41
10607.0,-0.7,-0.7,-0.7041,-0.02,-0.39
10608.0,-0.7,-0.7,-0.7081,-0.04,-0.41
10609.0,-0.7,-0.7,-0.7081,-0.04,-0.41
10610.0,-0.7,-0.7,-0.7049,-0.03,-0.4
10611.0,-0.7,-0.7,-0.7038,-0.03,-0.4
10612.0,-0.7,-0.7,-0.711,-0.06,-0.43
10613.0,-0.7,-0.7,-0.7045,-0.03,-0.4
10615.0,-0.7,-0.7,-0.706,-0.04,-0.41
10616.0,-0.7,-0.7,-0.6936,0.01,0.35
10617.0,-0.7,-0.7,-0.6951,0.01,0.35
10618.0,-0.7,-0.7,-0.7016,-0.02,-0.39
10619.0,-0.7,-0.7,-0.711,-0.05,-0.42
10620.0,-0.7,-0.7,-0.6965,0.0,0.34
10621.0,-0.7,-0.7,-0.711,-0.06,-0.43
10622.0,-0.7,-0.7,-0.7147,-0.07,-0.44
10623.0,-0.7,-0.7,-0.6994,-0.01,-0.38
10625.0,-0.7,-0.7,-0.7002,-0.02,-0.39
10626.0,-0.7,-0.7,-0.6918,0.02,0.36
10627.0,-0.7,-0.7,-0.7012,-0.01,-0.38
10628.0,-0.7,-0.7,-0.7031,-0.02,-0.39
10629.0,-0.7,-0.7,-0.6871,0.04,0.38
10630.0,-0.7,-0.7,-0.7002,-0.0,-0.37
10631.0,-0.7,-0.7,-0.7002,-0.0,-0.37
10632.0,-0.7,-0.7,-0.6951,0.02,0.36
10633.0,-0.7,-0.7,-0.7012,-0.01,-0.38
10635.0,-0.7,-0.7,-0.7092,-0.04,-0.41
10636.0,-0.7,-0.7,-0.7002,-0.01,-0.38
10637.0,-0.7,-0.7,-0.6972,0.01,0.35
10638.0,-0.7,-0.7,-0.6983,0.0,0.34
10639.0,-0.7,-0.7,-0.6983,0.0,0.34
10640.0,-0.7,-0.7,-0.6929,0.03,0.37
10641.0,-0.7,-0.7,-0.7176,-0.07,-0.44
10642.0,-0.7,-0.7,-0.698,0.0,0.34
10643.0,-0.7,-0.7,-0.6885,0.04,0.38
10644.0,-0.7,-0.7,-0.7012,-0.0,-0.37
10646.0,-0.7,-0.7,-0.6925,0.03,0.37
10647.0,-0.7,-0.7,-0.6983,0.01,0.35
10648.0,-0.7,-0.7,-0.6987,0.01,0.35
10649.0,-0.7,-0.7,-0.6972,0.01,0.35
10650.0,-0.7,-0.7,-0.7009,0.0,0.34
10651.0,-0.7,-0.7,-0.698,0.01,0.35
10652.0,-0.7,-0.7,-0.6998,0.0,0.34
10653.0,-0.7,-0.7,-0.7002,0.0,0.34
10654.0,-0.7,-0.7,-0.7002,0.0,0.34
10655.0,-0.7,-0.7,-0.698,0.01,0.35
10656.0,-0.7,-0.7,-0.6994,0.01,0.35
10658.0,-0.7,-0.7,-0.6972,0.01,0.35
10659.0,-0.7,-0.7,-0.7002,0.0,0.34
10660.0,-0.7,-0.7,-0.6907,0.04,0.38
10661.0,-0.7,-0.7,-0.6943,0.03,0.37
10662.0,-0.7,-0.7,-0.7016,0.0,0.34
10663.0,-0.7,-0.7,-0.7023,-0.0,-0.37
10664.0,-0.7,-0.7,-0.6987,0.01,0.35
10665.0,-0.7,-0.7,-0.6943,0.03,0.37
10666.0,-0.7,-0.7,-0.6972,0.02,0.36
10667.0,-0.7,-0.7,-0.6976,0.02,0.36
10669.0,-0.7,-0.7,-0.7002,0.01,0.35
10670.0,-0.7,-0.7,-0.6994,0.01,0.35
10671.0,-0.7,-0.7,-0.7049,-0.01,-0.38
10672.0,-0.7,-0.7,-0.707,-0.03,-0.4
10673.0,-0.7,-0.7,-0.7002,0.0,0.34
10674.0,-0.7,-0.7,-0.707,-0.03,-0.4
10675.0,-0.7,-0.7,-0.7089,-0.04,-0.41
10676.0,-0.7,-0.7,-0.7038,-0.02,-0.39
10677.0,-0.7,-0.7,-0.6994,-0.0,-0.37
10679.0,-0.7,-0.7,-0.7012,-0.01,-0.38
10680.0,-0.7,-0.7,-0.7009,-0.01,-0.38
10681.0,-0.7,-0.7,-0.7023,-0.01,-0.38
10682.0,-0.7,-0.7,-0.7002,-0.01,-0.38
10683.0,-0.7,-0.7,-0.6998,-0.0,-0.37
10684.0,-0.7,-0.7,-0.7045,-0.02,-0.39
10685.0,-0.7,-0.7,-0.6994,-0.0,-0.37
10686.0,-0.7,-0.7,-0.706,-0.03,-0.4
10688.0,-0.7,-0.7,-0.6969,0.01,0.35
10689.0,-0.7,-0.7,-0.7074,-0.04,-0.41
10690.0,-0.7,-0.7,-0.7063,-0.03,-0.4
10691.0,-0.7,-0.7,-0.6929,0.02,0.36
10692.0,-0.7,-0.7,-0.7023,-0.01,-0.38
10693.0,-0.7,-0.7,-0.6947,0.02,0.36
10694.0,-0.7,-0.7,-0.706,-0.03,-0.4
10695.0,-0.7,-0.7,-0.7016,-0.01,-0.38
10696.0,-0.7,-0.7,-0.7038,-0.02,-0.39
10698.0,-0.7,-0.7,-0.6722,0.11,0.45
10699.0,-0.7,-0.7,-0.6972,0.02,0.36
10700.0,-0.7,-0.7,-0.7009,0.0,0.34
10701.0,-0.7,-0.7,-0.7081,-0.03,-0.4
10702.0,-0.7,-0.7,-0.7031,-0.01,-0.38
10703.0,-0.7,-0.7,-0.698,0.01,0.35
10704.0,-0.7,-0.7,-0.7023,-0.01,-0.38
10705.0,-0.7,-0.7,-0.7002,-0.0,-0.37
10706.0,-0.7,-0.7,-0.7078,-0.03,-0.4
10708.0,-0.7,-0.7,-0.7041,-0.02,-0.39
10709.0,-0.7,-0.7,-0.7074,-0.03,-0.4
10710.0,-0.7,-0.7,-0.7041,-0.02,-0.39
10711.0,-0.7,-0.7,-0.7063,-0.03,-0.4
10712.0,-0.7,-0.7,-0.6987,-0.0,-0.37
10713.0,-0.7,-0.7,-0.7027,-0.02,-0.39
10714.0,-0.7,-0.7,-0.6983,-0.0,-0.37
10715.0,-0.7,-0.7,-0.6933,0.02,0.36
10716.0,-0.7,-0.7,-0.6965,0.01,0.35
10718.0,-0.7,-0.7,-0.6907,0.04,0.38
10719.0,-0.7,-0.7,-0.6972,0.01,0.35
10720.0,-0.7,-0.7,-0.6958,0.02,0.36
10721.0,-0.7,-0.7,-0.6947,0.03,0.37
10722.0,-0.7,-0.7,-0.6994,0.01,0.35
10723.0,-0.7,-0.7,-0.6991,0.01,0.35
10724.0,-0.7,-0.7,-0.7245,-0.1,-0.47
10725.0,-0.7,-0.7,-0.6994,-0.0,-0.37
10726.0,-0.7,-0.7,-0.7016,-0.01,-0.38
10727.0,-0.7,-0.7,-0.7016,-0.01,-0.38
10729.0,-0.7,-0.7,-0.7012,-0.01,-0.38
10730.0,-0.7,-0.7,-0.6994,-0.0,-0.37
10731.0,-0.7,-0.7,-0.7031,-0.02,-0.39
10732.0,-0.7,-0.7,-0.7009,-0.01,-0.38
10733.0,-0.7,-0.7,-0.7012,-0.01,-0.38
10734.0,-0.7,-0.7,-0.6965,0.01,0.35
10735.0,-0.7,-0.7,-0.7052,-0.02,-0.39
10736.0,-0.7,-0.7,-0.6994,-0.0,-0.37
10738.0,-0.7,-0.7,-0.6987,0.0,0.34
10739.0,-0.7,-0.7,-0.698,0.01,0.35
10740.0,-0.7,-0.7,-0.698,0.01,0.35
10741.0,-0.7,-0.7,-0.6987,0.0,0.34
10742.0,-0.7,-0.7,-0.6922,0.03,0.37
10743.0,-0.7,-0.7,-0.7002,0.0,0.34
10744.0,-0.7,-0.7,-0.7016,-0.0,-0.37
10745.0,-0.7,-0.7,-0.698,0.01,0.35
10746.0,-0.7,-0.7,-0.6994,0.0,0.34
10747.0,-0.7,-0.7,-0.6994,0.0,0.34
10748.0,-0.7,-0.7,-0.698,0.01,0.35
10750.0,-0.7,-0.7,-0.6983,0.01,0.35
10751.0,-0.7,-0.7,-0.6972,0.01,0.35
10752.0,-0.7,-0.7,-0.6987,0.01,0.35
10753.0,-0.7,-0.7,-0.6933,0.03,0.37
10754.0,-0.7,-0.7,-0.6987,0.01,0.35
10755.0,-0.7,-0.7,-0.7023,-0.0,-0.37
10756.0,-0.7,-0.7,-0.7002,0.0,0.34
10757.0,-0.7,-0.7,-0.6668,0.14,0.48
10758.0,-0.7,-0.7,-0.6965,0.03,0.37
10759.0,-0.7,-0.7,-0.6969,0.03,0.37
10761.0,-0.7,-0.7,-0.7078,-0.02,-0.39
10762.0,-0.7,-0.7,-0.6951,0.03,0.37
10763.0,-0.7,-0.7,-0.6972,0.02,0.36
10764.0,-0.7,-0.7,-0.6983,0.02,0.36
10765.0,-0.7,-0.7,-0.698,0.02,0.36
10766.0,-0.7,-0.7,-0.6914,0.05,0.39
10767.0,-0.7,-0.7,-0.6965,0.03,0.37
10768.0,-0.7,-0.7,-0.6925,0.04,0.38
10769.0,-0.7,-0.7,-0.6922,0.05,0.39
10770.0,-0.7,-0.7,-0.7027,0.0,0.34
10772.0,-0.7,-0.7,-0.6925,0.04,0.38
10773.0,-0.7,-0.7,-0.7002,0.01,0.35
10774.0,-0.7,-0.7,-0.7012,0.01,0.35
10775.0,-0.7,-0.7,-0.7038,-0.0,-0.37
10776.0,-0.7,-0.7,-0.6943,0.03,0.37
10777.0,-0.7,-0.7,-0.7041,-0.01,-0.38
10778.0,-0.7,-0.7,-0.6936,0.03,0.37
10779.0,-0.7,-0.7,-0.7052,-0.01,-0.38
10780.0,-0.7,-0.7,-0.6991,0.01,0.35
10781.0,-0.7,-0.7,-0.7002,0.01,0.35
10783.0,-0.7,-0.7,-0.6994,0.01,0.35
10784.0,-0.7,-0.7,-0.7052,-0.02,-0.39
10785.0,-0.7,-0.7,-0.7023,-0.01,-0.38
10786.0,-0.7,-0.7,-0.706,-0.02,-0.39
10787.0,-0.7,-0.7,-0.7012,-0.01,-0.38
10788.0,-0.7,-0.7,-0.7023,-0.01,-0.38
10789.0,-0.7,-0.7,-0.7023,-0.01,-0.38
10790.0,-0.7,-0.7,-0.7074,-0.03,-0.4
10791.0,-0.7,-0.7,-0.6954,0.01,0.35
10793.0,-0.7,-0.7,-0.702,-0.01,-0.38
10794.0,-0.7,-0.7,-0.707,-0.03,-0.4
10795.0,-0.7,-0.7,-0.6954,0.01,0.35
10796.0,-0.7,-0.7,-0.7023,-0.01,-0.38
10797.0,-0.7,-0.7,-0.7023,-0.01,-0.38
10798.0,-0.7,-0.7,-0.7052,-0.03,-0.4
10799.0,-0.7,-0.7,-0.7016,-0.01,-0.38
10800.0,-0.7,-0.7,-0.6947,0.02,0.36
10801.0,-0.7,-0.7,-0.706,-0.03,-0.4
10803.0,-0.7,-0.7,-0.6998,-0.0,-0.37
10804.0,-0.7,-0.7,-0.7031,-0.02,-0.39
10805.0,-0.7,-0.7,-0.719,-0.08,-0.45
10806.0,-0.7,-0.7,-0.7009,-0.01,-0.38
10807.0,-0.7,-0.7,-0.7045,-0.03,-0.4
10808.0,-0.7,-0.7,-0.7016,-0.02,-0.39
10809.0,-0.7,-0.7,-0.7002,-0.01,-0.38
10810.0,-0.7,-0.7,-0.702,-0.02,-0.39
10812.0,-0.7,-0.7,-0.7063,-0.04,-0.41
10813.0,-0.7,-0.7,-0.7023,-0.02,-0.39
10814.0,-0.7,-0.7,-0.702,-0.02,-0.39
10815.0,-0.7,-0.7,-0.7016,-0.02,-0.39
10816.0,-0.7,-0.7,-0.7009,-0.01,-0.38
10817.0,-0.7,-0.7,-0.6994,-0.01,-0.38
10818.0,-0.7,-0.7,-0.6965,0.01,0.35
10819.0,-0.7,-0.7,-0.7023,-0.02,-0.39
10821.0,-0.7,-0.7,-0.6958,0.01,0.35
10822.0,-0.7,-0.7,-0.6994,-0.0,-0.37
10823.0,-0.7,-0.7,-0.6983,0.0,0.34
10824.0,-0.7,-0.7,-0.7038,-0.02,-0.39
10825.0,-0.7,-0.7,-0.6972,0.01,0.35
10826.0,-0.7,-0.7,-0.6987,0.0,0.34
10827.0,-0.7,-0.7,-0.7009,-0.01,-0.38
10828.0,-0.7,-0.7,-0.6972,0.01,0.35
10829.0,-0.7,-0.7,-0.6965,0.01,0.35
10830.0,-0.7,-0.7,-0.6983,0.01,0.35
10832.0,-0.7,-0.7,-0.6907,0.04,0.38
10833.0,-0.7,-0.7,-0.7052,-0.02,-0.39
10834.0,-0.7,-0.7,-0.6936,0.03,0.37
10835.0,-0.7,-0.7,-0.6958,0.02,0.36
10836.0,-0.7,-0.7,-0.6726,0.12,0.46
10837.0,-0.7,-0.7,-0.6943,0.04,0.38
10838.0,-0.7,-0.7,-0.698,0.02,0.36
10839.0,-0.7,-0.7,-0.6987,0.02,0.36
10840.0,-0.7,-0.7,-0.7118,-0.04,-0.41
10841.0,-0.7,-0.7,-0.6588,0.18,0.52
10843.0,-0.7,-0.7,-0.7067,-0.01,-0.38
10844.0,-0.7,-0.7,-0.6976,0.03,0.37
10845.0,-0.7,-0.7,-0.6936,0.04,0.38
10846.0,-0.7,-0.7,-0.6958,0.03,0.37
10847.0,-0.7,-0.7,-0.6965,0.03,0.37
10848.0,-0.7,-0.7,-0.6994,0.02,0.36
10849.0,-0.7,-0.7,-0.6929,0.04,0.38
10850.0,-0.7,-0.7,-0.6878,0.07,0.41
10851.0,-0.7,-0.7,-0.6987,0.02,0.36
10852.0,-0.7,-0.7,-0.6936,0.04,0.38
10854.0,-0.7,-0.7,-0.6998,0.02,0.36
10855.0,-0.7,-0.7,-0.7023,0.01,0.35
10856.0,-0.7,-0.7,-0.7023,0.0,0.34
10857.0,-0.7,-0.7,-0.6994,0.01,0.35
10858.0,-0.7,-0.7,-0.6998,0.01,0.35
10859.0,-0.7,-0.7,-0.7023,0.0,0.34
10860.0,-0.7,-0.7,-0.7052,-0.01,-0.38
10861.0,-0.7,-0.7,-0.6994,0.01,0.35
10862.0,-0.7,-0.7,-0.7099,-0.04,-0.41
10863.0,-0.7,-0.7,-0.6972,0.01,0.35
10865.0,-0.7,-0.7,-0.694,0.03,0.37
10866.0,-0.7,-0.7,-0.6987,0.01,0.35
10867.0,-0.7,-0.7,-0.7023,-0.01,-0.38
10868.0,-0.7,-0.7,-0.7081,-0.03,-0.4
10869.0,-0.7,-0.7,-0.6972,0.01,0.35
10870.0,-0.7,-0.7,-0.7063,-0.02,-0.39
10871.0,-0.7,-0.7,-0.7045,-0.02,-0.39
10872.0,-0.7,-0.7,-0.7067,-0.03,-0.4
10873.0,-0.7,-0.7,-0.7005,-0.01,-0.38
10875.0,-0.7,-0.7,-0.6936,0.02,0.36
10876.0,-0.7,-0.7,-0.7031,-0.01,-0.38
10877.0,-0.7,-0.7,-0.6991,0.0,0.34
10878.0,-0.7,-0.7,-0.7012,-0.01,-0.38
10879.0,-0.7,-0.7,-0.7009,-0.01,-0.38
10880.0,-0.7,-0.7,-0.7052,-0.02,-0.39
10881.0,-0.7,-0.7,-0.6943,0.02,0.36
10882.0,-0.7,-0.7,-0.7067,-0.03,-0.4
10883.0,-0.7,-0.7,-0.6972,0.01,0.35
10885.0,-0.7,-0.7,-0.7012,-0.01,-0.38
10886.0,-0.7,-0.7,-0.7049,-0.02,-0.39
10887.0,-0.7,-0.7,-0.7045,-0.02,-0.39
10888.0,-0.7,-0.7,-0.7016,-0.01,-0.38
10889.0,-0.7,-0.7,-0.7016,-0.01,-0.38
10890.0,-0.7,-0.7,-0.7005,-0.01,-0.38
10891.0,-0.7,-0.7,-0.7049,-0.03,-0.4
10892.0,-0.7,-0.7,-0.6904,0.03,0.37
10893.0,-0.7,-0.7,-0.7045,-0.02,-0.39
10895.0,-0.7,-0.7,-0.6972,0.01,0.35
10896.0,-0.7,-0.7,-0.7023,-0.01,-0.38
10897.0,-0.7,-0.7,-0.6991,0.0,0.34
10898.0,-0.7,-0.7,-0.7002,-0.0,-0.37
10899.0,-0.7,-0.7,-0.7002,-0.0,-0.37
10900.0,-0.7,-0.7,-0.6987,0.0,0.34
10901.0,-0.7,-0.7,-0.6972,0.01,0.35
10902.0,-0.7,-0.7,-0.7009,-0.0,-0.37
10903.0,-0.7,-0.7,-0.6962,0.02,0.36
10904.0,-0.7,-0.7,-0.7009,-0.0,-0.37
10906.0,-0.7,-0.7,-0.7031,-0.01,-0.38
10907.0,-0.7,-0.7,-0.7016,-0.01,-0.38
10908.0,-0.7,-0.7,-0.7002,-0.0,-0.37
10909.0,-0.7,-0.7,-0.6929,0.03,0.37
10910.0,-0.7,-0.7,-0.6976,0.01,0.35
10911.0,-0.7,-0.7,-0.6958,0.02,0.36
10912.0,-0.7,-0.7,-0.7002,0.0,0.34
10913.0,-0.7,-0.7,-0.698,0.01,0.35
10914.0,-0.7,-0.7,-0.7009,-0.0,-0.37
10916.0,-0.7,-0.7,-0.6987,0.01,0.35
10917.0,-0.7,-0.7,-0.7002,0.0,0.34
10918.0,-0.7,-0.7,-0.7002,0.0,0.34
10919.0,-0.7,-0.7,-0.7118,-0.05,-0.42
10920.0,-0.7,-0.7,-0.7002,-0.0,-0.37
10921.0,-0.7,-0.7,-0.7009,-0.01,-0.38
10922.0,-0.7,-0.7,-0.6987,0.0,0.34
10923.0,-0.7,-0.7,-0.6958,0.02,0.36
10924.0,-0.7,-0.7,-0.6994,0.0,0.34
10925.0,-0.7,-0.7,-0.6991,0.0,0.34
10927.0,-0.7,-0.7,-0.6972,0.01,0.35
10928.0,-0.7,-0.7,-0.707,-0.03,-0.4
10929.0,-0.7,-0.7,-0.7016,-0.01,-0.38
10930.0,-0.7,-0.7,-0.6889,0.04,0.38
10931.0,-0.7,-0.7,-0.6987,0.01,0.35
10932.0,-0.7,-0.7,-0.6972,0.01,0.35
10933.0,-0.7,-0.7,-0.6994,0.01,0.35
10934.0,-0.7,-0.7,-0.6994,0.01,0.35
10935.0,-0.7,-0.7,-0.7103,-0.04,-0.41
10936.0,-0.7,-0.7,-0.7038,-0.02,-0.39
10938.0,-0.7,-0.7,-0.7045,-0.02,-0.39
10939.0,-0.7,-0.7,-0.6983,0.0,0.34
10940.0,-0.7,-0.7,-0.6972,0.01,0.35
10941.0,-0.7,-0.7,-0.7099,-0.04,-0.41
10942.0,-0.7,-0.7,-0.7012,-0.01,-0.38
10943.0,-0.7,-0.7,-0.6987,0.0,0.34
10944.0,-0.7,-0.7,-0.6976,0.01,0.35
10945.0,-0.7,-0.7,-0.6987,0.0,0.34
10946.0,-0.7,-0.7,-0.7009,-0.01,-0.38
10948.0,-0.7,-0.7,-0.7041,-0.02,-0.39
10949.0,-0.7,-0.7,-0.6885,0.04,0.38
10950.0,-0.7,-0.7,-0.6987,0.01,0.35
10951.0,-0.7,-0.7,-0.7023,-0.01,-0.38
10952.0,-0.7,-0.7,-0.69,0.04,0.38
10953.0,-0.7,-0.7,-0.6994,0.01,0.35
10954.0,-0.7,-0.7,-0.6987,0.01,0.35
10955.0,-0.7,-0.7,-0.698,0.01,0.35
10956.0,-0.7,-0.7,-0.7009,0.0,0.34
10957.0,-0.7,-0.7,-0.6972,0.01,0.35
10959.0,-0.7,-0.7,-0.698,0.01,0.35
10960.0,-0.7,-0.7,-0.7002,0.0,0.34
10961.0,-0.7,-0.7,-0.7052,-0.02,-0.39
10962.0,-0.7,-0.7,-0.6954,0.02,0.36
10963.0,-0.7,-0.7,-0.7179,-0.07,-0.44
10964.0,-0.7,-0.7,-0.6969,0.01,0.35
10965.0,-0.7,-0.7,-0.6994,0.0,0.34
10966.0,-0.7,-0.7,-0.6987,0.0,0.34
10967.0,-0.7,-0.7,-0.6617,0.16,0.5
10968.0,-0.7,-0.7,-0.7023,0.0,0.34
10970.0,-0.7,-0.7,-0.6972,0.02,0.36
10971.0,-0.7,-0.7,-0.7002,0.01,0.35
10972.0,-0.7,-0.7,-0.7041,-0.01,-0.38
10973.0,-0.7,-0.7,-0.7041,-0.01,-0.38
10974.0,-0.7,-0.7,-0.7031,-0.01,-0.38
10975.0,-0.7,-0.7,-0.6994,0.01,0.35
10976.0,-0.7,-0.7,-0.7132,-0.05,-0.42
10977.0,-0.7,-0.7,-0.7016,-0.01,-0.38
10978.0,-0.7,-0.7,-0.7056,-0.02,-0.39
10980.0,-0.7,-0.7,-0.6947,0.02,0.36
10981.0,-0.7,-0.7,-0.7016,-0.01,-0.38
10982.0,-0.7,-0.7,-0.7038,-0.02,-0.39
10983.0,-0.7,-0.7,-0.7045,-0.02,-0.39
10984.0,-0.7,-0.7,-0.7016,-0.01,-0.38
10985.0,-0.7,-0.7,-0.7049,-0.02,-0.39
10986.0,-0.7,-0.7,-0.6809,0.07,0.41
10987.0,-0.7,-0.7,-0.6925,0.03,0.37
10988.0,-0.7,-0.7,-0.6991,0.01,0.35
10989.0,-0.7,-0.7,-0.7023,-0.01,-0.38
10991.0,-0.7,-0.7,-0.6958,0.02,0.36
10992.0,-0.7,-0.7,-0.6958,0.02,0.36
10993.0,-0.7,-0.7,-0.6983,0.01,0.35
10994.0,-0.7,-0.7,-0.7081,-0.03,-0.4
10995.0,-0.7,-0.7,-0.6994,0.0,0.34
10996.0,-0.7,-0.7,-0.7016,-0.0,-0.37
10997.0,-0.7,-0.7,-0.7016,-0.01,-0.38
10998.0,-0.7,-0.7,-0.6994,0.0,0.34
10999.0,-0.7,-0.7,-0.7016,-0.01,-0.38
11001.0,0.7,0.7,-0.7067,-5.81,-6.18
11002.0,0.7,0.7,-0.6969,-6.24,-6.61
11003.0,0.7,0.7,-0.6914,-6.65,-7.02
11004.0,0.7,0.7,-0.7016,-7.08,-7.45
11005.0,0.7,0.7,-0.7012,-7.43,-7.8
11006.0,0.7,0.7,-0.7016,-7.76,-8.13
11007.0,0.7,0.7,-0.6994,-8.05,-8.42
11008.0,0.7,0.7,-0.6962,-8.3,-8.67
11009.0,0.7,0.7,-0.69,-8.52,-8.89
11010.0,0.7,0.7,-0.6878,-8.73,-9.1
11012.0,0.7,0.7,-0.661,-8.82,-9.19
11013.0,0.7,0.7,-0.6748,-9.05,-9.42
11014.0,0.7,0.7,-0.669,-9.19,-9.56
11015.0,0.7,0.7,-0.6631,-9.31,-9.68
11016.0,0.7,0.7,-0.6508,-9.39,-9.76
11017.0,0.7,0.7,-0.6475,-9.49,-9.86
11018.0,0.7,0.7,-0.6581,-9.63,-10.0
11019.0,0.7,0.7,-0.6334,-9.63,-10.0
11020.0,0.7,0.7,-0.6298,-9.69,-10.06
11021.0,0.7,0.7,-0.6232,-9.74,-10.11
11023.0,0.7,0.7,-0.6189,-9.78,-10.15
11024.0,0.7,0.7,-0.6087,-9.8,-10.17
11025.0,0.7,0.7,-0.592,-9.78,-10.15
11026.0,0.7,0.7,-0.5935,-9.82,-10.19
11027.0,0.7,0.7,-0.5913,-9.85,-10.22
11028.0,0.7,0.7,-0.5706,-9.79,-10.16
11029.0,0.7,0.7,-0.5677,-9.8,-10.17
11030.0,0.7,0.7,-0.5601,-9.79,-10.16
11031.0,0.7,0.7,-0.55,-9.76,-10.13
11032.0,0.7,0.7,-0.5329,-9.7,-10.07
11034.0,0.7,0.7,-0.534,-9.71,-10.08
11035.0,0.7,0.7,-0.5249,-9.67,-10.04
11036.0,0.7,0.7,-0.5101,-9.61,-9.98
11037.0,0.7,0.7,-0.5046,-9.58,-9.95
11038.0,0.7,0.7,-0.4934,-9.53,-9.9
11039.0,0.7,0.7,-0.4905,-9.51,-9.88
11040.0,0.7,0.7,-0.4752,-9.44,-9.81
11041.0,0.7,0.7,-0.4669,-9.39,-9.76
11042.0,0.7,0.7,-0.4535,-9.32,-9.69
11043.0,0.7,0.7,-0.4419,-9.25,-9.62
11045.0,0.7,0.7,-0.4266,-9.17,-9.54
11046.0,0.7,0.7,-0.4259,-9.14,-9.51
11047.0,0.7,0.7,-0.4143,-9.07,-9.44
11048.0,0.7,0.7,-0.4081,-9.02,-9.39
11049.0,0.7,0.7,-0.3965,-8.95,-9.32
11050.0,0.7,0.7,-0.3882,-8.89,-9.26
11051.0,0.7,0.7,-0.3722,-8.79,-9.16
11052.0,0.7,0.7,-0.3617,-8.72,-9.09
11053.0,0.7,0.7,-0.3519,-8.65,-9.02
11054.0,0.7,0.7,-0.3425,-8.58,-8.95
11056.0,0.7,0.7,-0.3098,-8.41,-8.78
11057.0,0.7,0.7,-0.325,-8.44,-8.81
11058.0,0.7,0.7,-0.3113,-8.35,-8.72
11059.0,0.7,0.7,-0.2982,-8.26,-8.63
11060.0,0.7,0.7,-0.2851,-8.17,-8.54
11061.0,0.7,0.7,-0.2619,-8.04,-8.41
11062.0,0.7,0.7,-0.267,-8.02,-8.39
11063.0,0.7,0.7,-0.2547,-7.94,-8.31
11064.0,0.7,0.7,-0.2438,-7.86,-8.23
11065.0,0.7,0.7,-0.2351,-7.78,-8.15
11067.0,0.7,0.7,-0.2177,-7.68,-8.05
11068.0,0.7,0.7,-0.209,-7.6,-7.97
11069.0,0.7,0.7,-0.2159,-7.59,-7.96
11070.0,0.7,0.7,-0.1908,-7.46,-7.83
11071.0,0.7,0.7,-0.1796,-7.37,-7.74
11072.0,0.7,0.7,-0.1676,-7.28,-7.65
11073.0,0.7,0.7,-0.1585,-7.21,-7.58
11074.0,0.7,0.7,-0.148,-7.13,-7.5
11075.0,0.7,0.7,-0.1335,-7.03,-7.4
11076.0,0.7,0.7,-0.1306,-6.98,-7.35
11078.0,0.7,0.7,-0.115,-6.87,-7.24
11079.0,0.7,0.7,-0.111,-6.82,-7.19
11080.0,0.7,0.7,-0.0921,-6.7,-7.07
11081.0,0.7,0.7,-0.0715,-6.58,-6.95
11082.0,0.7,0.7,-0.0697,-6.53,-6.9
11083.0,0.7,0.7,-0.0689,-6.48,-6.85
11084.0,0.7,0.7,-0.0464,-6.35,-6.72
11085.0,0.7,0.7,-0.0272,-6.23,-6.6
11086.0,0.7,0.7,-0.0247,-6.18,-6.55
11087.0,0.7,0.7,-0.0138,-6.09,-6.46
11089.0,0.7,0.7,-0.0058,-6.02,-6.39
11090.0,0.7,0.7,0.0087,-5.92,-6.29
11091.0,0.7,0.7,0.0189,-5.83,-6.2
11092.0,0.7,0.7,0.0326,-5.74,-6.11
11093.0,0.7,0.7,0.0424,-5.65,-6.02
11094.0,0.7,0.7,0.0508,-5.58,-5.95
11095.0,0.7,0.7,0.0958,-5.35,-5.72
11096.0,0.7,0.7,0.0776,-5.38,-5.75
11097.0,0.7,0.7,0.0878,-5.29,-5.66
11098.0,0.7,0.7,0.0987,-5.21,-5.58
11099.0,0.7,0.7,0.1197,-5.08,-5.45
11100.0,0.7,0.7,0.1226,-5.02,-5.39
11102.0,0.7,0.7,0.1317,-4.94,-5.31
11103.0,0.7,0.7,0.1538,-4.81,-5.18
11104.0,0.7,0.7,0.1538,-4.77,-5.14
11105.0,0.7,0.7,0.1698,-4.66,-5.03
11106.0,0.7,0.7,0.169,-4.62,-4.99
11107.0,0.7,0.7,0.1828,-4.52,-4.89
11108.0,0.7,0.7,0.1952,-4.43,-4.8
11109.0,0.7,0.7,0.2082,-4.34,-4.71
11110.0,0.7,0.7,0.2155,-4.27,-4.64
11111.0,0.7,0.7,0.2206,-4.21,-4.58
11112.0,0.7,0.7,0.2293,-4.13,-4.5
11114.0,0.7,0.7,0.2474,-4.02,-4.39
11115.0,0.7,0.7,0.2554,-3.95,-4.32
11116.0,0.7,0.7,0.2641,-3.87,-4.24
11117.0,0.7,0.7,0.2793,-3.77,-4.14
11118.0,0.7,0.7,0.2938,-3.67,-4.04
11119.0,0.7,0.7,0.2989,-3.61,-3.98
11120.0,0.7,0.7,0.3149,-3.5,-3.87
11121.0,0.7,0.7,0.3149,-3.46,-3.83
11122.0,0.7,0.7,0.296,-3.5,-3.87
11123.0,0.7,0.7,0.3319,-3.33,-3.7
11124.0,0.7,0.7,0.3446,-3.24,-3.61
11125.0,0.7,0.7,0.3519,-3.17,-3.54
11127.0,0.7,0.7,0.3606,-3.09,-3.46
11128.0,0.7,0.7,0.3635,-3.04,-3.41
11129.0,0.7,0.7,0.3853,-2.92,-3.29
11130.0,0.7,0.7,0.3856,-2.88,-3.25
11131.0,0.7,0.7,0.3954,-2.8,-3.17
11132.0,0.7,0.7,0.4041,-2.73,-3.1
11133.0,0.7,0.7,0.4132,-2.66,-3.03
11134.0,0.7,0.7,0.4194,-2.6,-2.97
11135.0,0.7,0.7,0.4259,-2.54,-2.91
11136.0,0.7,0.7,0.4411,-2.44,-2.81
11137.0,0.7,0.7,0.4419,-2.4,-2.77
11138.0,0.7,0.7,0.4462,-2.35,-2.72
11140.0,0.7,0.7,0.4564,-2.28,-2.65
11141.0,0.7,0.7,0.4614,-2.23,-2.6
11142.0,0.7,0.7,0.4709,-2.16,-2.53
11143.0,0.7,0.7,0.4789,-2.09,-2.46
11144.0,0.7,0.7,0.4767,-2.07,-2.44
11145.0,0.7,0.7,0.4984,-1.95,-2.32
11146.0,0.7,0.7,0.4999,-1.91,-2.28
11147.0,0.7,0.7,0.5086,-1.85,-2.22
11148.0,0.7,0.7,0.5137,-1.8,-2.17
11149.0,0.7,0.7,0.5224,-1.73,-2.1
11150.0,0.7,0.7,0.5253,-1.69,-2.06
11151.0,0.7,0.7,0.5289,-1.65,-2.02
11152.0,0.7,0.7,0.5398,-1.58,-1.95
11154.0,0.7,0.7,0.5485,-1.51,-1.88
11155.0,0.7,0.7,0.5456,-1.5,-1.87
11156.0,0.7,0.7,0.5579,-1.42,-1.79
11157.0,0.7,0.7,0.5608,-1.38,-1.75
11158.0,0.7,0.7,0.5659,-1.34,-1.71
11159.0,0.7,0.7,0.5674,-1.3,-1.67
11160.0,0.7,0.7,0.5754,-1.25,-1.62
11161.0,0.7,0.7,0.583,-1.19,-1.56
11162.0,0.7,0.7,0.5884,-1.15,-1.52
11163.0,0.7,0.7,0.5957,-1.09,-1.46
11164.0,0.7,0.7,0.592,-1.08,-1.45
11165.0,0.7,0.7,0.6029,-1.02,-1.39
11167.0,0.7,0.7,0.6095,-0.97,-1.34
11168.0,0.7,0.7,0.6182,-0.91,-1.28
11169.0,0.7,0.7,0.6203,-0.88,-1.25
11170.0,0.7,0.7,0.6182,-0.86,-1.23
11171.0,0.7,0.7,0.6153,-0.86,-1.23
11172.0,0.7,0.7,0.6269,-0.79,-1.16
11173.0,0.7,0.7,0.6309,-0.76,-1.13
11174.0,0.7,0.7,0.6327,-0.73,-1.1
11175.0,0.7,0.7,0.6392,-0.69,-1.06
11176.0,0.7,0.7,0.6421,-0.65,-1.02
11177.0,0.7,0.7,0.6523,-0.6,-0.97
11178.0,0.7,0.7,0.6523,-0.58,-0.95
11180.0,0.7,0.7,0.6697,-0.49,-0.86
11181.0,0.7,0.7,0.6617,-0.5,-0.87
11182.0,0.7,0.7,0.6581,-0.49,-0.86
11183.0,0.7,0.7,0.6595,-0.47,-0.84
11184.0,0.7,0.7,0.6617,-0.45,-0.82
11185.0,0.7,0.7,0.6668,-0.42,-0.79
11186.0,0.7,0.7,0.6653,-0.41,-0.78
11187.0,0.7,0.7,0.6733,-0.36,-0.73
11188.0,0.7,0.7,0.6744,-0.35,-0.72
11189.0,0.7,0.7,0.6798,-0.31,-0.68
11190.0,0.7,0.7,0.6784,-0.3,-0.67
11191.0,0.7,0.7,0.6791,-0.29,-0.66
11193.0,0.7,0.7,0.6856,-0.25,-0.62
11194.0,0.7,0.7,0.6856,-0.24,-0.61
11195.0,0.7,0.7,0.6871,-0.22,-0.59
11196.0,0.7,0.7,0.7001,-0.16,-0.53
11197.0,0.7,0.7,0.7023,-0.13,-0.5
11198.0,0.7,0.7,0.6965,-0.14,-0.51
11199.0,0.7,0.7,0.7023,-0.11,-0.48
11200.0,0.7,0.7,0.7023,-0.1,-0.47
11201.0,0.7,0.7,0.7023,-0.09,-0.46
11202.0,0.7,0.7,0.6972,-0.1,-0.47
11203.0,0.7,0.7,0.7038,-0.06,-0.43
11204.0,0.7,0.7,0.7052,-0.05,-0.42
11206.0,0.7,0.7,0.7067,-0.04,-0.41
11207.0,0.7,0.7,0.711,-0.01,-0.38
11208.0,0.7,0.7,0.7161,0.02,0.36
11209.0,0.7,0.7,0.7139,0.02,0.36
11210.0,0.7,0.7,0.7118,0.02,0.36
11211.0,0.7,0.7,0.7121,0.03,0.37
11212.0,0.7,0.7,0.7205,0.07,0.41
11213.0,0.7,0.7,0.715,0.05,0.39
11214.0,0.7,0.7,0.7226,0.09,0.43
11215.0,0.7,0.7,0.7234,0.1,0.44
11216.0,0.7,0.7,0.7132,0.07,0.41
11217.0,0.7,0.7,0.7208,0.1,0.44
11218.0,0.7,0.7,0.7168,0.09,0.43
11219.0,0.7,0.7,0.7266,0.14,0.48
11220.0,0.7,0.7,0.7313,0.16,0.5
11221.0,0.7,0.7,0.7197,0.12,0.46
11222.0,0.7,0.7,0.7248,0.15,0.49
11223.0,0.7,0.7,0.7183,0.12,0.46
11224.0,0.7,0.7,0.7226,0.14,0.48
11226.0,0.7,0.7,0.7292,0.17,0.51
11227.0,0.7,0.7,0.7328,0.19,0.53
11228.0,0.7,0.7,0.7168,0.13,0.47
11229.0,0.7,0.7,0.7205,0.15,0.49
11230.0,0.7,0.7,0.7205,0.15,0.49
11231.0,0.7,0.7,0.7219,0.16,0.5
11232.0,0.7,0.7,0.7208,0.15,0.49
11233.0,0.7,0.7,0.7255,0.17,0.51
11234.0,0.7,0.7,0.7212,0.16,0.5
11235.0,0.7,0.7,0.7125,0.12,0.46
11236.0,0.7,0.7,0.7313,0.2,0.54
11237.0,0.7,0.7,0.7168,0.14,0.48
11238.0,0.7,0.7,0.7226,0.17,0.51
11239.0,0.7,0.7,0.7194,0.15,0.49
11240.0,0.7,0.7,0.7263,0.18,0.52
11241.0,0.7,0.7,0.7139,0.13,0.47
11242.0,0.7,0.7,0.7197,0.16,0.5
11243.0,0.7,0.7,0.7176,0.15,0.49
11244.0,0.7,0.7,0.7118,0.12,0.46
11245.0,0.7,0.7,0.7197,0.15,0.49
11247.0,0.7,0.7,0.7161,0.14,0.48
11248.0,0.7,0.7,0.7255,0.18,0.52
11249.0,0.7,0.7,0.7143,0.13,0.47
11250.0,0.7,0.7,0.7176,0.14,0.48
11251.0,0.7,0.7,0.7197,0.15,0.49
11252.0,0.7,0.7,0.7147,0.13,0.47
11253.0,0.7,0.7,0.703,0.08,0.42
11254.0,0.7,0.7,0.7161,0.13,0.47
11255.0,0.7,0.7,0.7092,0.1,0.44
11256.0,0.7,0.7,0.7118,0.11,0.45
11257.0,0.7,0.7,0.715,0.12,0.46
11258.0,0.7,0.7,0.7139,0.12,0.46
11259.0,0.7,0.7,0.7121,0.11,0.45
11260.0,0.7,0.7,0.7139,0.12,0.46
11261.0,0.7,0.7,0.7052,0.08,0.42
11262.0,0.7,0.7,0.7139,0.11,0.45
11263.0,0.7,0.7,0.7089,0.09,0.43
11264.0,0.7,0.7,0.7074,0.08,0.42
11265.0,0.7,0.7,0.7067,0.08,0.42
11266.0,0.7,0.7,0.7081,0.08,0.42
11267.0,0.7,0.7,0.7263,0.15,0.49
11269.0,0.7,0.7,0.6987,0.05,0.39
11270.0,0.7,0.7,0.7023,0.06,0.4
11271.0,0.7,0.7,0.703,0.06,0.4
11272.0,0.7,0.7,0.7052,0.06,0.4
11273.0,0.7,0.7,0.6943,0.01,0.35
11274.0,0.7,0.7,0.7034,0.05,0.39
11275.0,0.7,0.7,0.682,-0.04,-0.41
11276.0,0.7,0.7,0.6965,0.01,0.35
11277.0,0.7,0.7,0.6827,-0.05,-0.42
11278.0,0.7,0.7,0.7016,0.02,0.36
11279.0,0.7,0.7,0.7023,0.02,0.36
11280.0,0.7,0.7,0.7016,0.02,0.36
11281.0,0.7,0.7,0.682,-0.06,-0.43
11282.0,0.7,0.7,0.7023,0.01,0.35
11283.0,0.7,0.7,0.6907,-0.03,-0.4
11284.0,0.7,0.7,0.6965,-0.01,-0.38
11285.0,0.7,0.7,0.6972,-0.01,-0.38
11286.0,0.7,0.7,0.698,-0.01,-0.38
11288.0,0.7,0.7,0.6657,-0.14,-0.51
11289.0,0.7,0.7,0.6994,-0.02,-0.39
11290.0,0.7,0.7,0.7063,0.01,0.35
11291.0,0.7,0.7,0.6994,-0.01,-0.38
11292.0,0.7,0.7,0.6976,-0.02,-0.39
11293.0,0.7,0.7,0.7001,-0.01,-0.38
11294.0,0.7,0.7,0.6972,-0.02,-0.39
11295.0,0.7,0.7,0.6929,-0.04,-0.41
11296.0,0.7,0.7,0.6972,-0.02,-0.39
11297.0,0.7,0.7,0.698,-0.02,-0.39
11298.0,0.7,0.7,0.7234,0.09,0.43
11299.0,0.7,0.7,0.6733,-0.11,-0.48
11300.0,0.7,0.7,0.6987,-0.02,-0.39
11301.0,0.7,0.7,0.6958,-0.03,-0.4
