time_ms,theta_ref,theta_ref_sat,theta,control_voltage,motor_voltage
171578.0,0.7,0.7,0.6994,0.0,0.34
171579.0,0.7,0.7,0.6994,0.0,0.34
171580.0,0.7,0.7,0.6769,-0.09,-0.46
171581.0,0.7,0.7,0.698,-0.01,-0.38
171582.0,0.7,0.7,0.7005,-0.0,-0.37
171583.0,0.7,0.7,0.7001,-0.0,-0.37
171584.0,0.7,0.7,0.7023,0.0,0.34
171585.0,0.7,0.7,0.6994,-0.01,-0.38
171586.0,0.7,0.7,0.7016,0.0,0.34
171587.0,0.7,0.7,0.6943,-0.03,-0.4
171588.0,0.7,0.7,0.6965,-0.02,-0.39
171589.0,0.7,0.7,0.702,0.0,0.34
171590.0,0.7,0.7,0.6849,-0.07,-0.44
171592.0,0.7,0.7,0.6994,-0.01,-0.38
171593.0,0.7,0.7,0.6987,-0.01,-0.38
171594.0,0.7,0.7,0.7038,0.01,0.35
171595.0,0.7,0.7,0.7001,-0.01,-0.38
171596.0,0.7,0.7,0.706,0.02,0.36
171597.0,0.7,0.7,0.6969,-0.02,-0.39
171598.0,0.7,0.7,0.6972,-0.01,-0.38
171599.0,0.7,0.7,0.703,0.01,0.35
171600.0,0.7,0.7,0.7001,-0.0,-0.37
171601.0,0.7,0.7,0.7074,0.03,0.37
171602.0,0.7,0.7,0.7023,0.01,0.35
171603.0,0.7,0.7,0.7023,0.01,0.35
171604.0,0.7,0.7,0.6994,-0.0,-0.37
171605.0,0.7,0.7,0.6954,-0.02,-0.39
171606.0,0.7,0.7,0.6994,-0.0,-0.37
171608.0,0.7,0.7,0.6972,-0.01,-0.38
171609.0,0.7,0.7,0.7001,-0.0,-0.37
171610.0,0.7,0.7,0.7023,0.01,0.35
171611.0,0.7,0.7,0.7023,0.01,0.35
171612.0,0.7,0.7,0.7001,0.0,0.34
171613.0,0.7,0.7,0.6994,-0.0,-0.37
171614.0,0.7,0.7,0.703,0.01,0.35
171615.0,0.7,0.7,0.7023,0.01,0.35
171616.0,0.7,0.7,0.7001,0.0,0.34
171617.0,0.7,0.7,0.7001,0.0,0.34
171618.0,0.7,0.7,0.7005,0.0,0.34
171619.0,0.7,0.7,0.703,0.01,0.35
171620.0,0.7,0.7,0.7023,0.01,0.35
171621.0,0.7,0.7,0.7016,0.01,0.35
171622.0,0.7,0.7,0.7045,0.02,0.36
171623.0,0.7,0.7,0.6994,0.0,0.34
171624.0,0.7,0.7,0.7089,0.04,0.38
171625.0,0.7,0.7,0.7023,0.02,0.36
171626.0,0.7,0.7,0.711,0.05,0.39
171627.0,0.7,0.7,0.6987,0.0,0.34
171628.0,0.7,0.7,0.6994,0.01,0.35
171630.0,0.7,0.7,0.6936,-0.02,-0.39
171631.0,0.7,0.7,0.7081,0.04,0.38
171632.0,0.7,0.7,0.703,0.02,0.36
171633.0,0.7,0.7,0.7045,0.03,0.37
171634.0,0.7,0.7,0.702,0.02,0.36
171635.0,0.7,0.7,0.6936,-0.02,-0.39
171636.0,0.7,0.7,0.7052,0.03,0.37
171637.0,0.7,0.7,0.6994,0.0,0.34
171638.0,0.7,0.7,0.6972,-0.01,-0.38
171639.0,0.7,0.7,0.6994,0.0,0.34
171640.0,0.7,0.7,0.6907,-0.03,-0.4
171641.0,0.7,0.7,0.7009,0.0,0.34
171642.0,0.7,0.7,0.6943,-0.02,-0.39
171643.0,0.7,0.7,0.6976,-0.01,-0.38
171644.0,0.7,0.7,0.7023,0.01,0.35
171645.0,0.7,0.7,0.674,-0.11,-0.48
171646.0,0.7,0.7,0.7023,-0.0,-0.37
171648.0,0.7,0.7,0.6965,-0.02,-0.39
171649.0,0.7,0.7,0.6987,-0.01,-0.38
171650.0,0.7,0.7,0.6987,-0.01,-0.38
171651.0,0.7,0.7,0.6994,-0.01,-0.38
171652.0,0.7,0.7,0.7034,0.01,0.35
171653.0,0.7,0.7,0.7081,0.03,0.37
171654.0,0.7,0.7,0.6958,-0.02,-0.39
171655.0,0.7,0.7,0.6994,-0.01,-0.38
171656.0,0.7,0.7,0.6972,-0.01,-0.38
171657.0,0.7,0.7,0.6914,-0.04,-0.41
171658.0,0.7,0.7,0.6951,-0.03,-0.4
171659.0,0.7,0.7,0.6994,-0.01,-0.38
171660.0,0.7,0.7,0.6806,-0.09,-0.46
171662.0,0.7,0.7,0.6972,-0.02,-0.39
171663.0,0.7,0.7,0.7001,-0.01,-0.38
171664.0,0.7,0.7,0.6965,-0.03,-0.4
171665.0,0.7,0.7,0.6965,-0.03,-0.4
171666.0,0.7,0.7,0.6972,-0.02,-0.39
171667.0,0.7,0.7,0.703,0.0,0.34
171668.0,0.7,0.7,0.6994,-0.01,-0.38
171669.0,0.7,0.7,0.7078,0.02,0.36
171670.0,0.7,0.7,0.6965,-0.02,-0.39
171671.0,0.7,0.7,0.7023,0.0,0.34
171672.0,0.7,0.7,0.6976,-0.01,-0.38
171673.0,0.7,0.7,0.7001,-0.0,-0.37
171674.0,0.7,0.7,0.7034,0.01,0.35
171675.0,0.7,0.7,0.7001,-0.0,-0.37
171676.0,0.7,0.7,0.706,0.02,0.36
171678.0,0.7,0.7,0.7103,0.04,0.38
171679.0,0.7,0.7,0.7041,0.02,0.36
171680.0,0.7,0.7,0.6878,-0.05,-0.42
171681.0,0.7,0.7,0.7089,0.04,0.38
171682.0,0.7,0.7,0.7023,0.01,0.35
171683.0,0.7,0.7,0.7016,0.01,0.35
171684.0,0.7,0.7,0.7023,0.01,0.35
171685.0,0.7,0.7,0.7001,0.0,0.34
171686.0,0.7,0.7,0.6958,-0.01,-0.38
171687.0,0.7,0.7,0.7034,0.02,0.36
171688.0,0.7,0.7,0.7001,0.0,0.34
171689.0,0.7,0.7,0.7001,0.0,0.34
171690.0,0.7,0.7,0.7023,0.01,0.35
171691.0,0.7,0.7,0.7023,0.01,0.35
171692.0,0.7,0.7,0.6987,-0.0,-0.37
171693.0,0.7,0.7,0.6994,0.0,0.34
171694.0,0.7,0.7,0.706,0.03,0.37
171695.0,0.7,0.7,0.7081,0.04,0.38
171696.0,0.7,0.7,0.6994,0.0,0.34
171697.0,0.7,0.7,0.6976,-0.0,-0.37
171699.0,0.7,0.7,0.719,0.08,0.42
171700.0,0.7,0.7,0.703,0.02,0.36
171701.0,0.7,0.7,0.702,0.02,0.36
171702.0,0.7,0.7,0.6965,-0.0,-0.37
171703.0,0.7,0.7,0.6994,0.01,0.35
171704.0,0.7,0.7,0.7001,0.01,0.35
171705.0,0.7,0.7,0.6994,0.0,0.34
171706.0,0.7,0.7,0.6991,0.0,0.34
171707.0,0.7,0.7,0.7001,0.01,0.35
171708.0,0.7,0.7,0.6976,-0.01,-0.38
171709.0,0.7,0.7,0.698,-0.01,-0.38
171710.0,0.7,0.7,0.6893,-0.04,-0.41
171711.0,0.7,0.7,0.7049,0.02,0.36
171712.0,0.7,0.7,0.6936,-0.03,-0.4
171713.0,0.7,0.7,0.6972,-0.01,-0.38
171714.0,0.7,0.7,0.7016,0.0,0.34
171715.0,0.7,0.7,0.7023,0.01,0.35
171717.0,0.7,0.7,0.6972,-0.01,-0.38
171718.0,0.7,0.7,0.6965,-0.02,-0.39
171719.0,0.7,0.7,0.6893,-0.05,-0.42
171720.0,0.7,0.7,0.6965,-0.02,-0.39
171721.0,0.7,0.7,0.7052,0.01,0.35
171722.0,0.7,0.7,0.6958,-0.02,-0.39
171723.0,0.7,0.7,0.7034,0.01,0.35
171724.0,0.7,0.7,0.6972,-0.02,-0.39
171725.0,0.7,0.7,0.6965,-0.02,-0.39
171726.0,0.7,0.7,0.6994,-0.01,-0.38
171727.0,0.7,0.7,0.7001,-0.0,-0.37
171728.0,0.7,0.7,0.6994,-0.01,-0.38
171729.0,0.7,0.7,0.6994,-0.01,-0.38
171730.0,0.7,0.7,0.6943,-0.03,-0.4
171732.0,0.7,0.7,0.7089,0.03,0.37
171733.0,0.7,0.7,0.6918,-0.04,-0.41
171734.0,0.7,0.7,0.7005,-0.0,-0.37
171735.0,0.7,0.7,0.7379,0.15,0.49
171736.0,0.7,0.7,0.6965,-0.01,-0.38
171737.0,0.7,0.7,0.6646,-0.14,-0.51
171738.0,0.7,0.7,0.7023,0.0,0.34
171739.0,0.7,0.7,0.7089,0.03,0.37
171740.0,0.7,0.7,0.7023,0.01,0.35
171741.0,0.7,0.7,0.6965,-0.01,-0.38
171742.0,0.7,0.7,0.698,-0.01,-0.38
171743.0,0.7,0.7,0.6994,-0.0,-0.37
171744.0,0.7,0.7,0.6987,-0.01,-0.38
171745.0,0.7,0.7,0.7009,0.0,0.34
171746.0,0.7,0.7,0.7089,0.03,0.37
171747.0,0.7,0.7,0.6972,-0.01,-0.38
171749.0,0.7,0.7,0.6994,-0.0,-0.37
171750.0,0.7,0.7,0.7034,0.01,0.35
171751.0,0.7,0.7,0.7023,0.01,0.35
171752.0,0.7,0.7,0.7001,0.0,0.34
171753.0,0.7,0.7,0.7001,0.0,0.34
171754.0,0.7,0.7,0.7023,0.01,0.35
171755.0,0.7,0.7,0.7023,0.01,0.35
171756.0,0.7,0.7,0.6907,-0.04,-0.41
171757.0,0.7,0.7,0.6947,-0.02,-0.39
171758.0,0.7,0.7,0.7034,0.01,0.35
171759.0,0.7,0.7,0.7023,0.01,0.35
171760.0,0.7,0.7,0.6914,-0.04,-0.41
171761.0,0.7,0.7,0.6987,-0.01,-0.38
171762.0,0.7,0.7,0.7237,0.09,0.43
171763.0,0.7,0.7,0.6965,-0.01,-0.38
171764.0,0.7,0.7,0.7023,0.01,0.35
171765.0,0.7,0.7,0.7139,0.06,0.4
171767.0,0.7,0.7,0.703,0.02,0.36
171768.0,0.7,0.7,0.686,-0.05,-0.42
171769.0,0.7,0.7,0.6972,-0.01,-0.38
171770.0,0.7,0.7,0.6987,-0.0,-0.37
171771.0,0.7,0.7,0.7001,0.0,0.34
171772.0,0.7,0.7,0.6994,-0.0,-0.37
171773.0,0.7,0.7,0.7001,0.0,0.34
171774.0,0.7,0.7,0.703,0.01,0.35
171775.0,0.7,0.7,0.6994,-0.0,-0.37
171776.0,0.7,0.7,0.7023,0.01,0.35
171777.0,0.7,0.7,0.6965,-0.01,-0.38
171778.0,0.7,0.7,0.6972,-0.01,-0.38
171779.0,0.7,0.7,0.703,0.01,0.35
171780.0,0.7,0.7,0.6958,-0.02,-0.39
171781.0,0.7,0.7,0.7023,0.01,0.35
171782.0,0.7,0.7,0.6994,-0.0,-0.37
171784.0,0.7,0.7,0.7001,0.0,0.34
171785.0,0.7,0.7,0.6976,-0.01,-0.38
171786.0,0.7,0.7,0.6994,-0.0,-0.37
171787.0,0.7,0.7,0.7045,0.02,0.36
171788.0,0.7,0.7,0.706,0.03,0.37
171789.0,0.7,0.7,0.7009,0.01,0.35
171790.0,0.7,0.7,0.7001,0.0,0.34
171791.0,0.7,0.7,0.7023,0.01,0.35
171792.0,0.7,0.7,0.7052,0.02,0.36
171793.0,0.7,0.7,0.7001,0.01,0.35
171794.0,0.7,0.7,0.6914,-0.03,-0.4
171795.0,0.7,0.7,0.6965,-0.01,-0.38
171796.0,0.7,0.7,0.7005,0.0,0.34
171797.0,0.7,0.7,0.6994,-0.0,-0.37
171798.0,0.7,0.7,0.6994,-0.0,-0.37
171799.0,0.7,0.7,0.7052,0.02,0.36
171800.0,0.7,0.7,0.6994,-0.0,-0.37
171802.0,0.7,0.7,0.7023,0.01,0.35
171803.0,0.7,0.7,0.698,-0.01,-0.38
171804.0,0.7,0.7,0.7001,0.0,0.34
171805.0,0.7,0.7,0.7016,0.01,0.35
171806.0,0.7,0.7,0.7016,0.01,0.35
171807.0,0.7,0.7,0.6976,-0.01,-0.38
171808.0,0.7,0.7,0.6976,-0.01,-0.38
171809.0,0.7,0.7,0.7045,0.02,0.36
171810.0,0.7,0.7,0.6762,-0.1,-0.47
171811.0,0.7,0.7,0.6994,-0.01,-0.38
171812.0,0.7,0.7,0.7001,-0.01,-0.38
171813.0,0.7,0.7,0.6972,-0.02,-0.39
171814.0,0.7,0.7,0.6972,-0.02,-0.39
171815.0,0.7,0.7,0.6994,-0.01,-0.38
171817.0,0.7,0.7,0.7023,0.0,0.34
171818.0,0.7,0.7,0.6976,-0.01,-0.38
171819.0,0.7,0.7,0.7023,0.0,0.34
171820.0,0.7,0.7,0.6994,-0.01,-0.38
171821.0,0.7,0.7,0.7023,0.01,0.35
171822.0,0.7,0.7,0.703,0.01,0.35
171823.0,0.7,0.7,0.6987,-0.01,-0.38
171824.0,0.7,0.7,0.7005,0.0,0.34
171825.0,0.7,0.7,0.698,-0.01,-0.38
171826.0,0.7,0.7,0.7103,0.04,0.38
171827.0,0.7,0.7,0.6943,-0.02,-0.39
171828.0,0.7,0.7,0.6994,-0.0,-0.37
171829.0,0.7,0.7,0.7139,0.06,0.4
171830.0,0.7,0.7,0.7139,0.06,0.4
171831.0,0.7,0.7,0.7081,0.04,0.38
171832.0,0.7,0.7,0.7023,0.02,0.36
171833.0,0.7,0.7,0.7005,0.01,0.35
171834.0,0.7,0.7,0.7001,0.01,0.35
171836.0,0.7,0.7,0.723,0.1,0.44
171837.0,0.7,0.7,0.7168,0.09,0.43
171838.0,0.7,0.7,0.6972,0.01,0.35
171839.0,0.7,0.7,0.7001,0.02,0.36
171840.0,0.7,0.7,0.6972,0.0,0.34
171841.0,0.7,0.7,0.7089,0.05,0.39
171842.0,0.7,0.7,0.6991,0.01,0.35
171843.0,0.7,0.7,0.6972,0.0,0.34
171844.0,0.7,0.7,0.7023,0.02,0.36
171845.0,0.7,0.7,0.6951,-0.01,-0.38
171846.0,0.7,0.7,0.6994,0.01,0.35
171847.0,0.7,0.7,0.7009,0.01,0.35
171848.0,0.7,0.7,0.6965,-0.01,-0.38
171849.0,0.7,0.7,0.6987,-0.0,-0.37
171850.0,0.7,0.7,0.7045,0.02,0.36
171851.0,0.7,0.7,0.6972,-0.01,-0.38
171852.0,0.7,0.7,0.6987,-0.0,-0.37
171854.0,0.7,0.7,0.7023,0.01,0.35
171855.0,0.7,0.7,0.7161,0.07,0.41
171856.0,0.7,0.7,0.6965,-0.01,-0.38
171857.0,0.7,0.7,0.6951,-0.01,-0.38
171858.0,0.7,0.7,0.7074,0.04,0.38
171859.0,0.7,0.7,0.6987,0.0,0.34
171860.0,0.7,0.7,0.7023,0.02,0.36
171861.0,0.7,0.7,0.6943,-0.02,-0.39
171862.0,0.7,0.7,0.6936,-0.02,-0.39
171863.0,0.7,0.7,0.698,-0.01,-0.38
171864.0,0.7,0.7,0.6972,-0.01,-0.38
171865.0,0.7,0.7,0.6976,-0.01,-0.38
171866.0,0.7,0.7,0.6936,-0.03,-0.4
171867.0,0.7,0.7,0.6994,-0.01,-0.38
171868.0,0.7,0.7,0.6965,-0.02,-0.39
171870.0,0.7,0.7,0.6972,-0.02,-0.39
171871.0,0.7,0.7,0.7089,0.03,0.37
171872.0,0.7,0.7,0.6958,-0.02,-0.39
171873.0,0.7,0.7,0.6965,-0.02,-0.39
171874.0,0.7,0.7,0.7023,0.01,0.35
171875.0,0.7,0.7,0.6972,-0.01,-0.38
171876.0,0.7,0.7,0.6965,-0.02,-0.39
171877.0,0.7,0.7,0.6922,-0.04,-0.41
171878.0,0.7,0.7,0.6987,-0.01,-0.38
171879.0,0.7,0.7,0.6972,-0.02,-0.39
171880.0,0.7,0.7,0.6972,-0.02,-0.39
171881.0,0.7,0.7,0.703,0.01,0.35
171882.0,0.7,0.7,0.7081,0.03,0.37
171883.0,0.7,0.7,0.6972,-0.01,-0.38
171884.0,0.7,0.7,0.6943,-0.03,-0.4
171886.0,0.7,0.7,0.6976,-0.01,-0.38
171887.0,0.7,0.7,0.6994,-0.01,-0.38
171888.0,0.7,0.7,0.6972,-0.02,-0.39
171889.0,0.7,0.7,0.7001,-0.0,-0.37
171890.0,0.7,0.7,0.6994,-0.01,-0.38
171891.0,0.7,0.7,0.7081,0.03,0.37
171892.0,0.7,0.7,0.6994,-0.0,-0.37
171893.0,0.7,0.7,0.6994,-0.0,-0.37
171894.0,0.7,0.7,0.6936,-0.03,-0.4
171895.0,0.7,0.7,0.7001,-0.0,-0.37
171896.0,0.7,0.7,0.703,0.01,0.35
171897.0,0.7,0.7,0.6972,-0.01,-0.38
171898.0,0.7,0.7,0.7023,0.01,0.35
171899.0,0.7,0.7,0.703,0.01,0.35
171900.0,0.7,0.7,0.6987,-0.01,-0.38
171902.0,0.7,0.7,0.7001,-0.0,-0.37
171903.0,0.7,0.7,0.6827,-0.07,-0.44
171904.0,0.7,0.7,0.69,-0.05,-0.42
171905.0,0.7,0.7,0.706,0.02,0.36
171906.0,0.7,0.7,0.7052,0.02,0.36
171907.0,0.7,0.7,0.6987,-0.01,-0.38
171908.0,0.7,0.7,0.7103,0.04,0.38
171909.0,0.7,0.7,0.703,0.01,0.35
171910.0,0.7,0.7,0.703,0.01,0.35
171911.0,0.7,0.7,0.7052,0.02,0.36
171912.0,0.7,0.7,0.7001,0.0,0.34
171913.0,0.7,0.7,0.6994,0.0,0.34
171914.0,0.7,0.7,0.7034,0.02,0.36
171915.0,0.7,0.7,0.7038,0.02,0.36
171916.0,0.7,0.7,0.703,0.02,0.36
171917.0,0.7,0.7,0.703,0.02,0.36
171918.0,0.7,0.7,0.6994,0.0,0.34
171919.0,0.7,0.7,0.7081,0.04,0.38
171920.0,0.7,0.7,0.7023,0.02,0.36
171922.0,0.7,0.7,0.7361,0.16,0.5
171923.0,0.7,0.7,0.6987,0.01,0.35
171924.0,0.7,0.7,0.7089,0.05,0.39
171925.0,0.7,0.7,0.6965,0.0,0.34
171926.0,0.7,0.7,0.6871,-0.04,-0.41
171927.0,0.7,0.7,0.7016,0.02,0.36
171928.0,0.7,0.7,0.7023,0.02,0.36
171929.0,0.7,0.7,0.703,0.02,0.36
171930.0,0.7,0.7,0.6856,-0.05,-0.42
171931.0,0.7,0.7,0.7023,0.01,0.35
171932.0,0.7,0.7,0.6994,0.0,0.34
171933.0,0.7,0.7,0.7023,0.01,0.35
171934.0,0.7,0.7,0.7023,0.01,0.35
171935.0,0.7,0.7,0.703,0.02,0.36
171936.0,0.7,0.7,0.7001,0.01,0.35
171937.0,0.7,0.7,0.7001,0.01,0.35
171938.0,0.7,0.7,0.7052,0.03,0.37
171939.0,0.7,0.7,0.6951,-0.01,-0.38
171940.0,0.7,0.7,0.7016,0.01,0.35
171942.0,0.7,0.7,0.6976,-0.01,-0.38
171943.0,0.7,0.7,0.6904,-0.04,-0.41
171944.0,0.7,0.7,0.6987,-0.01,-0.38
171945.0,0.7,0.7,0.7052,0.02,0.36
171946.0,0.7,0.7,0.6044,-0.39,-0.76
171947.0,0.7,0.7,0.6987,-0.04,-0.41
171948.0,0.7,0.7,0.6994,-0.03,-0.4
171949.0,0.7,0.7,0.6994,-0.03,-0.4
171950.0,0.7,0.7,0.6994,-0.03,-0.4
171951.0,0.7,0.7,0.6976,-0.03,-0.4
171952.0,0.7,0.7,0.6972,-0.03,-0.4
171953.0,0.7,0.7,0.6965,-0.03,-0.4
171954.0,0.7,0.7,0.7001,-0.02,-0.39
171956.0,0.7,0.7,0.6976,-0.03,-0.4
171957.0,0.7,0.7,0.6969,-0.03,-0.4
171958.0,0.7,0.7,0.6987,-0.02,-0.39
171959.0,0.7,0.7,0.7049,0.0,0.34
171960.0,0.7,0.7,0.706,0.01,0.35
171961.0,0.7,0.7,0.7063,0.02,0.36
171962.0,0.7,0.7,0.7001,-0.01,-0.38
171963.0,0.7,0.7,0.6987,-0.01,-0.38
171964.0,0.7,0.7,0.6987,-0.01,-0.38
171965.0,0.7,0.7,0.7045,0.01,0.35
171966.0,0.7,0.7,0.7023,0.01,0.35
171967.0,0.7,0.7,0.7009,0.0,0.34
171968.0,0.7,0.7,0.7045,0.02,0.36
171969.0,0.7,0.7,0.6987,-0.01,-0.38
171970.0,0.7,0.7,0.7023,0.01,0.35
171971.0,0.7,0.7,0.6929,-0.03,-0.4
171973.0,0.7,0.7,0.6994,-0.0,-0.37
171974.0,0.7,0.7,0.6976,-0.01,-0.38
171975.0,0.7,0.7,0.6936,-0.03,-0.4
171976.0,0.7,0.7,0.7023,0.0,0.34
171977.0,0.7,0.7,0.6965,-0.02,-0.39
171978.0,0.7,0.7,0.7005,-0.0,-0.37
171979.0,0.7,0.7,0.7001,-0.0,-0.37
171980.0,0.7,0.7,0.7001,-0.0,-0.37
171981.0,0.7,0.7,0.7001,-0.0,-0.37
171982.0,0.7,0.7,0.703,0.01,0.35
171983.0,0.7,0.7,0.703,0.01,0.35
171984.0,0.7,0.7,0.7052,0.02,0.36
171985.0,0.7,0.7,0.7001,0.0,0.34
171986.0,0.7,0.7,0.6972,-0.01,-0.38
171987.0,0.7,0.7,0.7023,0.01,0.35
171989.0,0.7,0.7,0.6871,-0.05,-0.42
171990.0,0.7,0.7,0.7001,-0.0,-0.37
171991.0,0.7,0.7,0.7001,-0.0,-0.37
171992.0,0.7,0.7,0.7001,-0.0,-0.37
171993.0,0.7,0.7,0.6965,-0.02,-0.39
171994.0,0.7,0.7,0.6936,-0.03,-0.4
171995.0,0.7,0.7,0.7001,-0.0,-0.37
171996.0,0.7,0.7,0.7034,0.01,0.35
171997.0,0.7,0.7,0.7001,-0.0,-0.37
171998.0,0.7,0.7,0.7023,0.01,0.35
171999.0,0.7,0.7,0.6943,-0.03,-0.4
172000.0,-0.7,-0.7,0.706,5.8,6.14
172001.0,-0.7,-0.7,0.6972,6.24,6.58
172002.0,-0.7,-0.7,0.7023,6.69,7.03
172004.0,-0.7,-0.7,0.7001,7.07,7.41
172005.0,-0.7,-0.7,0.6962,7.41,7.75
172006.0,-0.7,-0.7,0.6994,7.75,8.09
172007.0,-0.7,-0.7,0.6929,8.02,8.36
172008.0,-0.7,-0.7,0.6972,8.3,8.64
172009.0,-0.7,-0.7,0.6885,8.51,8.85
172010.0,-0.7,-0.7,0.6849,8.71,9.05
172011.0,-0.7,-0.7,0.6849,8.91,9.25
172012.0,-0.7,-0.7,0.6769,9.06,9.4
172013.0,-0.7,-0.7,0.6777,9.23,9.57
172014.0,-0.7,-0.7,0.6653,9.32,9.66
172015.0,-0.7,-0.7,0.6624,9.44,9.78
172017.0,-0.7,-0.7,0.653,9.52,9.86
172018.0,-0.7,-0.7,0.6501,9.61,9.95
172019.0,-0.7,-0.7,0.6414,9.67,10.01
172020.0,-0.7,-0.7,0.6334,9.72,10.06
172021.0,-0.7,-0.7,0.6269,9.76,10.1
172022.0,-0.7,-0.7,0.6218,9.81,10.15
172023.0,-0.7,-0.7,0.6131,9.83,10.17
172024.0,-0.7,-0.7,0.6015,9.83,10.17
172025.0,-0.7,-0.7,0.5957,9.84,10.18
172026.0,-0.7,-0.7,0.5841,9.83,10.17
172027.0,-0.7,-0.7,0.5757,9.82,10.16
172028.0,-0.7,-0.7,0.5754,9.84,10.18
172030.0,-0.7,-0.7,0.5637,9.82,10.16
172031.0,-0.7,-0.7,0.5579,9.81,10.15
172032.0,-0.7,-0.7,0.5478,9.78,10.12
172033.0,-0.7,-0.7,0.5427,9.76,10.1
172034.0,-0.7,-0.7,0.5318,9.72,10.06
172035.0,-0.7,-0.7,0.5195,9.67,10.01
172036.0,-0.7,-0.7,0.5144,9.65,9.99
172037.0,-0.7,-0.7,0.4992,9.58,9.92
172038.0,-0.7,-0.7,0.4948,9.55,9.89
172039.0,-0.7,-0.7,0.4825,9.49,9.83
172040.0,-0.7,-0.7,0.4738,9.44,9.78
172042.0,-0.7,-0.7,0.4701,9.41,9.75
172043.0,-0.7,-0.7,0.4535,9.32,9.66
172044.0,-0.7,-0.7,0.4433,9.26,9.6
172045.0,-0.7,-0.7,0.436,9.21,9.55
172046.0,-0.7,-0.7,0.4302,9.17,9.51
172047.0,-0.7,-0.7,0.4136,9.07,9.41
172048.0,-0.7,-0.7,0.4074,9.02,9.36
172049.0,-0.7,-0.7,0.3987,8.96,9.3
172050.0,-0.7,-0.7,0.3867,8.89,9.23
172051.0,-0.7,-0.7,0.3715,8.8,9.14
172052.0,-0.7,-0.7,0.3693,8.76,9.1
172053.0,-0.7,-0.7,0.357,8.68,9.02
172054.0,-0.7,-0.7,0.3454,8.6,8.94
172056.0,-0.7,-0.7,0.3366,8.53,8.87
172057.0,-0.7,-0.7,0.325,8.45,8.79
172058.0,-0.7,-0.7,0.3156,8.38,8.72
172059.0,-0.7,-0.7,0.3018,8.29,8.63
172060.0,-0.7,-0.7,0.3018,8.26,8.6
172061.0,-0.7,-0.7,0.2692,8.09,8.43
172062.0,-0.7,-0.7,0.2735,8.07,8.41
172063.0,-0.7,-0.7,0.2648,8.0,8.34
172064.0,-0.7,-0.7,0.2612,7.95,8.29
172065.0,-0.7,-0.7,0.2409,7.83,8.17
172066.0,-0.7,-0.7,0.2271,7.74,8.08
172067.0,-0.7,-0.7,0.2187,7.67,8.01
172069.0,-0.7,-0.7,0.2068,7.58,7.92
172070.0,-0.7,-0.7,0.1984,7.51,7.85
172071.0,-0.7,-0.7,0.1872,7.43,7.77
172072.0,-0.7,-0.7,0.177,7.35,7.69
172073.0,-0.7,-0.7,0.1661,7.26,7.6
172074.0,-0.7,-0.7,0.1618,7.21,7.55
172075.0,-0.7,-0.7,0.1433,7.09,7.43
172076.0,-0.7,-0.7,0.1346,7.02,7.36
172077.0,-0.7,-0.7,0.123,6.93,7.27
172078.0,-0.7,-0.7,0.1103,6.84,7.18
172079.0,-0.7,-0.7,0.1016,6.77,7.11
172080.0,-0.7,-0.7,0.0954,6.7,7.04
172082.0,-0.7,-0.7,0.0813,6.61,6.95
172083.0,-0.7,-0.7,0.0682,6.51,6.85
172084.0,-0.7,-0.7,0.0649,6.46,6.8
172085.0,-0.7,-0.7,0.0472,6.35,6.69
172086.0,-0.7,-0.7,0.0435,6.29,6.63
172087.0,-0.7,-0.7,0.0261,6.18,6.52
172088.0,-0.7,-0.7,0.0123,6.09,6.43
172089.0,-0.7,-0.7,0.0036,6.01,6.35
172090.0,-0.7,-0.7,-0.0102,5.91,6.25
172091.0,-0.7,-0.7,-0.0225,5.82,6.16
172092.0,-0.7,-0.7,-0.0327,5.73,6.07
172094.0,-0.7,-0.7,-0.0421,5.65,5.99
172095.0,-0.7,-0.7,-0.0515,5.57,5.91
172096.0,-0.7,-0.7,-0.0635,5.48,5.82
172097.0,-0.7,-0.7,-0.0747,5.4,5.74
172098.0,-0.7,-0.7,-0.0871,5.3,5.64
172099.0,-0.7,-0.7,-0.1038,5.19,5.53
172100.0,-0.7,-0.7,-0.1092,5.13,5.47
172101.0,-0.7,-0.7,-0.1204,5.04,5.38
172102.0,-0.7,-0.7,-0.1299,4.96,5.3
172103.0,-0.7,-0.7,-0.1451,4.85,5.19
172104.0,-0.7,-0.7,-0.1516,4.79,5.13
172106.0,-0.7,-0.7,-0.1625,4.7,5.04
172107.0,-0.7,-0.7,-0.1734,4.61,4.95
172108.0,-0.7,-0.7,-0.1857,4.52,4.86
172109.0,-0.7,-0.7,-0.2003,4.42,4.76
172110.0,-0.7,-0.7,-0.2162,4.31,4.65
172111.0,-0.7,-0.7,-0.2169,4.27,4.61
172112.0,-0.7,-0.7,-0.2293,4.17,4.51
172113.0,-0.7,-0.7,-0.2369,4.1,4.44
172114.0,-0.7,-0.7,-0.2587,3.97,4.31
172115.0,-0.7,-0.7,-0.2525,3.95,4.29
172117.0,-0.7,-0.7,-0.2692,3.85,4.19
172118.0,-0.7,-0.7,-0.3076,3.65,3.99
172119.0,-0.7,-0.7,-0.2902,3.67,4.01
172120.0,-0.7,-0.7,-0.2982,3.6,3.94
172121.0,-0.7,-0.7,-0.3076,3.52,3.86
172122.0,-0.7,-0.7,-0.3221,3.42,3.76
172123.0,-0.7,-0.7,-0.3279,3.36,3.7
172124.0,-0.7,-0.7,-0.3388,3.28,3.62
172125.0,-0.7,-0.7,-0.3555,3.17,3.51
172126.0,-0.7,-0.7,-0.3584,3.12,3.46
172128.0,-0.7,-0.7,-0.3708,3.03,3.37
172129.0,-0.7,-0.7,-0.3722,2.98,3.32
172130.0,-0.7,-0.7,-0.3791,2.92,3.26
172131.0,-0.7,-0.7,-0.3903,2.84,3.18
172132.0,-0.7,-0.7,-0.3925,2.8,3.14
172133.0,-0.7,-0.7,-0.4085,2.7,3.04
172134.0,-0.7,-0.7,-0.4179,2.62,2.96
172135.0,-0.7,-0.7,-0.4324,2.53,2.87
172136.0,-0.7,-0.7,-0.4332,2.49,2.83
172137.0,-0.7,-0.7,-0.4346,2.45,2.79
172139.0,-0.7,-0.7,-0.452,2.34,2.68
172140.0,-0.7,-0.7,-0.4556,2.29,2.63
172141.0,-0.7,-0.7,-0.4702,2.2,2.54
172142.0,-0.7,-0.7,-0.4789,2.13,2.47
172143.0,-0.7,-0.7,-0.4789,2.1,2.44
172144.0,-0.7,-0.7,-0.4839,2.04,2.38
172145.0,-0.7,-0.7,-0.4901,1.99,2.33
172146.0,-0.7,-0.7,-0.4992,1.92,2.26
172147.0,-0.7,-0.7,-0.5155,1.82,2.16
172148.0,-0.7,-0.7,-0.5093,1.82,2.16
172150.0,-0.7,-0.7,-0.5217,1.74,2.08
172151.0,-0.7,-0.7,-0.5275,1.68,2.02
172152.0,-0.7,-0.7,-0.5333,1.63,1.97
172153.0,-0.7,-0.7,-0.5376,1.59,1.93
172154.0,-0.7,-0.7,-0.5449,1.53,1.87
172155.0,-0.7,-0.7,-0.5478,1.49,1.83
172156.0,-0.7,-0.7,-0.5387,1.5,1.84
172157.0,-0.7,-0.7,-0.5601,1.39,1.73
172158.0,-0.7,-0.7,-0.5841,1.27,1.61
172159.0,-0.7,-0.7,-0.5833,1.24,1.58
172161.0,-0.7,-0.7,-0.563,1.29,1.63
172162.0,-0.7,-0.7,-0.6055,1.1,1.44
172163.0,-0.7,-0.7,-0.5304,1.38,1.72
172164.0,-0.7,-0.7,-0.5899,1.13,1.47
172165.0,-0.7,-0.7,-0.5942,1.09,1.43
172166.0,-0.7,-0.7,-0.6058,1.02,1.36
172167.0,-0.7,-0.7,-0.6026,1.01,1.35
172168.0,-0.7,-0.7,-0.6145,0.94,1.28
172169.0,-0.7,-0.7,-0.5971,0.98,1.32
172170.0,-0.7,-0.7,-0.6196,0.88,1.22
172172.0,-0.7,-0.7,-0.6243,0.83,1.17
172173.0,-0.7,-0.7,-0.6334,0.78,1.12
172174.0,-0.7,-0.7,-0.6472,0.7,1.04
172175.0,-0.7,-0.7,-0.6338,0.73,1.07
172176.0,-0.7,-0.7,-0.6378,0.69,1.03
172177.0,-0.7,-0.7,-0.6407,0.66,1.0
172178.0,-0.7,-0.7,-0.6414,0.64,0.98
172179.0,-0.7,-0.7,-0.6508,0.59,0.93
172180.0,-0.7,-0.7,-0.653,0.56,0.9
172181.0,-0.7,-0.7,-0.6588,0.52,0.86
172182.0,-0.7,-0.7,-0.6588,0.5,0.84
172184.0,-0.7,-0.7,-0.6653,0.46,0.8
172185.0,-0.7,-0.7,-0.666,0.44,0.78
172186.0,-0.7,-0.7,-0.6617,0.44,0.78
172187.0,-0.7,-0.7,-0.67,0.4,0.74
172188.0,-0.7,-0.7,-0.6697,0.38,0.72
172189.0,-0.7,-0.7,-0.6882,0.29,0.63
172190.0,-0.7,-0.7,-0.674,0.33,0.67
172191.0,-0.7,-0.7,-0.6842,0.28,0.62
172192.0,-0.7,-0.7,-0.6856,0.26,0.6
172193.0,-0.7,-0.7,-0.6733,0.3,0.64
172195.0,-0.7,-0.7,-0.6918,0.21,0.55
172196.0,-0.7,-0.7,-0.6943,0.19,0.53
172197.0,-0.7,-0.7,-0.6929,0.18,0.52
172198.0,-0.7,-0.7,-0.6958,0.16,0.5
172199.0,-0.7,-0.7,-0.6994,0.13,0.47
172200.0,-0.7,-0.7,-0.7067,0.09,0.43
172201.0,-0.7,-0.7,-0.7067,0.08,0.42
172202.0,-0.7,-0.7,-0.7041,0.08,0.42
172203.0,-0.7,-0.7,-0.7049,0.06,0.4
172204.0,-0.7,-0.7,-0.706,0.05,0.39
172205.0,-0.7,-0.7,-0.7099,0.03,0.37
172206.0,-0.7,-0.7,-0.7096,0.02,0.36
172208.0,-0.7,-0.7,-0.6994,0.05,0.39
172209.0,-0.7,-0.7,-0.7132,-0.01,-0.38
172210.0,-0.7,-0.7,-0.7125,-0.02,-0.39
172211.0,-0.7,-0.7,-0.7139,-0.03,-0.4
172212.0,-0.7,-0.7,-0.715,-0.04,-0.41
172213.0,-0.7,-0.7,-0.7147,-0.05,-0.42
172214.0,-0.7,-0.7,-0.7197,-0.07,-0.44
172215.0,-0.7,-0.7,-0.719,-0.08,-0.45
172217.0,-0.7,-0.7,-0.723,-0.1,-0.47
172218.0,-0.7,-0.7,-0.7295,-0.13,-0.5
172219.0,-0.7,-0.7,-0.7284,-0.14,-0.51
172220.0,-0.7,-0.7,-0.7303,-0.15,-0.52
172221.0,-0.7,-0.7,-0.7234,-0.13,-0.5
172222.0,-0.7,-0.7,-0.7226,-0.13,-0.5
172223.0,-0.7,-0.7,-0.7255,-0.15,-0.52
172224.0,-0.7,-0.7,-0.7241,-0.15,-0.52
172226.0,-0.7,-0.7,-0.7226,-0.15,-0.52
172227.0,-0.7,-0.7,-0.7263,-0.16,-0.53
172228.0,-0.7,-0.7,-0.7161,-0.13,-0.5
172229.0,-0.7,-0.7,-0.7277,-0.17,-0.54
172230.0,-0.7,-0.7,-0.7255,-0.17,-0.54
172231.0,-0.7,-0.7,-0.7219,-0.16,-0.53
172232.0,-0.7,-0.7,-0.7197,-0.15,-0.52
172233.0,-0.7,-0.7,-0.719,-0.15,-0.52
172235.0,-0.7,-0.7,-0.7277,-0.18,-0.55
172236.0,-0.7,-0.7,-0.7197,-0.15,-0.52
172237.0,-0.7,-0.7,-0.7197,-0.15,-0.52
172238.0,-0.7,-0.7,-0.7321,-0.21,-0.58
172239.0,-0.7,-0.7,-0.7208,-0.16,-0.53
172240.0,-0.7,-0.7,-0.7241,-0.18,-0.55
172241.0,-0.7,-0.7,-0.7194,-0.16,-0.53
172242.0,-0.7,-0.7,-0.7263,-0.19,-0.56
172244.0,-0.7,-0.7,-0.7277,-0.19,-0.56
172245.0,-0.7,-0.7,-0.7252,-0.19,-0.56
172246.0,-0.7,-0.7,-0.7031,-0.1,-0.47
172247.0,-0.7,-0.7,-0.7172,-0.15,-0.52
172248.0,-0.7,-0.7,-0.7183,-0.15,-0.52
172249.0,-0.7,-0.7,-0.719,-0.15,-0.52
172250.0,-0.7,-0.7,-0.7183,-0.15,-0.52
172251.0,-0.7,-0.7,-0.7179,-0.15,-0.52
172253.0,-0.7,-0.7,-0.7157,-0.14,-0.51
172254.0,-0.7,-0.7,-0.7157,-0.14,-0.51
172255.0,-0.7,-0.7,-0.7147,-0.13,-0.5
172256.0,-0.7,-0.7,-0.7168,-0.14,-0.51
172257.0,-0.7,-0.7,-0.7165,-0.14,-0.51
172258.0,-0.7,-0.7,-0.7128,-0.12,-0.49
172259.0,-0.7,-0.7,-0.7136,-0.12,-0.49
172260.0,-0.7,-0.7,-0.7176,-0.14,-0.51
172262.0,-0.7,-0.7,-0.7103,-0.11,-0.48
172263.0,-0.7,-0.7,-0.711,-0.11,-0.48
172264.0,-0.7,-0.7,-0.7143,-0.12,-0.49
172265.0,-0.7,-0.7,-0.7067,-0.09,-0.46
172266.0,-0.7,-0.7,-0.7089,-0.09,-0.46
172267.0,-0.7,-0.7,-0.7096,-0.09,-0.46
172268.0,-0.7,-0.7,-0.706,-0.08,-0.45
172269.0,-0.7,-0.7,-0.7012,-0.06,-0.43
172271.0,-0.7,-0.7,-0.706,-0.07,-0.44
172272.0,-0.7,-0.7,-0.6987,-0.04,-0.41
172273.0,-0.7,-0.7,-0.7089,-0.08,-0.45
172274.0,-0.7,-0.7,-0.706,-0.06,-0.43
172275.0,-0.7,-0.7,-0.7571,-0.27,-0.64
172276.0,-0.7,-0.7,-0.7016,-0.06,-0.43
172277.0,-0.7,-0.7,-0.7067,-0.08,-0.45
172278.0,-0.7,-0.7,-0.7002,-0.05,-0.42
172280.0,-0.7,-0.7,-0.7031,-0.06,-0.43
172281.0,-0.7,-0.7,-0.6936,-0.01,-0.38
172282.0,-0.7,-0.7,-0.6893,0.01,0.35
172283.0,-0.7,-0.7,-0.7034,-0.04,-0.41
172284.0,-0.7,-0.7,-0.6965,-0.01,-0.38
172285.0,-0.7,-0.7,-0.7052,-0.04,-0.41
172286.0,-0.7,-0.7,-0.6965,-0.01,-0.38
172287.0,-0.7,-0.7,-0.6954,-0.0,-0.37
172289.0,-0.7,-0.7,-0.6914,0.02,0.36
172290.0,-0.7,-0.7,-0.6951,0.01,0.35
172291.0,-0.7,-0.7,-0.6933,0.02,0.36
172292.0,-0.7,-0.7,-0.6958,0.01,0.35
172293.0,-0.7,-0.7,-0.6929,0.03,0.37
172294.0,-0.7,-0.7,-0.6987,0.0,0.34
172295.0,-0.7,-0.7,-0.6958,0.02,0.36
172296.0,-0.7,-0.7,-0.6936,0.03,0.37
172297.0,-0.7,-0.7,-0.6947,0.02,0.36
172298.0,-0.7,-0.7,-0.6889,0.05,0.39
172300.0,-0.7,-0.7,-0.6951,0.03,0.37
172301.0,-0.7,-0.7,-0.6838,0.08,0.42
172302.0,-0.7,-0.7,-0.7495,-0.19,-0.56
172303.0,-0.7,-0.7,-0.6958,0.01,0.35
172304.0,-0.7,-0.7,-0.6936,0.02,0.36
172305.0,-0.7,-0.7,-0.6922,0.03,0.37
172306.0,-0.7,-0.7,-0.6951,0.02,0.36
172307.0,-0.7,-0.7,-0.6904,0.04,0.38
172308.0,-0.7,-0.7,-0.6933,0.03,0.37
172309.0,-0.7,-0.7,-0.6929,0.04,0.38
172311.0,-0.7,-0.7,-0.6943,0.03,0.37
172312.0,-0.7,-0.7,-0.6907,0.05,0.39
172313.0,-0.7,-0.7,-0.6954,0.03,0.37
172314.0,-0.7,-0.7,-0.6849,0.08,0.42
172315.0,-0.7,-0.7,-0.7063,-0.01,-0.38
172316.0,-0.7,-0.7,-0.686,0.07,0.41
172317.0,-0.7,-0.7,-0.6998,0.02,0.36
172318.0,-0.7,-0.7,-0.6907,0.05,0.39
172319.0,-0.7,-0.7,-0.6875,0.07,0.41
172320.0,-0.7,-0.7,-0.6936,0.05,0.39
172321.0,-0.7,-0.7,-0.6954,0.04,0.38
172323.0,-0.7,-0.7,-0.7009,0.02,0.36
172324.0,-0.7,-0.7,-0.6936,0.04,0.38
172325.0,-0.7,-0.7,-0.7016,0.01,0.35
172326.0,-0.7,-0.7,-0.6838,0.08,0.42
172327.0,-0.7,-0.7,-0.711,-0.03,-0.4
172328.0,-0.7,-0.7,-0.7005,0.01,0.35
172329.0,-0.7,-0.7,-0.6954,0.03,0.37
172330.0,-0.7,-0.7,-0.69,0.06,0.4
172331.0,-0.7,-0.7,-0.6929,0.05,0.39
172332.0,-0.7,-0.7,-0.6907,0.06,0.4
172333.0,-0.7,-0.7,-0.6987,0.02,0.36
172335.0,-0.7,-0.7,-0.6856,0.08,0.42
172336.0,-0.7,-0.7,-0.7128,-0.03,-0.4
172337.0,-0.7,-0.7,-0.7074,-0.02,-0.39
172338.0,-0.7,-0.7,-0.694,0.04,0.38
172339.0,-0.7,-0.7,-0.6976,0.02,0.36
172340.0,-0.7,-0.7,-0.7023,0.0,0.34
172341.0,-0.7,-0.7,-0.7023,0.0,0.34
172342.0,-0.7,-0.7,-0.7034,-0.01,-0.38
172343.0,-0.7,-0.7,-0.7107,-0.04,-0.41
172344.0,-0.7,-0.7,-0.6943,0.03,0.37
172346.0,-0.7,-0.7,-0.694,0.03,0.37
172347.0,-0.7,-0.7,-0.7012,0.0,0.34
172348.0,-0.7,-0.7,-0.7002,0.0,0.34
172349.0,-0.7,-0.7,-0.7125,-0.05,-0.42
172350.0,-0.7,-0.7,-0.6983,0.01,0.35
172351.0,-0.7,-0.7,-0.6983,0.01,0.35
172352.0,-0.7,-0.7,-0.7016,-0.01,-0.38
172353.0,-0.7,-0.7,-0.7016,-0.01,-0.38
172354.0,-0.7,-0.7,-0.6994,0.0,0.34
172355.0,-0.7,-0.7,-0.6987,0.01,0.35
172357.0,-0.7,-0.7,-0.6994,0.0,0.34
172358.0,-0.7,-0.7,-0.706,-0.02,-0.39
172359.0,-0.7,-0.7,-0.7045,-0.02,-0.39
172360.0,-0.7,-0.7,-0.7023,-0.01,-0.38
172361.0,-0.7,-0.7,-0.7016,-0.01,-0.38
172362.0,-0.7,-0.7,-0.6994,-0.0,-0.37
172363.0,-0.7,-0.7,-0.7031,-0.02,-0.39
172364.0,-0.7,-0.7,-0.706,-0.03,-0.4
172366.0,-0.7,-0.7,-0.6965,0.01,0.35
172367.0,-0.7,-0.7,-0.7041,-0.02,-0.39
172368.0,-0.7,-0.7,-0.6813,0.07,0.41
172369.0,-0.7,-0.7,-0.6958,0.02,0.36
172370.0,-0.7,-0.7,-0.7012,-0.0,-0.37
172371.0,-0.7,-0.7,-0.7016,-0.0,-0.37
172372.0,-0.7,-0.7,-0.7002,0.0,0.34
172373.0,-0.7,-0.7,-0.7009,-0.0,-0.37
172374.0,-0.7,-0.7,-0.7031,-0.01,-0.38
172375.0,-0.7,-0.7,-0.6791,0.09,0.43
172377.0,-0.7,-0.7,-0.7041,-0.01,-0.38
172378.0,-0.7,-0.7,-0.7002,0.0,0.34
172379.0,-0.7,-0.7,-0.7081,-0.03,-0.4
172380.0,-0.7,-0.7,-0.7023,-0.01,-0.38
172381.0,-0.7,-0.7,-0.6965,0.01,0.35
172382.0,-0.7,-0.7,-0.7038,-0.01,-0.38
172383.0,-0.7,-0.7,-0.7002,-0.0,-0.37
172384.0,-0.7,-0.7,-0.6987,0.01,0.35
172385.0,-0.7,-0.7,-0.7052,-0.02,-0.39
172387.0,-0.7,-0.7,-0.7045,-0.02,-0.39
172388.0,-0.7,-0.7,-0.6994,-0.0,-0.37
172389.0,-0.7,-0.7,-0.7023,-0.01,-0.38
172390.0,-0.7,-0.7,-0.7038,-0.02,-0.39
172391.0,-0.7,-0.7,-0.6965,0.01,0.35
172392.0,-0.7,-0.7,-0.7052,-0.02,-0.39
172393.0,-0.7,-0.7,-0.6972,0.01,0.35
172394.0,-0.7,-0.7,-0.7031,-0.02,-0.39
172395.0,-0.7,-0.7,-0.7023,-0.01,-0.38
172397.0,-0.7,-0.7,-0.7023,-0.01,-0.38
172398.0,-0.7,-0.7,-0.7002,-0.0,-0.37
172399.0,-0.7,-0.7,-0.7023,-0.01,-0.38
172400.0,-0.7,-0.7,-0.6907,0.03,0.37
172401.0,-0.7,-0.7,-0.7038,-0.02,-0.39
172402.0,-0.7,-0.7,-0.6907,0.04,0.38
172403.0,-0.7,-0.7,-0.7038,-0.01,-0.38
172404.0,-0.7,-0.7,-0.7023,-0.01,-0.38
172406.0,-0.7,-0.7,-0.6972,0.01,0.35
172407.0,-0.7,-0.7,-0.7045,-0.02,-0.39
172408.0,-0.7,-0.7,-0.6969,0.01,0.35
172409.0,-0.7,-0.7,-0.7002,-0.0,-0.37
172410.0,-0.7,-0.7,-0.7016,-0.01,-0.38
172411.0,-0.7,-0.7,-0.7041,-0.02,-0.39
172412.0,-0.7,-0.7,-0.6958,0.02,0.36
172413.0,-0.7,-0.7,-0.698,0.01,0.35
172414.0,-0.7,-0.7,-0.6907,0.04,0.38
172415.0,-0.7,-0.7,-0.6925,0.03,0.37
172417.0,-0.7,-0.7,-0.6965,0.02,0.36
172418.0,-0.7,-0.7,-0.7002,0.01,0.35
172419.0,-0.7,-0.7,-0.7005,0.0,0.34
172420.0,-0.7,-0.7,-0.7005,0.0,0.34
172421.0,-0.7,-0.7,-0.7103,-0.04,-0.41
172422.0,-0.7,-0.7,-0.698,0.01,0.35
172423.0,-0.7,-0.7,-0.7023,-0.01,-0.38
172424.0,-0.7,-0.7,-0.7012,-0.0,-0.37
172425.0,-0.7,-0.7,-0.6965,0.01,0.35
172426.0,-0.7,-0.7,-0.6983,0.01,0.35
172428.0,-0.7,-0.7,-0.7031,-0.01,-0.38
172429.0,-0.7,-0.7,-0.7041,-0.02,-0.39
172430.0,-0.7,-0.7,-0.6994,0.0,0.34
172431.0,-0.7,-0.7,-0.7012,-0.01,-0.38
172432.0,-0.7,-0.7,-0.6965,0.01,0.35
172433.0,-0.7,-0.7,-0.7012,-0.01,-0.38
172434.0,-0.7,-0.7,-0.698,0.01,0.35
172435.0,-0.7,-0.7,-0.6987,0.01,0.35
172436.0,-0.7,-0.7,-0.6994,0.0,0.34
172438.0,-0.7,-0.7,-0.6987,0.01,0.35
172439.0,-0.7,-0.7,-0.6976,0.01,0.35
172440.0,-0.7,-0.7,-0.7002,0.0,0.34
172441.0,-0.7,-0.7,-0.6965,0.02,0.36
172442.0,-0.7,-0.7,-0.6936,0.03,0.37
172443.0,-0.7,-0.7,-0.7002,0.0,0.34
172444.0,-0.7,-0.7,-0.7081,-0.03,-0.4
172445.0,-0.7,-0.7,-0.7056,-0.02,-0.39
172446.0,-0.7,-0.7,-0.7016,-0.01,-0.38
172447.0,-0.7,-0.7,-0.7009,-0.0,-0.37
172449.0,-0.7,-0.7,-0.7045,-0.02,-0.39
172450.0,-0.7,-0.7,-0.6958,0.01,0.35
172451.0,-0.7,-0.7,-0.6798,0.08,0.42
172452.0,-0.7,-0.7,-0.6983,0.01,0.35
172453.0,-0.7,-0.7,-0.6987,0.01,0.35
172454.0,-0.7,-0.7,-0.7045,-0.01,-0.38
172455.0,-0.7,-0.7,-0.6994,0.01,0.35
172456.0,-0.7,-0.7,-0.6958,0.02,0.36
172457.0,-0.7,-0.7,-0.7023,-0.01,-0.38
172459.0,-0.7,-0.7,-0.7016,-0.0,-0.37
172460.0,-0.7,-0.7,-0.698,0.01,0.35
172461.0,-0.7,-0.7,-0.7052,-0.02,-0.39
172462.0,-0.7,-0.7,-0.7002,0.0,0.34
172463.0,-0.7,-0.7,-0.6987,0.01,0.35
172464.0,-0.7,-0.7,-0.7052,-0.02,-0.39
172465.0,-0.7,-0.7,-0.6994,0.0,0.34
172466.0,-0.7,-0.7,-0.6951,0.02,0.36
172467.0,-0.7,-0.7,-0.6983,0.01,0.35
172469.0,-0.7,-0.7,-0.7016,-0.0,-0.37
172470.0,-0.7,-0.7,-0.6922,0.03,0.37
172471.0,-0.7,-0.7,-0.7045,-0.02,-0.39
172472.0,-0.7,-0.7,-0.6994,0.0,0.34
172473.0,-0.7,-0.7,-0.6983,0.01,0.35
172474.0,-0.7,-0.7,-0.7038,-0.01,-0.38
172475.0,-0.7,-0.7,-0.6994,0.0,0.34
172476.0,-0.7,-0.7,-0.6983,0.01,0.35
172477.0,-0.7,-0.7,-0.7005,-0.0,-0.37
172478.0,-0.7,-0.7,-0.702,-0.01,-0.38
172480.0,-0.7,-0.7,-0.7052,-0.02,-0.39
172481.0,-0.7,-0.7,-0.6983,0.01,0.35
172482.0,-0.7,-0.7,-0.6588,0.17,0.51
172483.0,-0.7,-0.7,-0.6907,0.05,0.39
172484.0,-0.7,-0.7,-0.6914,0.05,0.39
172485.0,-0.7,-0.7,-0.6954,0.04,0.38
172486.0,-0.7,-0.7,-0.6972,0.03,0.37
172487.0,-0.7,-0.7,-0.6958,0.03,0.37
172488.0,-0.7,-0.7,-0.7263,-0.09,-0.46
172489.0,-0.7,-0.7,-0.698,0.01,0.35
172491.0,-0.7,-0.7,-0.7009,0.0,0.34
172492.0,-0.7,-0.7,-0.7713,-0.29,-0.66
172493.0,-0.7,-0.7,-0.7023,-0.03,-0.4
172494.0,-0.7,-0.7,-0.7023,-0.03,-0.4
172495.0,-0.7,-0.7,-0.6987,-0.01,-0.38
172496.0,-0.7,-0.7,-0.7016,-0.02,-0.39
172497.0,-0.7,-0.7,-0.6994,-0.01,-0.38
172498.0,-0.7,-0.7,-0.6929,0.02,0.36
172499.0,-0.7,-0.7,-0.6954,0.01,0.35
172501.0,-0.7,-0.7,-0.6925,0.02,0.36
172502.0,-0.7,-0.7,-0.6784,0.09,0.43
172503.0,-0.7,-0.7,-0.6994,0.01,0.35
172504.0,-0.7,-0.7,-0.7002,0.0,0.34
172505.0,-0.7,-0.7,-0.6983,0.01,0.35
172506.0,-0.7,-0.7,-0.7118,-0.05,-0.42
172507.0,-0.7,-0.7,-0.6972,0.01,0.35
172508.0,-0.7,-0.7,-0.7081,-0.03,-0.4
172509.0,-0.7,-0.7,-0.7132,-0.06,-0.43
172510.0,-0.7,-0.7,-0.7052,-0.03,-0.4
172512.0,-0.7,-0.7,-0.6871,0.05,0.39
172513.0,-0.7,-0.7,-0.7002,-0.0,-0.37
172514.0,-0.7,-0.7,-0.6976,0.01,0.35
172515.0,-0.7,-0.7,-0.6958,0.02,0.36
172516.0,-0.7,-0.7,-0.7052,-0.02,-0.39
172517.0,-0.7,-0.7,-0.6918,0.03,0.37
172518.0,-0.7,-0.7,-0.6987,0.01,0.35
172519.0,-0.7,-0.7,-0.7596,-0.24,-0.61
172520.0,-0.7,-0.7,-0.7041,-0.04,-0.41
172522.0,-0.7,-0.7,-0.6994,-0.02,-0.39
172523.0,-0.7,-0.7,-0.7012,-0.02,-0.39
172524.0,-0.7,-0.7,-0.694,0.01,0.35
172525.0,-0.7,-0.7,-0.7023,-0.02,-0.39
172526.0,-0.7,-0.7,-0.7023,-0.02,-0.39
172527.0,-0.7,-0.7,-0.6965,0.0,0.34
172528.0,-0.7,-0.7,-0.7045,-0.03,-0.4
172529.0,-0.7,-0.7,-0.7005,-0.01,-0.38
172530.0,-0.7,-0.7,-0.6991,-0.01,-0.38
172532.0,-0.7,-0.7,-0.6962,0.01,0.35
172533.0,-0.7,-0.7,-0.6994,-0.0,-0.37
172534.0,-0.7,-0.7,-0.6835,0.06,0.4
172535.0,-0.7,-0.7,-0.7023,-0.01,-0.38
172536.0,-0.7,-0.7,-0.6991,0.0,0.34
172537.0,-0.7,-0.7,-0.6947,0.02,0.36
172538.0,-0.7,-0.7,-0.6987,0.01,0.35
172539.0,-0.7,-0.7,-0.6958,0.02,0.36
172540.0,-0.7,-0.7,-0.7038,-0.01,-0.38
172542.0,-0.7,-0.7,-0.6994,0.0,0.34
172543.0,-0.7,-0.7,-0.7002,0.0,0.34
172544.0,-0.7,-0.7,-0.7002,0.0,0.34
172545.0,-0.7,-0.7,-0.6972,0.01,0.35
172546.0,-0.7,-0.7,-0.6987,0.01,0.35
172547.0,-0.7,-0.7,-0.7002,0.0,0.34
172548.0,-0.7,-0.7,-0.6972,0.01,0.35
172549.0,-0.7,-0.7,-0.7016,-0.0,-0.37
172550.0,-0.7,-0.7,-0.7023,-0.01,-0.38
172551.0,-0.7,-0.7,-0.7002,0.0,0.34
172552.0,-0.7,-0.7,-0.6943,0.02,0.36
172554.0,-0.7,-0.7,-0.7027,-0.01,-0.38
172555.0,-0.7,-0.7,-0.7045,-0.02,-0.39
172556.0,-0.7,-0.7,-0.694,0.02,0.36
172557.0,-0.7,-0.7,-0.7031,-0.01,-0.38
172558.0,-0.7,-0.7,-0.7027,-0.01,-0.38
172559.0,-0.7,-0.7,-0.7009,-0.0,-0.37
172560.0,-0.7,-0.7,-0.7031,-0.01,-0.38
172561.0,-0.7,-0.7,-0.6965,0.01,0.35
172562.0,-0.7,-0.7,-0.698,0.01,0.35
172564.0,-0.7,-0.7,-0.6893,0.04,0.38
172565.0,-0.7,-0.7,-0.6994,0.01,0.35
172566.0,-0.7,-0.7,-0.6994,0.01,0.35
172567.0,-0.7,-0.7,-0.7052,-0.02,-0.39
172568.0,-0.7,-0.7,-0.7194,-0.08,-0.45
172569.0,-0.7,-0.7,-0.7009,-0.01,-0.38
172570.0,-0.7,-0.7,-0.6987,0.0,0.34
172571.0,-0.7,-0.7,-0.6965,0.01,0.35
172572.0,-0.7,-0.7,-0.7063,-0.03,-0.4
172574.0,-0.7,-0.7,-0.698,0.0,0.34
172575.0,-0.7,-0.7,-0.6972,0.01,0.35
172576.0,-0.7,-0.7,-0.6943,0.02,0.36
172577.0,-0.7,-0.7,-0.6943,0.02,0.36
172578.0,-0.7,-0.7,-0.6972,0.01,0.35
172579.0,-0.7,-0.7,-0.6994,0.01,0.35
172580.0,-0.7,-0.7,-0.7023,-0.01,-0.38
172581.0,-0.7,-0.7,-0.6972,0.01,0.35
172582.0,-0.7,-0.7,-0.6958,0.02,0.36
172583.0,-0.7,-0.7,-0.6907,0.04,0.38
172585.0,-0.7,-0.7,-0.6954,0.03,0.37
172586.0,-0.7,-0.7,-0.7031,-0.01,-0.38
172587.0,-0.7,-0.7,-0.6976,0.02,0.36
172588.0,-0.7,-0.7,-0.6994,0.01,0.35
172589.0,-0.7,-0.7,-0.6936,0.03,0.37
172590.0,-0.7,-0.7,-0.7016,0.0,0.34
172591.0,-0.7,-0.7,-0.7009,0.0,0.34
172592.0,-0.7,-0.7,-0.7045,-0.01,-0.38
172593.0,-0.7,-0.7,-0.7067,-0.02,-0.39
172594.0,-0.7,-0.7,-0.7031,-0.01,-0.38
172596.0,-0.7,-0.7,-0.6936,0.03,0.37
172597.0,-0.7,-0.7,-0.7103,-0.04,-0.41
172598.0,-0.7,-0.7,-0.7002,-0.0,-0.37
172599.0,-0.7,-0.7,-0.6987,0.0,0.34
172600.0,-0.7,-0.7,-0.698,0.01,0.35
172601.0,-0.7,-0.7,-0.7038,-0.02,-0.39
172602.0,-0.7,-0.7,-0.6936,0.02,0.36
172603.0,-0.7,-0.7,-0.7012,-0.0,-0.37
172604.0,-0.7,-0.7,-0.6929,0.03,0.37
172606.0,-0.7,-0.7,-0.7023,-0.01,-0.38
172607.0,-0.7,-0.7,-0.7081,-0.03,-0.4
172608.0,-0.7,-0.7,-0.7154,-0.06,-0.43
172609.0,-0.7,-0.7,-0.6994,-0.0,-0.37
172610.0,-0.7,-0.7,-0.7016,-0.01,-0.38
172611.0,-0.7,-0.7,-0.6987,-0.0,-0.37
172612.0,-0.7,-0.7,-0.6896,0.04,0.38
172613.0,-0.7,-0.7,-0.7009,-0.0,-0.37
172615.0,-0.7,-0.7,-0.6972,0.01,0.35
172616.0,-0.7,-0.7,-0.6972,0.01,0.35
172617.0,-0.7,-0.7,-0.6987,0.01,0.35
172618.0,-0.7,-0.7,-0.7009,-0.0,-0.37
172619.0,-0.7,-0.7,-0.7012,-0.0,-0.37
172620.0,-0.7,-0.7,-0.7002,-0.0,-0.37
172621.0,-0.7,-0.7,-0.7016,-0.01,-0.38
172622.0,-0.7,-0.7,-0.7012,-0.01,-0.38
172623.0,-0.7,-0.7,-0.7052,-0.02,-0.39
172625.0,-0.7,-0.7,-0.6987,0.0,0.34
172626.0,-0.7,-0.7,-0.7002,-0.0,-0.37
172627.0,-0.7,-0.7,-0.7031,-0.01,-0.38
172628.0,-0.7,-0.7,-0.7099,-0.04,-0.41
172629.0,-0.7,-0.7,-0.6991,-0.0,-0.37
172630.0,-0.7,-0.7,-0.7009,-0.01,-0.38
172631.0,-0.7,-0.7,-0.7005,-0.01,-0.38
172632.0,-0.7,-0.7,-0.6929,0.02,0.36
172633.0,-0.7,-0.7,-0.707,-0.03,-0.4
172635.0,-0.7,-0.7,-0.6991,0.0,0.34
172636.0,-0.7,-0.7,-0.6983,0.0,0.34
172637.0,-0.7,-0.7,-0.6987,0.0,0.34
172638.0,-0.7,-0.7,-0.6965,0.01,0.35
172639.0,-0.7,-0.7,-0.7031,-0.01,-0.38
172640.0,-0.7,-0.7,-0.7002,-0.0,-0.37
172641.0,-0.7,-0.7,-0.6994,0.0,0.34
172642.0,-0.7,-0.7,-0.706,-0.03,-0.4
172643.0,-0.7,-0.7,-0.7023,-0.01,-0.38
172645.0,-0.7,-0.7,-0.6998,-0.0,-0.37
172646.0,-0.7,-0.7,-0.6965,0.01,0.35
172647.0,-0.7,-0.7,-0.6987,0.0,0.34
172648.0,-0.7,-0.7,-0.7045,-0.02,-0.39
172649.0,-0.7,-0.7,-0.6965,0.01,0.35
172650.0,-0.7,-0.7,-0.6965,0.01,0.35
172651.0,-0.7,-0.7,-0.6987,0.01,0.35
172652.0,-0.7,-0.7,-0.6907,0.04,0.38
172653.0,-0.7,-0.7,-0.7016,-0.0,-0.37
172655.0,-0.7,-0.7,-0.6954,0.02,0.36
172656.0,-0.7,-0.7,-0.6994,0.01,0.35
172657.0,-0.7,-0.7,-0.702,-0.0,-0.37
172658.0,-0.7,-0.7,-0.7002,0.0,0.34
172659.0,-0.7,-0.7,-0.6976,0.01,0.35
172660.0,-0.7,-0.7,-0.7002,0.0,0.34
172661.0,-0.7,-0.7,-0.6943,0.03,0.37
172662.0,-0.7,-0.7,-0.6965,0.02,0.36
172663.0,-0.7,-0.7,-0.6983,0.01,0.35
172664.0,-0.7,-0.7,-0.6943,0.03,0.37
172665.0,-0.7,-0.7,-0.7023,-0.0,-0.37
172667.0,-0.7,-0.7,-0.6962,0.02,0.36
172668.0,-0.7,-0.7,-0.7546,-0.22,-0.59
172669.0,-0.7,-0.7,-0.6954,0.01,0.35
172670.0,-0.7,-0.7,-0.7201,-0.09,-0.46
172671.0,-0.7,-0.7,-0.702,-0.02,-0.39
172672.0,-0.7,-0.7,-0.7041,-0.03,-0.4
172673.0,-0.7,-0.7,-0.7045,-0.03,-0.4
172674.0,-0.7,-0.7,-0.706,-0.04,-0.41
172675.0,-0.7,-0.7,-0.7063,-0.04,-0.41
172677.0,-0.7,-0.7,-0.6914,0.02,0.36
172678.0,-0.7,-0.7,-0.6972,-0.0,-0.37
172679.0,-0.7,-0.7,-0.6987,-0.0,-0.37
172680.0,-0.7,-0.7,-0.7016,-0.02,-0.39
172681.0,-0.7,-0.7,-0.6994,-0.01,-0.38
172682.0,-0.7,-0.7,-0.6994,-0.01,-0.38
172683.0,-0.7,-0.7,-0.7016,-0.01,-0.38
172684.0,-0.7,-0.7,-0.6965,0.01,0.35
172685.0,-0.7,-0.7,-0.7012,-0.01,-0.38
172687.0,-0.7,-0.7,-0.6965,0.01,0.35
172688.0,-0.7,-0.7,-0.7031,-0.02,-0.39
172689.0,-0.7,-0.7,-0.7049,-0.02,-0.39
172690.0,-0.7,-0.7,-0.7081,-0.04,-0.41
172691.0,-0.7,-0.7,-0.6998,-0.01,-0.38
172692.0,-0.7,-0.7,-0.6987,-0.0,-0.37
172693.0,-0.7,-0.7,-0.6922,0.03,0.37
172694.0,-0.7,-0.7,-0.6965,0.01,0.35
172695.0,-0.7,-0.7,-0.6965,0.01,0.35
172697.0,-0.7,-0.7,-0.7005,-0.0,-0.37
172698.0,-0.7,-0.7,-0.6972,0.01,0.35
172699.0,-0.7,-0.7,-0.6954,0.02,0.36
172700.0,-0.7,-0.7,-0.6962,0.02,0.36
172701.0,-0.7,-0.7,-0.6914,0.04,0.38
172702.0,-0.7,-0.7,-0.7027,-0.01,-0.38
172703.0,-0.7,-0.7,-0.7038,-0.01,-0.38
172704.0,-0.7,-0.7,-0.6983,0.01,0.35
172705.0,-0.7,-0.7,-0.6965,0.02,0.36
172706.0,-0.7,-0.7,-0.6965,0.02,0.36
172708.0,-0.7,-0.7,-0.6929,0.03,0.37
172709.0,-0.7,-0.7,-0.6943,0.03,0.37
172710.0,-0.7,-0.7,-0.7052,-0.01,-0.38
172711.0,-0.7,-0.7,-0.6972,0.02,0.36
172712.0,-0.7,-0.7,-0.7031,-0.01,-0.38
172713.0,-0.7,-0.7,-0.6987,0.01,0.35
172714.0,-0.7,-0.7,-0.6969,0.02,0.36
172715.0,-0.7,-0.7,-0.7099,-0.04,-0.41
172716.0,-0.7,-0.7,-0.7081,-0.03,-0.4
172718.0,-0.7,-0.7,-0.6983,0.01,0.35
172719.0,-0.7,-0.7,-0.7009,-0.0,-0.37
172720.0,-0.7,-0.7,-0.6998,-0.0,-0.37
172721.0,-0.7,-0.7,-0.7002,-0.0,-0.37
172722.0,-0.7,-0.7,-0.6867,0.05,0.39
172723.0,-0.7,-0.7,-0.7016,-0.0,-0.37
172724.0,-0.7,-0.7,-0.7147,-0.06,-0.43
172725.0,-0.7,-0.7,-0.698,0.01,0.35
172726.0,-0.7,-0.7,-0.6987,0.0,0.34
172728.0,-0.7,-0.7,-0.6962,0.01,0.35
172729.0,-0.7,-0.7,-0.698,0.01,0.35
172730.0,-0.7,-0.7,-0.6972,0.01,0.35
172731.0,-0.7,-0.7,-0.7009,-0.0,-0.37
172732.0,-0.7,-0.7,-0.6925,0.03,0.37
172733.0,-0.7,-0.7,-0.6929,0.03,0.37
172734.0,-0.7,-0.7,-0.6951,0.03,0.37
172735.0,-0.7,-0.7,-0.6885,0.05,0.39
172736.0,-0.7,-0.7,-0.6972,0.02,0.36
172737.0,-0.7,-0.7,-0.6994,0.01,0.35
172738.0,-0.7,-0.7,-0.6925,0.04,0.38
172740.0,-0.7,-0.7,-0.7067,-0.02,-0.39
172741.0,-0.7,-0.7,-0.7038,-0.01,-0.38
172742.0,-0.7,-0.7,-0.6987,0.01,0.35
172743.0,-0.7,-0.7,-0.6936,0.03,0.37
172744.0,-0.7,-0.7,-0.6933,0.04,0.38
172745.0,-0.7,-0.7,-0.6943,0.03,0.37
172746.0,-0.7,-0.7,-0.6983,0.02,0.36
172747.0,-0.7,-0.7,-0.6972,0.02,0.36
172748.0,-0.7,-0.7,-0.698,0.02,0.36
172750.0,-0.7,-0.7,-0.6951,0.03,0.37
172751.0,-0.7,-0.7,-0.6842,0.08,0.42
172752.0,-0.7,-0.7,-0.678,0.11,0.45
172753.0,-0.7,-0.7,-0.6965,0.04,0.38
172754.0,-0.7,-0.7,-0.6965,0.03,0.37
172755.0,-0.7,-0.7,-0.7002,0.02,0.36
172756.0,-0.7,-0.7,-0.6991,0.02,0.36
172757.0,-0.7,-0.7,-0.6867,0.07,0.41
172758.0,-0.7,-0.7,-0.7002,0.02,0.36
172759.0,-0.7,-0.7,-0.7009,0.01,0.35
172760.0,-0.7,-0.7,-0.6878,0.07,0.41
172761.0,-0.7,-0.7,-0.7016,0.01,0.35
172763.0,-0.7,-0.7,-0.7038,0.0,0.34
172764.0,-0.7,-0.7,-0.7023,0.0,0.34
172765.0,-0.7,-0.7,-0.7016,0.0,0.34
172766.0,-0.7,-0.7,-0.7099,-0.03,-0.4
172767.0,-0.7,-0.7,-0.7031,-0.01,-0.38
172768.0,-0.7,-0.7,-0.7009,0.0,0.34
172769.0,-0.7,-0.7,-0.7052,-0.02,-0.39
172770.0,-0.7,-0.7,-0.7045,-0.02,-0.39
172771.0,-0.7,-0.7,-0.7016,-0.01,-0.38
172773.0,-0.7,-0.7,-0.6958,0.02,0.36
172774.0,-0.7,-0.7,-0.7132,-0.05,-0.42
172775.0,-0.7,-0.7,-0.6987,0.0,0.34
172776.0,-0.7,-0.7,-0.7009,-0.01,-0.38
172777.0,-0.7,-0.7,-0.6987,0.0,0.34
172778.0,-0.7,-0.7,-0.7016,-0.01,-0.38
172779.0,-0.7,-0.7,-0.7031,-0.02,-0.39
172780.0,-0.7,-0.7,-0.7045,-0.02,-0.39
172781.0,-0.7,-0.7,-0.6965,0.01,0.35
172782.0,-0.7,-0.7,-0.6951,0.02,0.36
172784.0,-0.7,-0.7,-0.7328,-0.14,-0.51
172785.0,-0.7,-0.7,-0.6722,0.1,0.44
172786.0,-0.7,-0.7,-0.7092,-0.04,-0.41
172787.0,-0.7,-0.7,-0.6994,-0.0,-0.37
172788.0,-0.7,-0.7,-0.7041,-0.02,-0.39
172789.0,-0.7,-0.7,-0.7052,-0.03,-0.4
172790.0,-0.7,-0.7,-0.7045,-0.02,-0.39
172791.0,-0.7,-0.7,-0.7081,-0.04,-0.41
172793.0,-0.7,-0.7,-0.7016,-0.02,-0.39
172794.0,-0.7,-0.7,-0.7099,-0.05,-0.42
172795.0,-0.7,-0.7,-0.7125,-0.06,-0.43
172796.0,-0.7,-0.7,-0.7045,-0.03,-0.4
172797.0,-0.7,-0.7,-0.7041,-0.03,-0.4
172798.0,-0.7,-0.7,-0.7023,-0.02,-0.39
172799.0,-0.7,-0.7,-0.7016,-0.02,-0.39
172800.0,-0.7,-0.7,-0.7031,-0.03,-0.4
172802.0,-0.7,-0.7,-0.7103,-0.06,-0.43
172803.0,-0.7,-0.7,-0.7089,-0.05,-0.42
172804.0,-0.7,-0.7,-0.7049,-0.04,-0.41
172805.0,-0.7,-0.7,-0.7009,-0.02,-0.39
172806.0,-0.7,-0.7,-0.6987,-0.01,-0.38
172807.0,-0.7,-0.7,-0.7023,-0.02,-0.39
172808.0,-0.7,-0.7,-0.6987,-0.01,-0.38
172809.0,-0.7,-0.7,-0.706,-0.04,-0.41
172811.0,-0.7,-0.7,-0.7041,-0.03,-0.4
172812.0,-0.7,-0.7,-0.7034,-0.03,-0.4
172813.0,-0.7,-0.7,-0.7107,-0.06,-0.43
172814.0,-0.7,-0.7,-0.6987,-0.01,-0.38
172815.0,-0.7,-0.7,-0.6929,0.02,0.36
172816.0,-0.7,-0.7,-0.6929,0.02,0.36
172817.0,-0.7,-0.7,-0.7012,-0.01,-0.38
172818.0,-0.7,-0.7,-0.6972,0.0,0.34
172819.0,-0.7,-0.7,-0.7009,-0.01,-0.38
172820.0,-0.7,-0.7,-0.6878,0.05,0.39
172822.0,-0.7,-0.7,-0.6943,0.02,0.36
172823.0,-0.7,-0.7,-0.7034,-0.01,-0.38
172824.0,-0.7,-0.7,-0.694,0.03,0.37
172825.0,-0.7,-0.7,-0.7081,-0.03,-0.4
172826.0,-0.7,-0.7,-0.6983,0.01,0.35
172827.0,-0.7,-0.7,-0.6871,0.05,0.39
172828.0,-0.7,-0.7,-0.6976,0.01,0.35
172829.0,-0.7,-0.7,-0.6965,0.02,0.36
172830.0,-0.7,-0.7,-0.6943,0.03,0.37
172832.0,-0.7,-0.7,-0.6943,0.03,0.37
172833.0,-0.7,-0.7,-0.6766,0.1,0.44
172834.0,-0.7,-0.7,-0.6922,0.05,0.39
172835.0,-0.7,-0.7,-0.6958,0.03,0.37
172836.0,-0.7,-0.7,-0.7103,-0.03,-0.4
172837.0,-0.7,-0.7,-0.6991,0.02,0.36
172838.0,-0.7,-0.7,-0.6965,0.03,0.37
172839.0,-0.7,-0.7,-0.6947,0.03,0.37
172840.0,-0.7,-0.7,-0.6958,0.03,0.37
172841.0,-0.7,-0.7,-0.6936,0.04,0.38
172843.0,-0.7,-0.7,-0.7056,-0.01,-0.38
172844.0,-0.7,-0.7,-0.7009,0.01,0.35
172845.0,-0.7,-0.7,-0.6994,0.01,0.35
172846.0,-0.7,-0.7,-0.711,-0.04,-0.41
172847.0,-0.7,-0.7,-0.6954,0.02,0.36
172848.0,-0.7,-0.7,-0.6965,0.02,0.36
172849.0,-0.7,-0.7,-0.6907,0.04,0.38
172850.0,-0.7,-0.7,-0.6958,0.03,0.37
172851.0,-0.7,-0.7,-0.6991,0.01,0.35
172852.0,-0.7,-0.7,-0.6943,0.03,0.37
172854.0,-0.7,-0.7,-0.6972,0.02,0.36
172855.0,-0.7,-0.7,-0.7045,-0.01,-0.38
172856.0,-0.7,-0.7,-0.698,0.02,0.36
172857.0,-0.7,-0.7,-0.6994,0.01,0.35
172858.0,-0.7,-0.7,-0.6972,0.02,0.36
172859.0,-0.7,-0.7,-0.6983,0.01,0.35
172860.0,-0.7,-0.7,-0.6972,0.02,0.36
172861.0,-0.7,-0.7,-0.7045,-0.01,-0.38
172862.0,-0.7,-0.7,-0.706,-0.02,-0.39
172863.0,-0.7,-0.7,-0.7023,-0.01,-0.38
172865.0,-0.7,-0.7,-0.6813,0.08,0.42
172866.0,-0.7,-0.7,-0.7096,-0.03,-0.4
172867.0,-0.7,-0.7,-0.6969,0.02,0.36
172868.0,-0.7,-0.7,-0.6976,0.01,0.35
172869.0,-0.7,-0.7,-0.6933,0.03,0.37
172870.0,-0.7,-0.7,-0.7045,-0.01,-0.38
172871.0,-0.7,-0.7,-0.7009,0.0,0.34
172872.0,-0.7,-0.7,-0.6987,0.01,0.35
172873.0,-0.7,-0.7,-0.6856,0.06,0.4
172874.0,-0.7,-0.7,-0.7103,-0.03,-0.4
172876.0,-0.7,-0.7,-0.7034,-0.01,-0.38
172877.0,-0.7,-0.7,-0.7074,-0.03,-0.4
172878.0,-0.7,-0.7,-0.6983,0.01,0.35
172879.0,-0.7,-0.7,-0.6965,0.01,0.35
172880.0,-0.7,-0.7,-0.7023,-0.01,-0.38
172881.0,-0.7,-0.7,-0.6994,0.0,0.34
172882.0,-0.7,-0.7,-0.7045,-0.02,-0.39
172883.0,-0.7,-0.7,-0.6994,0.0,0.34
172884.0,-0.7,-0.7,-0.7063,-0.03,-0.4
172885.0,-0.7,-0.7,-0.6983,0.0,0.34
172887.0,-0.7,-0.7,-0.6882,0.05,0.39
172888.0,-0.7,-0.7,-0.7074,-0.03,-0.4
172889.0,-0.7,-0.7,-0.7002,-0.0,-0.37
172890.0,-0.7,-0.7,-0.6998,0.0,0.34
172891.0,-0.7,-0.7,-0.6773,0.09,0.43
172892.0,-0.7,-0.7,-0.6936,0.03,0.37
172893.0,-0.7,-0.7,-0.6943,0.03,0.37
172894.0,-0.7,-0.7,-0.7002,0.01,0.35
172895.0,-0.7,-0.7,-0.7016,0.0,0.34
172896.0,-0.7,-0.7,-0.6965,0.02,0.36
172898.0,-0.7,-0.7,-0.7176,-0.06,-0.43
172899.0,-0.7,-0.7,-0.6943,0.02,0.36
172900.0,-0.7,-0.7,-0.6991,0.01,0.35
172901.0,-0.7,-0.7,-0.7023,-0.01,-0.38
172902.0,-0.7,-0.7,-0.6983,0.01,0.35
172903.0,-0.7,-0.7,-0.7027,-0.01,-0.38
172904.0,-0.7,-0.7,-0.7034,-0.01,-0.38
172905.0,-0.7,-0.7,-0.7114,-0.05,-0.42
172907.0,-0.7,-0.7,-0.702,-0.01,-0.38
172908.0,-0.7,-0.7,-0.7052,-0.03,-0.4
172909.0,-0.7,-0.7,-0.7052,-0.03,-0.4
172910.0,-0.7,-0.7,-0.6914,0.03,0.37
172911.0,-0.7,-0.7,-0.7096,-0.04,-0.41
172912.0,-0.7,-0.7,-0.6962,0.01,0.35
172913.0,-0.7,-0.7,-0.698,0.0,0.34
172914.0,-0.7,-0.7,-0.6835,0.07,0.41
172915.0,-0.7,-0.7,-0.7005,0.0,0.34
172917.0,-0.7,-0.7,-0.7067,-0.03,-0.4
172918.0,-0.7,-0.7,-0.6972,0.01,0.35
172919.0,-0.7,-0.7,-0.6994,0.0,0.34
172920.0,-0.7,-0.7,-0.7081,-0.03,-0.4
172921.0,-0.7,-0.7,-0.7002,-0.0,-0.37
172922.0,-0.7,-0.7,-0.7012,-0.01,-0.38
172923.0,-0.7,-0.7,-0.7049,-0.02,-0.39
172924.0,-0.7,-0.7,-0.7016,-0.01,-0.38
172925.0,-0.7,-0.7,-0.6958,0.01,0.35
172926.0,-0.7,-0.7,-0.6943,0.02,0.36
172928.0,-0.7,-0.7,-0.7089,-0.04,-0.41
172929.0,-0.7,-0.7,-0.6914,0.03,0.37
172930.0,-0.7,-0.7,-0.7016,-0.01,-0.38
172931.0,-0.7,-0.7,-0.6958,0.02,0.36
172932.0,-0.7,-0.7,-0.7002,0.0,0.34
172933.0,-0.7,-0.7,-0.6965,0.02,0.36
172934.0,-0.7,-0.7,-0.6972,0.01,0.35
172935.0,-0.7,-0.7,-0.7031,-0.01,-0.38
172936.0,-0.7,-0.7,-0.6958,0.02,0.36
172938.0,-0.7,-0.7,-0.7002,0.0,0.34
172939.0,-0.7,-0.7,-0.6983,0.01,0.35
172940.0,-0.7,-0.7,-0.698,0.01,0.35
172941.0,-0.7,-0.7,-0.7016,-0.0,-0.37
172942.0,-0.7,-0.7,-0.7016,-0.0,-0.37
172943.0,-0.7,-0.7,-0.7031,-0.01,-0.38
172944.0,-0.7,-0.7,-0.7052,-0.02,-0.39
172945.0,-0.7,-0.7,-0.7009,-0.0,-0.37
172946.0,-0.7,-0.7,-0.7002,-0.0,-0.37
172948.0,-0.7,-0.7,-0.6827,0.07,0.41
172949.0,-0.7,-0.7,-0.6987,0.01,0.35
172950.0,-0.7,-0.7,-0.69,0.05,0.39
172951.0,-0.7,-0.7,-0.7009,0.0,0.34
172952.0,-0.7,-0.7,-0.7023,-0.0,-0.37
172953.0,-0.7,-0.7,-0.6929,0.03,0.37
172954.0,-0.7,-0.7,-0.6983,0.01,0.35
172955.0,-0.7,-0.7,-0.7016,0.0,0.34
172956.0,-0.7,-0.7,-0.7045,-0.01,-0.38
172957.0,-0.7,-0.7,-0.6987,0.01,0.35
172958.0,-0.7,-0.7,-0.7099,-0.04,-0.41
172960.0,-0.7,-0.7,-0.6965,0.01,0.35
172961.0,-0.7,-0.7,-0.7023,-0.01,-0.38
172962.0,-0.7,-0.7,-0.7052,-0.02,-0.39
172963.0,-0.7,-0.7,-0.6943,0.02,0.36
172964.0,-0.7,-0.7,-0.7041,-0.02,-0.39
172965.0,-0.7,-0.7,-0.7016,-0.01,-0.38
172966.0,-0.7,-0.7,-0.6987,0.0,0.34
172967.0,-0.7,-0.7,-0.7023,-0.01,-0.38
172968.0,-0.7,-0.7,-0.6972,0.01,0.35
172970.0,-0.7,-0.7,-0.7002,-0.0,-0.37
172971.0,-0.7,-0.7,-0.7012,-0.01,-0.38
172972.0,-0.7,-0.7,-0.7016,-0.01,-0.38
172973.0,-0.7,-0.7,-0.6994,0.0,0.34
172974.0,-0.7,-0.7,-0.7005,-0.0,-0.37
172975.0,-0.7,-0.7,-0.7023,-0.01,-0.38
172976.0,-0.7,-0.7,-0.7052,-0.02,-0.39
172977.0,-0.7,-0.7,-0.707,-0.03,-0.4
172979.0,-0.7,-0.7,-0.7052,-0.03,-0.4
172980.0,-0.7,-0.7,-0.6962,0.01,0.35
172981.0,-0.7,-0.7,-0.6951,0.02,0.36
172982.0,-0.7,-0.7,-0.7034,-0.02,-0.39
172983.0,-0.7,-0.7,-0.7031,-0.02,-0.39
172984.0,-0.7,-0.7,-0.6965,0.01,0.35
172985.0,-0.7,-0.7,-0.6947,0.02,0.36
172986.0,-0.7,-0.7,-0.7172,-0.07,-0.44
172987.0,-0.7,-0.7,-0.7031,-0.02,-0.39
172988.0,-0.7,-0.7,-0.7016,-0.01,-0.38
172990.0,-0.7,-0.7,-0.7041,-0.02,-0.39
172991.0,-0.7,-0.7,-0.7016,-0.01,-0.38
172992.0,-0.7,-0.7,-0.7023,-0.02,-0.39
172993.0,-0.7,-0.7,-0.7031,-0.02,-0.39
172994.0,-0.7,-0.7,-0.7045,-0.03,-0.4
172995.0,-0.7,-0.7,-0.7002,-0.01,-0.38
172996.0,-0.7,-0.7,-0.7002,-0.01,-0.38
172998.0,-0.7,-0.7,-0.6972,0.0,0.34
172999.0,-0.7,-0.7,-0.6936,0.02,0.36
173000.0,0.7,0.7,-0.6914,-5.75,-6.12
173001.0,0.7,0.7,-0.7038,-6.27,-6.64
173002.0,0.7,0.7,-0.6936,-6.66,-7.03
173003.0,0.7,0.7,-0.6849,-7.01,-7.38
173004.0,0.7,0.7,-0.6954,-7.4,-7.77
173005.0,0.7,0.7,-0.6929,-7.72,-8.09
173006.0,0.7,0.7,-0.6856,-7.98,-8.35
173007.0,0.7,0.7,-0.6878,-8.25,-8.62
173008.0,0.7,0.7,-0.6708,-8.43,-8.8
173010.0,0.7,0.7,-0.6809,-8.68,-9.05
173011.0,0.7,0.7,-0.678,-8.87,-9.24
173012.0,0.7,0.7,-0.6802,-9.06,-9.43
173013.0,0.7,0.7,-0.661,-9.14,-9.51
173014.0,0.7,0.7,-0.6544,-9.26,-9.63
173015.0,0.7,0.7,-0.6519,-9.38,-9.75
173016.0,0.7,0.7,-0.6374,-9.43,-9.8
173017.0,0.7,0.7,-0.6421,-9.55,-9.92
173018.0,0.7,0.7,-0.6287,-9.59,-9.96
173019.0,0.7,0.7,-0.6232,-9.65,-10.02
173021.0,0.7,0.7,-0.6472,-9.82,-10.19
173022.0,0.7,0.7,-0.6149,-9.76,-10.13
173023.0,0.7,0.7,-0.6026,-9.76,-10.13
173024.0,0.7,0.7,-0.6058,-9.82,-10.19
173025.0,0.7,0.7,-0.5862,-9.79,-10.16
173026.0,0.7,0.7,-0.5739,-9.77,-10.14
173027.0,0.7,0.7,-0.5703,-9.78,-10.15
173028.0,0.7,0.7,-0.5601,-9.76,-10.13
173029.0,0.7,0.7,-0.5982,-9.93,-10.3
173030.0,0.7,0.7,-0.5434,-9.74,-10.11
173032.0,0.7,0.7,-0.5246,-9.66,-10.03
173033.0,0.7,0.7,-0.5188,-9.64,-10.01
173034.0,0.7,0.7,-0.5144,-9.62,-9.99
173035.0,0.7,0.7,-0.5043,-9.58,-9.95
173036.0,0.7,0.7,-0.497,-9.54,-9.91
173037.0,0.7,0.7,-0.4854,-9.48,-9.85
173038.0,0.7,0.7,-0.4781,-9.44,-9.81
173039.0,0.7,0.7,-0.4673,-9.39,-9.76
173040.0,0.7,0.7,-0.4585,-9.33,-9.7
173041.0,0.7,0.7,-0.4462,-9.27,-9.64
173043.0,0.7,0.7,-0.4332,-9.19,-9.56
173044.0,0.7,0.7,-0.4266,-9.14,-9.51
173045.0,0.7,0.7,-0.4085,-9.05,-9.42
173046.0,0.7,0.7,-0.4056,-9.01,-9.38
173047.0,0.7,0.7,-0.3976,-8.95,-9.32
173048.0,0.7,0.7,-0.386,-8.88,-9.25
173049.0,0.7,0.7,-0.3744,-8.8,-9.17
173050.0,0.7,0.7,-0.3671,-8.74,-9.11
173051.0,0.7,0.7,-0.3454,-8.62,-8.99
173052.0,0.7,0.7,-0.3443,-8.59,-8.96
173054.0,0.7,0.7,-0.3388,-8.53,-8.9
173055.0,0.7,0.7,-0.3214,-8.43,-8.8
173056.0,0.7,0.7,-0.312,-8.36,-8.73
173057.0,0.7,0.7,-0.3036,-8.29,-8.66
173058.0,0.7,0.7,-0.2924,-8.21,-8.58
173059.0,0.7,0.7,-0.2851,-8.15,-8.52
173060.0,0.7,0.7,-0.2746,-8.07,-8.44
173061.0,0.7,0.7,-0.2583,-7.97,-8.34
173062.0,0.7,0.7,-0.2467,-7.89,-8.26
173063.0,0.7,0.7,-0.2322,-7.79,-8.16
173065.0,0.7,0.7,-0.2224,-7.71,-8.08
173066.0,0.7,0.7,-0.2111,-7.63,-8.0
173067.0,0.7,0.7,-0.2024,-7.55,-7.92
173068.0,0.7,0.7,-0.1966,-7.49,-7.86
173069.0,0.7,0.7,-0.1821,-7.39,-7.76
173070.0,0.7,0.7,-0.1741,-7.32,-7.69
173071.0,0.7,0.7,-0.1625,-7.24,-7.61
173072.0,0.7,0.7,-0.1487,-7.14,-7.51
173073.0,0.7,0.7,-0.1473,-7.09,-7.46
173074.0,0.7,0.7,-0.1299,-6.99,-7.36
173076.0,0.7,0.7,-0.1201,-6.91,-7.28
173077.0,0.7,0.7,-0.1081,-6.82,-7.19
173078.0,0.7,0.7,-0.0965,-6.73,-7.1
173079.0,0.7,0.7,-0.082,-6.63,-7.0
173080.0,0.7,0.7,-0.0715,-6.55,-6.92
173081.0,0.7,0.7,-0.0617,-6.47,-6.84
173082.0,0.7,0.7,-0.0435,-6.35,-6.72
173083.0,0.7,0.7,-0.037,-6.28,-6.65
173084.0,0.7,0.7,-0.0239,-6.19,-6.56
173085.0,0.7,0.7,-0.0145,-6.1,-6.47
173087.0,0.7,0.7,-0.0058,-6.03,-6.4
173088.0,0.7,0.7,0.0058,-5.94,-6.31
173089.0,0.7,0.7,0.0225,-5.83,-6.2
173090.0,0.7,0.7,0.029,-5.76,-6.13
173091.0,0.7,0.7,0.0392,-5.68,-6.05
173092.0,0.7,0.7,0.0493,-5.59,-5.96
173093.0,0.7,0.7,0.0631,-5.49,-5.86
173094.0,0.7,0.7,0.0762,-5.4,-5.77
173095.0,0.7,0.7,0.0834,-5.33,-5.7
173096.0,0.7,0.7,0.0885,-5.26,-5.63
173097.0,0.7,0.7,0.1059,-5.15,-5.52
173098.0,0.7,0.7,0.1313,-5.01,-5.38
173100.0,0.7,0.7,0.1262,-4.98,-5.35
173101.0,0.7,0.7,0.1349,-4.91,-5.28
173102.0,0.7,0.7,0.1531,-4.79,-5.16
173103.0,0.7,0.7,0.1596,-4.72,-5.09
173104.0,0.7,0.7,0.1712,-4.63,-5.0
173105.0,0.7,0.7,0.1814,-4.55,-4.92
173106.0,0.7,0.7,0.1915,-4.47,-4.84
173107.0,0.7,0.7,0.2031,-4.38,-4.75
173108.0,0.7,0.7,0.2119,-4.3,-4.67
173109.0,0.7,0.7,0.2256,-4.2,-4.57
173110.0,0.7,0.7,0.2333,-4.13,-4.5
173111.0,0.7,0.7,0.2449,-4.04,-4.41
173113.0,0.7,0.7,0.251,-3.98,-4.35
173114.0,0.7,0.7,0.2619,-3.89,-4.26
173115.0,0.7,0.7,0.2757,-3.8,-4.17
173116.0,0.7,0.7,0.3163,-3.59,-3.96
173117.0,0.7,0.7,0.296,-3.62,-3.99
173118.0,0.7,0.7,0.2938,-3.59,-3.96
173119.0,0.7,0.7,0.3142,-3.48,-3.85
173120.0,0.7,0.7,0.3221,-3.4,-3.77
173121.0,0.7,0.7,0.3316,-3.33,-3.7
173122.0,0.7,0.7,0.3425,-3.25,-3.62
173123.0,0.7,0.7,0.3475,-3.19,-3.56
173125.0,0.7,0.7,0.3639,-3.08,-3.45
173126.0,0.7,0.7,0.3678,-3.03,-3.4
173127.0,0.7,0.7,0.3729,-2.97,-3.34
173128.0,0.7,0.7,0.3874,-2.88,-3.25
173129.0,0.7,0.7,0.4059,-2.76,-3.13
173130.0,0.7,0.7,0.4012,-2.74,-3.11
173131.0,0.7,0.7,0.4092,-2.68,-3.05
173132.0,0.7,0.7,0.4194,-2.6,-2.97
173133.0,0.7,0.7,0.4252,-2.54,-2.91
173134.0,0.7,0.7,0.4364,-2.46,-2.83
173135.0,0.7,0.7,0.4448,-2.39,-2.76
173136.0,0.7,0.7,0.4498,-2.34,-2.71
173138.0,0.7,0.7,0.4593,-2.27,-2.64
173139.0,0.7,0.7,0.4643,-2.21,-2.58
173140.0,0.7,0.7,0.4789,-2.12,-2.49
173141.0,0.7,0.7,0.4789,-2.09,-2.46
173142.0,0.7,0.7,0.5235,-1.87,-2.24
173143.0,0.7,0.7,0.4905,-1.97,-2.34
173144.0,0.7,0.7,0.505,-1.88,-2.25
173145.0,0.7,0.7,0.5072,-1.84,-2.21
173146.0,0.7,0.7,0.5072,-1.81,-2.18
173147.0,0.7,0.7,0.5202,-1.73,-2.1
173148.0,0.7,0.7,0.5253,-1.68,-2.05
173150.0,0.7,0.7,0.5376,-1.6,-1.97
173151.0,0.7,0.7,0.542,-1.56,-1.93
173152.0,0.7,0.7,0.5438,-1.52,-1.89
173153.0,0.7,0.7,0.5463,-1.49,-1.86
173154.0,0.7,0.7,0.563,-1.39,-1.76
173155.0,0.7,0.7,0.563,-1.36,-1.73
173156.0,0.7,0.7,0.5637,-1.34,-1.71
173157.0,0.7,0.7,0.5695,-1.29,-1.66
173158.0,0.7,0.7,0.5746,-1.24,-1.61
173159.0,0.7,0.7,0.5826,-1.19,-1.56
173160.0,0.7,0.7,0.5899,-1.14,-1.51
173161.0,0.7,0.7,0.5891,-1.11,-1.48
173163.0,0.7,0.7,0.5833,-1.12,-1.49
173164.0,0.7,0.7,0.6007,-1.03,-1.4
173165.0,0.7,0.7,0.6087,-0.97,-1.34
173166.0,0.7,0.7,0.6116,-0.94,-1.31
173167.0,0.7,0.7,0.6124,-0.91,-1.28
173168.0,0.7,0.7,0.6211,-0.86,-1.23
173169.0,0.7,0.7,0.624,-0.83,-1.2
173170.0,0.7,0.7,0.6298,-0.78,-1.15
173171.0,0.7,0.7,0.6319,-0.75,-1.12
173172.0,0.7,0.7,0.6327,-0.73,-1.1
173173.0,0.7,0.7,0.6385,-0.69,-1.06
173174.0,0.7,0.7,0.6421,-0.65,-1.02
173176.0,0.7,0.7,0.6443,-0.63,-1.0
173177.0,0.7,0.7,0.6475,-0.6,-0.97
173178.0,0.7,0.7,0.6537,-0.56,-0.93
173179.0,0.7,0.7,0.6595,-0.51,-0.88
173180.0,0.7,0.7,0.6588,-0.5,-0.87
173181.0,0.7,0.7,0.6573,-0.49,-0.86
173182.0,0.7,0.7,0.6653,-0.44,-0.81
173183.0,0.7,0.7,0.6711,-0.4,-0.77
173184.0,0.7,0.7,0.6762,-0.37,-0.74
173185.0,0.7,0.7,0.6631,-0.41,-0.78
173186.0,0.7,0.7,0.674,-0.35,-0.72
173187.0,0.7,0.7,0.6813,-0.31,-0.68
173189.0,0.7,0.7,0.682,-0.29,-0.66
173190.0,0.7,0.7,0.6827,-0.27,-0.64
173191.0,0.7,0.7,0.6827,-0.26,-0.63
173192.0,0.7,0.7,0.6885,-0.23,-0.6
173193.0,0.7,0.7,0.6929,-0.2,-0.57
173194.0,0.7,0.7,0.6943,-0.18,-0.55
173195.0,0.7,0.7,0.6987,-0.15,-0.52
173196.0,0.7,0.7,0.6918,-0.16,-0.53
173197.0,0.7,0.7,0.6994,-0.12,-0.49
173198.0,0.7,0.7,0.7023,-0.1,-0.47
173199.0,0.7,0.7,0.703,-0.09,-0.46
173200.0,0.7,0.7,0.7052,-0.07,-0.44
173201.0,0.7,0.7,0.706,-0.06,-0.43
173203.0,0.7,0.7,0.7052,-0.05,-0.42
173204.0,0.7,0.7,0.706,-0.04,-0.41
173205.0,0.7,0.7,0.7052,-0.03,-0.4
173206.0,0.7,0.7,0.7081,-0.01,-0.38
173207.0,0.7,0.7,0.7161,0.03,0.37
173208.0,0.7,0.7,0.7096,0.01,0.35
173209.0,0.7,0.7,0.7052,-0.0,-0.37
173210.0,0.7,0.7,0.7161,0.04,0.38
173211.0,0.7,0.7,0.7176,0.06,0.4
173212.0,0.7,0.7,0.7197,0.07,0.41
173213.0,0.7,0.7,0.7226,0.09,0.43
173214.0,0.7,0.7,0.7205,0.09,0.43
173215.0,0.7,0.7,0.7208,0.1,0.44
173216.0,0.7,0.7,0.7205,0.1,0.44
173217.0,0.7,0.7,0.7223,0.12,0.46
173218.0,0.7,0.7,0.7226,0.12,0.46
173219.0,0.7,0.7,0.7313,0.16,0.5
173220.0,0.7,0.7,0.7284,0.16,0.5
173222.0,0.7,0.7,0.7263,0.16,0.5
173223.0,0.7,0.7,0.7234,0.15,0.49
173224.0,0.7,0.7,0.719,0.13,0.47
173225.0,0.7,0.7,0.7219,0.15,0.49
173226.0,0.7,0.7,0.7237,0.16,0.5
173227.0,0.7,0.7,0.7234,0.16,0.5
173228.0,0.7,0.7,0.7234,0.16,0.5
173229.0,0.7,0.7,0.7263,0.18,0.52
173230.0,0.7,0.7,0.7147,0.13,0.47
173231.0,0.7,0.7,0.7299,0.19,0.53
173232.0,0.7,0.7,0.7197,0.15,0.49
173233.0,0.7,0.7,0.7255,0.18,0.52
173234.0,0.7,0.7,0.7197,0.16,0.5
173235.0,0.7,0.7,0.7226,0.17,0.51
173236.0,0.7,0.7,0.7241,0.17,0.51
173237.0,0.7,0.7,0.7237,0.17,0.51
173238.0,0.7,0.7,0.7255,0.18,0.52
173239.0,0.7,0.7,0.7234,0.18,0.52
173240.0,0.7,0.7,0.7205,0.16,0.5
173241.0,0.7,0.7,0.7197,0.16,0.5
173243.0,0.7,0.7,0.7205,0.16,0.5
173244.0,0.7,0.7,0.7168,0.15,0.49
173245.0,0.7,0.7,0.7255,0.18,0.52
173246.0,0.7,0.7,0.7263,0.19,0.53
173247.0,0.7,0.7,0.7197,0.16,0.5
173248.0,0.7,0.7,0.7234,0.18,0.52
173249.0,0.7,0.7,0.7194,0.16,0.5
173250.0,0.7,0.7,0.715,0.14,0.48
173251.0,0.7,0.7,0.7118,0.13,0.47
173252.0,0.7,0.7,0.7176,0.15,0.49
173253.0,0.7,0.7,0.7168,0.14,0.48
173254.0,0.7,0.7,0.7147,0.13,0.47
173255.0,0.7,0.7,0.7197,0.15,0.49
173256.0,0.7,0.7,0.7154,0.14,0.48
173257.0,0.7,0.7,0.7139,0.13,0.47
173258.0,0.7,0.7,0.7168,0.14,0.48
173259.0,0.7,0.7,0.7147,0.13,0.47
173260.0,0.7,0.7,0.7089,0.1,0.44
173261.0,0.7,0.7,0.7161,0.13,0.47
173262.0,0.7,0.7,0.7023,0.07,0.41
173264.0,0.7,0.7,0.7161,0.13,0.47
173265.0,0.7,0.7,0.7081,0.09,0.43
173266.0,0.7,0.7,0.7023,0.07,0.41
173267.0,0.7,0.7,0.7469,0.25,0.59
173268.0,0.7,0.7,0.7103,0.11,0.45
173269.0,0.7,0.7,0.7081,0.09,0.43
173270.0,0.7,0.7,0.7023,0.07,0.41
173271.0,0.7,0.7,0.7081,0.09,0.43
173272.0,0.7,0.7,0.7052,0.07,0.41
173273.0,0.7,0.7,0.7147,0.11,0.45
173274.0,0.7,0.7,0.7045,0.07,0.41
173275.0,0.7,0.7,0.7052,0.07,0.41
173276.0,0.7,0.7,0.7023,0.05,0.39
173277.0,0.7,0.7,0.7092,0.08,0.42
173278.0,0.7,0.7,0.7005,0.04,0.38
173279.0,0.7,0.7,0.6929,0.01,0.35
173280.0,0.7,0.7,0.6943,0.01,0.35
173281.0,0.7,0.7,0.7038,0.04,0.38
173282.0,0.7,0.7,0.6994,0.02,0.36
173283.0,0.7,0.7,0.6994,0.02,0.36
173285.0,0.7,0.7,0.7052,0.04,0.38
173286.0,0.7,0.7,0.694,-0.0,-0.37
173287.0,0.7,0.7,0.6965,0.0,0.34
173288.0,0.7,0.7,0.686,-0.04,-0.41
173289.0,0.7,0.7,0.6943,-0.02,-0.39
173290.0,0.7,0.7,0.7001,0.01,0.35
173291.0,0.7,0.7,0.6965,-0.01,-0.38
173292.0,0.7,0.7,0.6972,-0.01,-0.38
173293.0,0.7,0.7,0.6798,-0.08,-0.45
173294.0,0.7,0.7,0.6907,-0.04,-0.41
173295.0,0.7,0.7,0.6907,-0.05,-0.42
173296.0,0.7,0.7,0.6929,-0.04,-0.41
173297.0,0.7,0.7,0.6936,-0.04,-0.41
173298.0,0.7,0.7,0.6972,-0.02,-0.39
173300.0,0.7,0.7,0.7118,0.04,0.38
173301.0,0.7,0.7,0.6849,-0.07,-0.44
173302.0,0.7,0.7,0.6929,-0.04,-0.41
173303.0,0.7,0.7,0.6907,-0.05,-0.42
173304.0,0.7,0.7,0.6965,-0.03,-0.4
173305.0,0.7,0.7,0.6849,-0.08,-0.45
173306.0,0.7,0.7,0.7023,-0.01,-0.38
173307.0,0.7,0.7,0.6958,-0.03,-0.4
173308.0,0.7,0.7,0.6885,-0.06,-0.43
173309.0,0.7,0.7,0.7023,-0.01,-0.38
173310.0,0.7,0.7,0.6943,-0.04,-0.41
173311.0,0.7,0.7,0.6936,-0.04,-0.41
173312.0,0.7,0.7,0.6936,-0.04,-0.41
173314.0,0.7,0.7,0.6965,-0.03,-0.4
173315.0,0.7,0.7,0.6958,-0.03,-0.4
173316.0,0.7,0.7,0.6976,-0.03,-0.4
173317.0,0.7,0.7,0.6914,-0.05,-0.42
173318.0,0.7,0.7,0.7009,-0.01,-0.38
173319.0,0.7,0.7,0.6965,-0.03,-0.4
173320.0,0.7,0.7,0.6878,-0.07,-0.44
173321.0,0.7,0.7,0.6958,-0.04,-0.41
173322.0,0.7,0.7,0.6976,-0.03,-0.4
173323.0,0.7,0.7,0.6976,-0.03,-0.4
173324.0,0.7,0.7,0.7089,0.02,0.36
173325.0,0.7,0.7,0.6965,-0.03,-0.4
173326.0,0.7,0.7,0.7005,-0.01,-0.38
173327.0,0.7,0.7,0.7081,0.02,0.36
173329.0,0.7,0.7,0.7023,0.0,0.34
173330.0,0.7,0.7,0.6943,-0.03,-0.4
173331.0,0.7,0.7,0.6936,-0.03,-0.4
173332.0,0.7,0.7,0.7023,0.0,0.34
173333.0,0.7,0.7,0.7034,0.01,0.35
173334.0,0.7,0.7,0.7023,0.0,0.34
173335.0,0.7,0.7,0.698,-0.01,-0.38
173336.0,0.7,0.7,0.7023,0.01,0.35
173337.0,0.7,0.7,0.7023,0.01,0.35
173338.0,0.7,0.7,0.7023,0.01,0.35
173339.0,0.7,0.7,0.7023,0.01,0.35
173340.0,0.7,0.7,0.6987,-0.01,-0.38
173341.0,0.7,0.7,0.7034,0.01,0.35
173342.0,0.7,0.7,0.7089,0.04,0.38
173343.0,0.7,0.7,0.7049,0.02,0.36
173344.0,0.7,0.7,0.7001,0.01,0.35
173345.0,0.7,0.7,0.7089,0.04,0.38
173346.0,0.7,0.7,0.6501,-0.2,-0.57
173348.0,0.7,0.7,0.7005,-0.01,-0.38
173349.0,0.7,0.7,0.6994,-0.01,-0.38
173350.0,0.7,0.7,0.7023,0.0,0.34
173351.0,0.7,0.7,0.7052,0.01,0.35
173352.0,0.7,0.7,0.7089,0.03,0.37
173353.0,0.7,0.7,0.7001,-0.0,-0.37
173354.0,0.7,0.7,0.7001,-0.0,-0.37
173355.0,0.7,0.7,0.6994,-0.0,-0.37
173356.0,0.7,0.7,0.703,0.01,0.35
173357.0,0.7,0.7,0.706,0.02,0.36
173358.0,0.7,0.7,0.6965,-0.01,-0.38
173359.0,0.7,0.7,0.7023,0.01,0.35
173360.0,0.7,0.7,0.7176,0.07,0.41
173361.0,0.7,0.7,0.7052,0.03,0.37
173362.0,0.7,0.7,0.703,0.02,0.36
173363.0,0.7,0.7,0.6972,-0.0,-0.37
173364.0,0.7,0.7,0.7038,0.02,0.36
173366.0,0.7,0.7,0.703,0.02,0.36
173367.0,0.7,0.7,0.6773,-0.09,-0.46
173368.0,0.7,0.7,0.7107,0.04,0.38
173369.0,0.7,0.7,0.6987,-0.0,-0.37
173370.0,0.7,0.7,0.7023,0.01,0.35
173371.0,0.7,0.7,0.7023,0.01,0.35
173372.0,0.7,0.7,0.7023,0.01,0.35
173373.0,0.7,0.7,0.7023,0.01,0.35
173374.0,0.7,0.7,0.698,-0.0,-0.37
173375.0,0.7,0.7,0.7023,0.01,0.35
173376.0,0.7,0.7,0.7016,0.01,0.35
173377.0,0.7,0.7,0.7005,0.01,0.35
173378.0,0.7,0.7,0.7023,0.01,0.35
173379.0,0.7,0.7,0.7023,0.01,0.35
173380.0,0.7,0.7,0.7001,0.01,0.35
173381.0,0.7,0.7,0.6943,-0.02,-0.39
173382.0,0.7,0.7,0.7023,0.01,0.35
173383.0,0.7,0.7,0.7103,0.05,0.39
173385.0,0.7,0.7,0.703,0.02,0.36
173386.0,0.7,0.7,0.6965,-0.01,-0.38
173387.0,0.7,0.7,0.7001,0.01,0.35
173388.0,0.7,0.7,0.6994,0.0,0.34
173389.0,0.7,0.7,0.6911,-0.03,-0.4
173390.0,0.7,0.7,0.698,-0.01,-0.38
173391.0,0.7,0.7,0.7023,0.01,0.35
173392.0,0.7,0.7,0.6733,-0.11,-0.48
173393.0,0.7,0.7,0.698,-0.02,-0.39
173394.0,0.7,0.7,0.7001,-0.01,-0.38
173395.0,0.7,0.7,0.7023,0.0,0.34
173396.0,0.7,0.7,0.6907,-0.04,-0.41
173397.0,0.7,0.7,0.6998,-0.01,-0.38
173398.0,0.7,0.7,0.6994,-0.01,-0.38
173399.0,0.7,0.7,0.7016,-0.0,-0.37
173401.0,0.7,0.7,0.6994,-0.01,-0.38
173402.0,0.7,0.7,0.706,0.02,0.36
173403.0,0.7,0.7,0.7009,0.0,0.34
173404.0,0.7,0.7,0.6994,-0.01,-0.38
173405.0,0.7,0.7,0.6885,-0.05,-0.42
173406.0,0.7,0.7,0.7005,-0.0,-0.37
173407.0,0.7,0.7,0.6972,-0.02,-0.39
173408.0,0.7,0.7,0.6972,-0.02,-0.39
173409.0,0.7,0.7,0.7023,0.0,0.34
173410.0,0.7,0.7,0.7023,0.0,0.34
173411.0,0.7,0.7,0.6994,-0.01,-0.38
173412.0,0.7,0.7,0.6987,-0.01,-0.38
173413.0,0.7,0.7,0.6994,-0.01,-0.38
173414.0,0.7,0.7,0.7074,0.03,0.37
173416.0,0.7,0.7,0.6936,-0.03,-0.4
173417.0,0.7,0.7,0.6987,-0.01,-0.38
173418.0,0.7,0.7,0.703,0.01,0.35
173419.0,0.7,0.7,0.6972,-0.01,-0.38
173420.0,0.7,0.7,0.6965,-0.02,-0.39
173421.0,0.7,0.7,0.7001,-0.0,-0.37
173422.0,0.7,0.7,0.6943,-0.03,-0.4
173423.0,0.7,0.7,0.7052,0.02,0.36
173424.0,0.7,0.7,0.6994,-0.0,-0.37
173425.0,0.7,0.7,0.6987,-0.01,-0.38
173426.0,0.7,0.7,0.7023,0.01,0.35
173427.0,0.7,0.7,0.6976,-0.01,-0.38
173428.0,0.7,0.7,0.703,0.01,0.35
173429.0,0.7,0.7,0.7016,0.01,0.35
173430.0,0.7,0.7,0.7005,0.0,0.34
173431.0,0.7,0.7,0.711,0.05,0.39
173433.0,0.7,0.7,0.7081,0.04,0.38
173434.0,0.7,0.7,0.6885,-0.04,-0.41
173435.0,0.7,0.7,0.702,0.01,0.35
173436.0,0.7,0.7,0.7001,0.0,0.34
173437.0,0.7,0.7,0.7023,0.01,0.35
173438.0,0.7,0.7,0.7001,0.0,0.34
173439.0,0.7,0.7,0.7045,0.02,0.36
173440.0,0.7,0.7,0.7001,0.0,0.34
173441.0,0.7,0.7,0.6958,-0.01,-0.38
173442.0,0.7,0.7,0.7038,0.02,0.36
173443.0,0.7,0.7,0.7023,0.01,0.35
173444.0,0.7,0.7,0.7023,0.01,0.35
173445.0,0.7,0.7,0.6972,-0.01,-0.38
173446.0,0.7,0.7,0.7001,0.0,0.34
173447.0,0.7,0.7,0.7023,0.01,0.35
173448.0,0.7,0.7,0.703,0.02,0.36
173449.0,0.7,0.7,0.703,0.02,0.36
173450.0,0.7,0.7,0.7009,0.01,0.35
173451.0,0.7,0.7,0.7049,0.02,0.36
173452.0,0.7,0.7,0.6965,-0.01,-0.38
173454.0,0.7,0.7,0.6947,-0.02,-0.39
173455.0,0.7,0.7,0.7023,0.01,0.35
173456.0,0.7,0.7,0.7001,0.0,0.34
173457.0,0.7,0.7,0.6994,-0.0,-0.37
173458.0,0.7,0.7,0.7038,0.02,0.36
173459.0,0.7,0.7,0.7023,0.01,0.35
173460.0,0.7,0.7,0.706,0.03,0.37
173461.0,0.7,0.7,0.7001,0.01,0.35
173462.0,0.7,0.7,0.6987,-0.0,-0.37
173463.0,0.7,0.7,0.7016,0.01,0.35
173464.0,0.7,0.7,0.6972,-0.01,-0.38
173465.0,0.7,0.7,0.6965,-0.01,-0.38
173466.0,0.7,0.7,0.702,0.01,0.35
173467.0,0.7,0.7,0.7001,0.0,0.34
173468.0,0.7,0.7,0.6907,-0.04,-0.41
173469.0,0.7,0.7,0.6925,-0.03,-0.4
173471.0,0.7,0.7,0.6972,-0.02,-0.39
173472.0,0.7,0.7,0.6994,-0.01,-0.38
173473.0,0.7,0.7,0.6965,-0.02,-0.39
173474.0,0.7,0.7,0.7001,-0.0,-0.37
173475.0,0.7,0.7,0.7023,0.01,0.35
173476.0,0.7,0.7,0.6936,-0.03,-0.4
173477.0,0.7,0.7,0.7023,0.0,0.34
173478.0,0.7,0.7,0.698,-0.01,-0.38
173479.0,0.7,0.7,0.7005,-0.0,-0.37
173480.0,0.7,0.7,0.7001,-0.0,-0.37
173481.0,0.7,0.7,0.6987,-0.01,-0.38
173482.0,0.7,0.7,0.7023,0.01,0.35
173483.0,0.7,0.7,0.7001,-0.0,-0.37
173484.0,0.7,0.7,0.7052,0.02,0.36
173486.0,0.7,0.7,0.7001,0.0,0.34
173487.0,0.7,0.7,0.715,0.06,0.4
173488.0,0.7,0.7,0.7063,0.03,0.37
173489.0,0.7,0.7,0.6958,-0.01,-0.38
173490.0,0.7,0.7,0.6987,-0.0,-0.37
173491.0,0.7,0.7,0.6987,-0.0,-0.37
173492.0,0.7,0.7,0.6987,-0.0,-0.37
173493.0,0.7,0.7,0.6965,-0.01,-0.38
173494.0,0.7,0.7,0.6994,-0.0,-0.37
173495.0,0.7,0.7,0.6976,-0.01,-0.38
173496.0,0.7,0.7,0.6994,-0.0,-0.37
173497.0,0.7,0.7,0.698,-0.01,-0.38
173498.0,0.7,0.7,0.7052,0.02,0.36
173499.0,0.7,0.7,0.6972,-0.01,-0.38
173500.0,0.7,0.7,0.7023,0.01,0.35
173502.0,0.7,0.7,0.6958,-0.02,-0.39
173503.0,0.7,0.7,0.7034,0.01,0.35
173504.0,0.7,0.7,0.7023,0.01,0.35
173505.0,0.7,0.7,0.6994,-0.0,-0.37
173506.0,0.7,0.7,0.7034,0.01,0.35
173507.0,0.7,0.7,0.7005,0.0,0.34
173508.0,0.7,0.7,0.6976,-0.01,-0.38
173509.0,0.7,0.7,0.7524,0.22,0.56
173510.0,0.7,0.7,0.7023,0.03,0.37
173511.0,0.7,0.7,0.7023,0.03,0.37
173512.0,0.7,0.7,0.6878,-0.03,-0.4
173513.0,0.7,0.7,0.7023,0.02,0.36
173514.0,0.7,0.7,0.6994,0.01,0.35
173515.0,0.7,0.7,0.7034,0.02,0.36
173516.0,0.7,0.7,0.6965,-0.0,-0.37
173517.0,0.7,0.7,0.7005,0.01,0.35
173518.0,0.7,0.7,0.6943,-0.02,-0.39
173519.0,0.7,0.7,0.7063,0.03,0.37
173521.0,0.7,0.7,0.7096,0.05,0.39
173522.0,0.7,0.7,0.7023,0.02,0.36
173523.0,0.7,0.7,0.6972,-0.0,-0.37
173524.0,0.7,0.7,0.706,0.03,0.37
173525.0,0.7,0.7,0.7001,0.01,0.35
173526.0,0.7,0.7,0.7045,0.03,0.37
173527.0,0.7,0.7,0.6994,0.01,0.35
173528.0,0.7,0.7,0.7005,0.01,0.35
173529.0,0.7,0.7,0.703,0.02,0.36
173530.0,0.7,0.7,0.6929,-0.02,-0.39
173531.0,0.7,0.7,0.7023,0.01,0.35
173532.0,0.7,0.7,0.7023,0.01,0.35
173533.0,0.7,0.7,0.7023,0.01,0.35
173534.0,0.7,0.7,0.7009,0.01,0.35
173535.0,0.7,0.7,0.6965,-0.01,-0.38
173536.0,0.7,0.7,0.7023,0.01,0.35
173537.0,0.7,0.7,0.6965,-0.01,-0.38
173538.0,0.7,0.7,0.6994,0.0,0.34
173539.0,0.7,0.7,0.7001,0.0,0.34
173541.0,0.7,0.7,0.7001,0.0,0.34
173542.0,0.7,0.7,0.7067,0.03,0.37
173543.0,0.7,0.7,0.7001,0.0,0.34
173544.0,0.7,0.7,0.703,0.02,0.36
173545.0,0.7,0.7,0.7063,0.03,0.37
173546.0,0.7,0.7,0.6994,0.0,0.34
173547.0,0.7,0.7,0.6987,-0.0,-0.37
173548.0,0.7,0.7,0.6987,-0.0,-0.37
173549.0,0.7,0.7,0.653,-0.19,-0.56
173550.0,0.7,0.7,0.7005,-0.01,-0.38
173551.0,0.7,0.7,0.6972,-0.02,-0.39
173552.0,0.7,0.7,0.6965,-0.03,-0.4
173553.0,0.7,0.7,0.7139,0.05,0.39
173554.0,0.7,0.7,0.7023,0.0,0.34
173555.0,0.7,0.7,0.6965,-0.02,-0.39
173556.0,0.7,0.7,0.7089,0.03,0.37
173558.0,0.7,0.7,0.7063,0.02,0.36
173559.0,0.7,0.7,0.6965,-0.01,-0.38
173560.0,0.7,0.7,0.7023,0.01,0.35
173561.0,0.7,0.7,0.7023,0.01,0.35
173562.0,0.7,0.7,0.6972,-0.01,-0.38
173563.0,0.7,0.7,0.6947,-0.02,-0.39
173564.0,0.7,0.7,0.6972,-0.01,-0.38
173565.0,0.7,0.7,0.6972,-0.01,-0.38
173566.0,0.7,0.7,0.6965,-0.02,-0.39
173567.0,0.7,0.7,0.7001,-0.0,-0.37
173568.0,0.7,0.7,0.6936,-0.03,-0.4
173569.0,0.7,0.7,0.6972,-0.02,-0.39
173570.0,0.7,0.7,0.7092,0.03,0.37
173571.0,0.7,0.7,0.7023,0.01,0.35
173572.0,0.7,0.7,0.6965,-0.02,-0.39
173574.0,0.7,0.7,0.6914,-0.04,-0.41
173575.0,0.7,0.7,0.7034,0.01,0.35
173576.0,0.7,0.7,0.6951,-0.02,-0.39
173577.0,0.7,0.7,0.6965,-0.02,-0.39
173578.0,0.7,0.7,0.6994,-0.01,-0.38
173579.0,0.7,0.7,0.698,-0.01,-0.38
173580.0,0.7,0.7,0.6922,-0.04,-0.41
173581.0,0.7,0.7,0.7001,-0.01,-0.38
173582.0,0.7,0.7,0.6918,-0.04,-0.41
173583.0,0.7,0.7,0.7016,-0.0,-0.37
173584.0,0.7,0.7,0.6965,-0.02,-0.39
173585.0,0.7,0.7,0.703,0.0,0.34
173586.0,0.7,0.7,0.6943,-0.03,-0.4
173587.0,0.7,0.7,0.6994,-0.01,-0.38
173589.0,0.7,0.7,0.702,0.0,0.34
173590.0,0.7,0.7,0.6994,-0.01,-0.38
173591.0,0.7,0.7,0.6947,-0.03,-0.4
173592.0,0.7,0.7,0.7023,0.0,0.34
173593.0,0.7,0.7,0.7023,0.0,0.34
173594.0,0.7,0.7,0.698,-0.01,-0.38
173595.0,0.7,0.7,0.7001,-0.0,-0.37
173596.0,0.7,0.7,0.6994,-0.01,-0.38
173597.0,0.7,0.7,0.6907,-0.04,-0.41
173598.0,0.7,0.7,0.703,0.01,0.35
173599.0,0.7,0.7,0.6943,-0.03,-0.4
173600.0,0.7,0.7,0.703,0.01,0.35
173601.0,0.7,0.7,0.7067,0.02,0.36
173602.0,0.7,0.7,0.7001,-0.0,-0.37
173603.0,0.7,0.7,0.7081,0.03,0.37
173604.0,0.7,0.7,0.7023,0.01,0.35
173606.0,0.7,0.7,0.7074,0.03,0.37
173607.0,0.7,0.7,0.6987,-0.0,-0.37
173608.0,0.7,0.7,0.7023,0.01,0.35
173609.0,0.7,0.7,0.6972,-0.01,-0.38
173610.0,0.7,0.7,0.7023,0.01,0.35
173611.0,0.7,0.7,0.7001,0.0,0.34
173612.0,0.7,0.7,0.703,0.02,0.36
173613.0,0.7,0.7,0.7023,0.01,0.35
173614.0,0.7,0.7,0.6994,0.0,0.34
173615.0,0.7,0.7,0.7023,0.01,0.35
173616.0,0.7,0.7,0.7023,0.01,0.35
173617.0,0.7,0.7,0.7005,0.01,0.35
173618.0,0.7,0.7,0.7284,0.12,0.46
173619.0,0.7,0.7,0.7023,0.02,0.36
173620.0,0.7,0.7,0.7089,0.05,0.39
173621.0,0.7,0.7,0.7045,0.03,0.37
173622.0,0.7,0.7,0.703,0.03,0.37
173623.0,0.7,0.7,0.7089,0.05,0.39
173624.0,0.7,0.7,0.706,0.04,0.38
173625.0,0.7,0.7,0.706,0.04,0.38
173627.0,0.7,0.7,0.6972,0.01,0.35
173628.0,0.7,0.7,0.7034,0.03,0.37
173629.0,0.7,0.7,0.7023,0.02,0.36
173630.0,0.7,0.7,0.7023,0.02,0.36
173631.0,0.7,0.7,0.6994,0.01,0.35
173632.0,0.7,0.7,0.6983,0.01,0.35
173633.0,0.7,0.7,0.7005,0.01,0.35
173634.0,0.7,0.7,0.7001,0.01,0.35
173635.0,0.7,0.7,0.6951,-0.01,-0.38
173636.0,0.7,0.7,0.6947,-0.02,-0.39
173637.0,0.7,0.7,0.7023,0.01,0.35
173638.0,0.7,0.7,0.6987,-0.0,-0.37
173639.0,0.7,0.7,0.6965,-0.01,-0.38
173640.0,0.7,0.7,0.6987,-0.0,-0.37
173641.0,0.7,0.7,0.6972,-0.01,-0.38
173642.0,0.7,0.7,0.6965,-0.01,-0.38
173644.0,0.7,0.7,0.6994,-0.0,-0.37
173645.0,0.7,0.7,0.6972,-0.01,-0.38
173646.0,0.7,0.7,0.7049,0.02,0.36
173647.0,0.7,0.7,0.7237,0.1,0.44
173648.0,0.7,0.7,0.6907,-0.03,-0.4
173649.0,0.7,0.7,0.6918,-0.03,-0.4
173650.0,0.7,0.7,0.6936,-0.03,-0.4
173651.0,0.7,0.7,0.6965,-0.02,-0.39
173652.0,0.7,0.7,0.6907,-0.04,-0.41
173653.0,0.7,0.7,0.6987,-0.01,-0.38
173654.0,0.7,0.7,0.6965,-0.02,-0.39
173655.0,0.7,0.7,0.6972,-0.02,-0.39
173656.0,0.7,0.7,0.703,0.01,0.35
173657.0,0.7,0.7,0.6951,-0.03,-0.4
173659.0,0.7,0.7,0.6962,-0.02,-0.39
173660.0,0.7,0.7,0.6936,-0.03,-0.4
173661.0,0.7,0.7,0.6965,-0.02,-0.39
173662.0,0.7,0.7,0.6994,-0.01,-0.38
173663.0,0.7,0.7,0.698,-0.02,-0.39
173664.0,0.7,0.7,0.7056,0.02,0.36
173665.0,0.7,0.7,0.7023,0.0,0.34
173666.0,0.7,0.7,0.6994,-0.01,-0.38
173667.0,0.7,0.7,0.7197,0.08,0.42
173668.0,0.7,0.7,0.7313,0.13,0.47
173669.0,0.7,0.7,0.6958,-0.0,-0.37
173670.0,0.7,0.7,0.6987,0.01,0.35
173671.0,0.7,0.7,0.6943,-0.01,-0.38
173672.0,0.7,0.7,0.7023,0.02,0.36
173673.0,0.7,0.7,0.6994,0.0,0.34
173675.0,0.7,0.7,0.6918,-0.03,-0.4
173676.0,0.7,0.7,0.6972,-0.01,-0.38
173677.0,0.7,0.7,0.7001,0.0,0.34
173678.0,0.7,0.7,0.6972,-0.01,-0.38
173679.0,0.7,0.7,0.7005,0.0,0.34
173680.0,0.7,0.7,0.698,-0.01,-0.38
173681.0,0.7,0.7,0.6987,-0.01,-0.38
173682.0,0.7,0.7,0.7052,0.02,0.36
173683.0,0.7,0.7,0.6972,-0.01,-0.38
173684.0,0.7,0.7,0.6994,-0.0,-0.37
173685.0,0.7,0.7,0.6965,-0.01,-0.38
173686.0,0.7,0.7,0.6965,-0.02,-0.39
173687.0,0.7,0.7,0.7009,0.0,0.34
173688.0,0.7,0.7,0.7052,0.02,0.36
173689.0,0.7,0.7,0.6929,-0.03,-0.4
173691.0,0.7,0.7,0.7023,0.01,0.35
173692.0,0.7,0.7,0.7016,0.01,0.35
173693.0,0.7,0.7,0.6987,-0.01,-0.38
173694.0,0.7,0.7,0.6972,-0.01,-0.38
173695.0,0.7,0.7,0.6987,-0.01,-0.38
173696.0,0.7,0.7,0.698,-0.01,-0.38
173697.0,0.7,0.7,0.6929,-0.03,-0.4
173698.0,0.7,0.7,0.7001,-0.0,-0.37
173699.0,0.7,0.7,0.6972,-0.02,-0.39
173700.0,0.7,0.7,0.698,-0.01,-0.38
173701.0,0.7,0.7,0.6994,-0.01,-0.38
173702.0,0.7,0.7,0.7023,0.0,0.34
173703.0,0.7,0.7,0.7023,0.01,0.35
173704.0,0.7,0.7,0.7023,0.01,0.35
173705.0,0.7,0.7,0.6994,-0.0,-0.37
173706.0,0.7,0.7,0.703,0.01,0.35
173708.0,0.7,0.7,0.6922,-0.03,-0.4
173709.0,0.7,0.7,0.6824,-0.08,-0.45
173710.0,0.7,0.7,0.7045,0.01,0.35
173711.0,0.7,0.7,0.7009,-0.0,-0.37
173712.0,0.7,0.7,0.7005,-0.0,-0.37
173713.0,0.7,0.7,0.7001,-0.0,-0.37
173714.0,0.7,0.7,0.7001,-0.0,-0.37
173715.0,0.7,0.7,0.6994,-0.01,-0.38
173716.0,0.7,0.7,0.7023,0.01,0.35
173717.0,0.7,0.7,0.7023,0.01,0.35
173718.0,0.7,0.7,0.6976,-0.01,-0.38
173719.0,0.7,0.7,0.6987,-0.01,-0.38
173720.0,0.7,0.7,0.7023,0.01,0.35
173721.0,0.7,0.7,0.7001,-0.0,-0.37
173723.0,0.7,0.7,0.6965,-0.02,-0.39
173724.0,0.7,0.7,0.7038,0.01,0.35
173725.0,0.7,0.7,0.6972,-0.01,-0.38
173726.0,0.7,0.7,0.7023,0.01,0.35
173727.0,0.7,0.7,0.6987,-0.01,-0.38
173728.0,0.7,0.7,0.6965,-0.02,-0.39
173729.0,0.7,0.7,0.7023,0.01,0.35
173730.0,0.7,0.7,0.6994,-0.0,-0.37
173731.0,0.7,0.7,0.7001,-0.0,-0.37
173732.0,0.7,0.7,0.703,0.01,0.35
173733.0,0.7,0.7,0.6987,-0.01,-0.38
173734.0,0.7,0.7,0.7023,0.01,0.35
173735.0,0.7,0.7,0.7052,0.02,0.36
173736.0,0.7,0.7,0.7016,0.01,0.35
173737.0,0.7,0.7,0.7045,0.02,0.36
173738.0,0.7,0.7,0.7063,0.03,0.37
173739.0,0.7,0.7,0.7009,0.01,0.35
173741.0,0.7,0.7,0.703,0.02,0.36
173742.0,0.7,0.7,0.7023,0.02,0.36
173743.0,0.7,0.7,0.7023,0.02,0.36
173744.0,0.7,0.7,0.7081,0.04,0.38
173745.0,0.7,0.7,0.7016,0.02,0.36
173746.0,0.7,0.7,0.6965,-0.01,-0.38
173747.0,0.7,0.7,0.7016,0.01,0.35
173748.0,0.7,0.7,0.7034,0.02,0.36
173749.0,0.7,0.7,0.6965,-0.01,-0.38
173750.0,0.7,0.7,0.7001,0.01,0.35
173751.0,0.7,0.7,0.7023,0.01,0.35
173752.0,0.7,0.7,0.7063,0.03,0.37
173753.0,0.7,0.7,0.7005,0.01,0.35
173754.0,0.7,0.7,0.6947,-0.02,-0.39
173755.0,0.7,0.7,0.7023,0.01,0.35
173756.0,0.7,0.7,0.7023,0.01,0.35
173757.0,0.7,0.7,0.7081,0.04,0.38
173758.0,0.7,0.7,0.7023,0.02,0.36
173759.0,0.7,0.7,0.7001,0.01,0.35
173761.0,0.7,0.7,0.6972,-0.0,-0.37
173762.0,0.7,0.7,0.6958,-0.01,-0.38
173763.0,0.7,0.7,0.7001,0.0,0.34
173764.0,0.7,0.7,0.6936,-0.02,-0.39
173765.0,0.7,0.7,0.6987,-0.0,-0.37
173766.0,0.7,0.7,0.698,-0.01,-0.38
173767.0,0.7,0.7,0.6976,-0.01,-0.38
173768.0,0.7,0.7,0.6987,-0.01,-0.38
173769.0,0.7,0.7,0.7001,-0.0,-0.37
173770.0,0.7,0.7,0.7045,0.02,0.36
173771.0,0.7,0.7,0.6893,-0.04,-0.41
173772.0,0.7,0.7,0.6969,-0.02,-0.39
173773.0,0.7,0.7,0.6976,-0.01,-0.38
173774.0,0.7,0.7,0.6994,-0.01,-0.38
173776.0,0.7,0.7,0.7001,-0.0,-0.37
173777.0,0.7,0.7,0.6972,-0.02,-0.39
173778.0,0.7,0.7,0.6936,-0.03,-0.4
173779.0,0.7,0.7,0.7023,0.0,0.34
173780.0,0.7,0.7,0.6987,-0.01,-0.38
173781.0,0.7,0.7,0.6976,-0.01,-0.38
173782.0,0.7,0.7,0.6987,-0.01,-0.38
173783.0,0.7,0.7,0.6987,-0.01,-0.38
173784.0,0.7,0.7,0.6994,-0.01,-0.38
173785.0,0.7,0.7,0.6987,-0.01,-0.38
173786.0,0.7,0.7,0.6994,-0.01,-0.38
173787.0,0.7,0.7,0.706,0.02,0.36
173788.0,0.7,0.7,0.6976,-0.01,-0.38
173789.0,0.7,0.7,0.7089,0.03,0.37
173791.0,0.7,0.7,0.6987,-0.01,-0.38
173792.0,0.7,0.7,0.6972,-0.01,-0.38
173793.0,0.7,0.7,0.7081,0.03,0.37
173794.0,0.7,0.7,0.7009,0.01,0.35
173795.0,0.7,0.7,0.6943,-0.02,-0.39
173796.0,0.7,0.7,0.7005,0.0,0.34
173797.0,0.7,0.7,0.7023,0.01,0.35
173798.0,0.7,0.7,0.7027,0.01,0.35
173799.0,0.7,0.7,0.7023,0.01,0.35
173800.0,0.7,0.7,0.7005,0.0,0.34
173801.0,0.7,0.7,0.703,0.01,0.35
173802.0,0.7,0.7,0.7005,0.01,0.35
173803.0,0.7,0.7,0.6958,-0.01,-0.38
173804.0,0.7,0.7,0.7023,0.01,0.35
173805.0,0.7,0.7,0.6867,-0.05,-0.42
173806.0,0.7,0.7,0.7023,0.01,0.35
173807.0,0.7,0.7,0.6936,-0.03,-0.4
173809.0,0.7,0.7,0.6994,-0.01,-0.38
173810.0,0.7,0.7,0.7074,0.03,0.37
173811.0,0.7,0.7,0.7045,0.02,0.36
173812.0,0.7,0.7,0.7005,0.0,0.34
173813.0,0.7,0.7,0.6951,-0.02,-0.39
173814.0,0.7,0.7,0.7001,-0.0,-0.37
173815.0,0.7,0.7,0.7023,0.01,0.35
173816.0,0.7,0.7,0.6965,-0.01,-0.38
173817.0,0.7,0.7,0.703,0.01,0.35
173818.0,0.7,0.7,0.7005,0.0,0.34
173819.0,0.7,0.7,0.6827,-0.07,-0.44
173820.0,0.7,0.7,0.703,0.01,0.35
173821.0,0.7,0.7,0.7052,0.02,0.36
173822.0,0.7,0.7,0.686,-0.06,-0.43
173823.0,0.7,0.7,0.7001,-0.01,-0.38
173824.0,0.7,0.7,0.7023,0.0,0.34
173826.0,0.7,0.7,0.6976,-0.01,-0.38
173827.0,0.7,0.7,0.703,0.01,0.35
173828.0,0.7,0.7,0.7045,0.02,0.36
173829.0,0.7,0.7,0.706,0.02,0.36
173830.0,0.7,0.7,0.7118,0.05,0.39
173831.0,0.7,0.7,0.7005,0.01,0.35
173832.0,0.7,0.7,0.6965,-0.01,-0.38
173833.0,0.7,0.7,0.7045,0.02,0.36
173834.0,0.7,0.7,0.706,0.03,0.37
173835.0,0.7,0.7,0.6943,-0.02,-0.39
173836.0,0.7,0.7,0.7023,0.01,0.35
173837.0,0.7,0.7,0.6994,0.0,0.34
173838.0,0.7,0.7,0.6965,-0.01,-0.38
173839.0,0.7,0.7,0.7005,0.0,0.34
173840.0,0.7,0.7,0.6929,-0.03,-0.4
173841.0,0.7,0.7,0.7001,-0.0,-0.37
173842.0,0.7,0.7,0.7023,0.01,0.35
173843.0,0.7,0.7,0.7045,0.02,0.36
173845.0,0.7,0.7,0.703,0.01,0.35
173846.0,0.7,0.7,0.7321,0.13,0.47
173847.0,0.7,0.7,0.6991,0.01,0.35
173848.0,0.7,0.7,0.7001,0.01,0.35
173849.0,0.7,0.7,0.6943,-0.01,-0.38
173850.0,0.7,0.7,0.7034,0.02,0.36
173851.0,0.7,0.7,0.7023,0.02,0.36
173852.0,0.7,0.7,0.6994,0.01,0.35
173853.0,0.7,0.7,0.7005,0.01,0.35
173854.0,0.7,0.7,0.7001,0.01,0.35
173855.0,0.7,0.7,0.7001,0.01,0.35
173856.0,0.7,0.7,0.6987,0.0,0.34
173857.0,0.7,0.7,0.7016,0.01,0.35
173858.0,0.7,0.7,0.703,0.02,0.36
173859.0,0.7,0.7,0.6943,-0.02,-0.39
173860.0,0.7,0.7,0.6965,-0.01,-0.38
173861.0,0.7,0.7,0.6958,-0.02,-0.39
173862.0,0.7,0.7,0.6994,-0.0,-0.37
173864.0,0.7,0.7,0.6994,-0.0,-0.37
173865.0,0.7,0.7,0.7023,0.01,0.35
173866.0,0.7,0.7,0.7045,0.02,0.36
173867.0,0.7,0.7,0.6994,-0.0,-0.37
173868.0,0.7,0.7,0.7001,0.0,0.34
173869.0,0.7,0.7,0.6947,-0.02,-0.39
173870.0,0.7,0.7,0.7016,0.01,0.35
173871.0,0.7,0.7,0.7118,0.05,0.39
173872.0,0.7,0.7,0.703,0.02,0.36
173873.0,0.7,0.7,0.7001,0.01,0.35
173874.0,0.7,0.7,0.698,-0.0,-0.37
173875.0,0.7,0.7,0.6936,-0.02,-0.39
173876.0,0.7,0.7,0.7118,0.05,0.39
173877.0,0.7,0.7,0.7001,0.01,0.35
173878.0,0.7,0.7,0.6987,-0.0,-0.37
173879.0,0.7,0.7,0.6987,-0.0,-0.37
173880.0,0.7,0.7,0.7266,0.11,0.45
173882.0,0.7,0.7,0.6994,0.01,0.35
173883.0,0.7,0.7,0.7081,0.04,0.38
173884.0,0.7,0.7,0.6994,0.01,0.35
173885.0,0.7,0.7,0.6994,0.01,0.35
173886.0,0.7,0.7,0.6943,-0.01,-0.38
173887.0,0.7,0.7,0.6943,-0.02,-0.39
173888.0,0.7,0.7,0.6972,-0.01,-0.38
173889.0,0.7,0.7,0.6972,-0.01,-0.38
173890.0,0.7,0.7,0.6987,-0.0,-0.37
173891.0,0.7,0.7,0.6976,-0.01,-0.38
173892.0,0.7,0.7,0.7001,0.0,0.34
173893.0,0.7,0.7,0.706,0.02,0.36
173894.0,0.7,0.7,0.6987,-0.0,-0.37
173895.0,0.7,0.7,0.7001,0.0,0.34
173896.0,0.7,0.7,0.6976,-0.01,-0.38
173898.0,0.7,0.7,0.6943,-0.02,-0.39
173899.0,0.7,0.7,0.7052,0.02,0.36
173900.0,0.7,0.7,0.7089,0.04,0.38
173901.0,0.7,0.7,0.7052,0.03,0.37
173902.0,0.7,0.7,0.7023,0.01,0.35
173903.0,0.7,0.7,0.6965,-0.01,-0.38
173904.0,0.7,0.7,0.7001,0.0,0.34
173905.0,0.7,0.7,0.6965,-0.01,-0.38
173906.0,0.7,0.7,0.6994,-0.0,-0.37
173907.0,0.7,0.7,0.6987,-0.0,-0.37
173908.0,0.7,0.7,0.7001,0.0,0.34
173909.0,0.7,0.7,0.6972,-0.01,-0.38
173910.0,0.7,0.7,0.7023,0.01,0.35
173911.0,0.7,0.7,0.6943,-0.02,-0.39
173912.0,0.7,0.7,0.7005,0.0,0.34
173913.0,0.7,0.7,0.6936,-0.03,-0.4
173914.0,0.7,0.7,0.703,0.01,0.35
173916.0,0.7,0.7,0.7089,0.03,0.37
173917.0,0.7,0.7,0.7001,0.0,0.34
173918.0,0.7,0.7,0.6976,-0.01,-0.38
173919.0,0.7,0.7,0.6969,-0.01,-0.38
173920.0,0.7,0.7,0.6987,-0.01,-0.38
173921.0,0.7,0.7,0.7023,0.01,0.35
173922.0,0.7,0.7,0.7067,0.03,0.37
173923.0,0.7,0.7,0.6965,-0.01,-0.38
173924.0,0.7,0.7,0.6965,-0.01,-0.38
173925.0,0.7,0.7,0.7052,0.02,0.36
173926.0,0.7,0.7,0.7023,0.01,0.35
173927.0,0.7,0.7,0.6994,-0.0,-0.37
173928.0,0.7,0.7,0.6965,-0.01,-0.38
173929.0,0.7,0.7,0.6972,-0.01,-0.38
173930.0,0.7,0.7,0.6871,-0.05,-0.42
173932.0,0.7,0.7,0.6987,-0.01,-0.38
173933.0,0.7,0.7,0.6994,-0.01,-0.38
173934.0,0.7,0.7,0.6972,-0.02,-0.39
173935.0,0.7,0.7,0.6987,-0.01,-0.38
173936.0,0.7,0.7,0.6994,-0.01,-0.38
173937.0,0.7,0.7,0.698,-0.01,-0.38
173938.0,0.7,0.7,0.6994,-0.01,-0.38
173939.0,0.7,0.7,0.7001,-0.0,-0.37
173940.0,0.7,0.7,0.6994,-0.01,-0.38
173941.0,0.7,0.7,0.7049,0.02,0.36
173942.0,0.7,0.7,0.6972,-0.01,-0.38
173943.0,0.7,0.7,0.7023,0.01,0.35
173944.0,0.7,0.7,0.7038,0.01,0.35
173946.0,0.7,0.7,0.7081,0.03,0.37
173947.0,0.7,0.7,0.7165,0.07,0.41
173948.0,0.7,0.7,0.6994,0.01,0.35
173949.0,0.7,0.7,0.6972,-0.0,-0.37
173950.0,0.7,0.7,0.7001,0.01,0.35
173951.0,0.7,0.7,0.6965,-0.01,-0.38
173952.0,0.7,0.7,0.7001,0.0,0.34
173953.0,0.7,0.7,0.7045,0.02,0.36
173954.0,0.7,0.7,0.6994,0.0,0.34
173955.0,0.7,0.7,0.7001,0.0,0.34
173956.0,0.7,0.7,0.7023,0.01,0.35
173957.0,0.7,0.7,0.7023,0.01,0.35
173958.0,0.7,0.7,0.7001,0.0,0.34
173959.0,0.7,0.7,0.6943,-0.02,-0.39
173960.0,0.7,0.7,0.6965,-0.01,-0.38
173961.0,0.7,0.7,0.6965,-0.01,-0.38
173962.0,0.7,0.7,0.7023,0.01,0.35
173963.0,0.7,0.7,0.7023,0.01,0.35
173965.0,0.7,0.7,0.653,-0.19,-0.56
173966.0,0.7,0.7,0.703,-0.0,-0.37
173967.0,0.7,0.7,0.6994,-0.02,-0.39
173968.0,0.7,0.7,0.7045,0.01,0.35
173969.0,0.7,0.7,0.6965,-0.02,-0.39
173970.0,0.7,0.7,0.6994,-0.01,-0.38
173971.0,0.7,0.7,0.703,0.0,0.34
173972.0,0.7,0.7,0.7001,-0.01,-0.38
173973.0,0.7,0.7,0.7001,-0.01,-0.38
173974.0,0.7,0.7,0.6972,-0.02,-0.39
173975.0,0.7,0.7,0.703,0.01,0.35
173976.0,0.7,0.7,0.703,0.01,0.35
173977.0,0.7,0.7,0.6987,-0.01,-0.38
173978.0,0.7,0.7,0.7016,0.0,0.34
173979.0,0.7,0.7,0.6994,-0.0,-0.37
173981.0,0.7,0.7,0.7023,0.01,0.35
173982.0,0.7,0.7,0.6889,-0.05,-0.42
173983.0,0.7,0.7,0.7045,0.01,0.35
173984.0,0.7,0.7,0.7016,0.0,0.34
173985.0,0.7,0.7,0.6994,-0.0,-0.37
173986.0,0.7,0.7,0.7001,-0.0,-0.37
173987.0,0.7,0.7,0.7023,0.01,0.35
173988.0,0.7,0.7,0.698,-0.01,-0.38
173989.0,0.7,0.7,0.6965,-0.02,-0.39
173990.0,0.7,0.7,0.7005,-0.0,-0.37
173991.0,0.7,0.7,0.6936,-0.03,-0.4
173992.0,0.7,0.7,0.6994,-0.01,-0.38
173993.0,0.7,0.7,0.6994,-0.01,-0.38
173994.0,0.7,0.7,0.7023,0.01,0.35
173995.0,0.7,0.7,0.7045,0.02,0.36
173996.0,0.7,0.7,0.6798,-0.08,-0.45
173998.0,0.7,0.7,0.7081,0.03,0.37
173999.0,0.7,0.7,0.6965,-0.02,-0.39
174000.0,-0.7,-0.7,0.6791,5.69,6.03
174001.0,-0.7,-0.7,0.7023,6.25,6.59
174002.0,-0.7,-0.7,0.6987,6.67,7.01
174003.0,-0.7,-0.7,0.6994,7.06,7.4
174004.0,-0.7,-0.7,0.7001,7.42,7.76
174005.0,-0.7,-0.7,0.6972,7.73,8.07
174006.0,-0.7,-0.7,0.698,8.03,8.37
174007.0,-0.7,-0.7,0.6914,8.27,8.61
174008.0,-0.7,-0.7,0.686,8.49,8.83
174009.0,-0.7,-0.7,0.6856,8.71,9.05
174010.0,-0.7,-0.7,0.6856,8.91,9.25
174012.0,-0.7,-0.7,0.6773,9.06,9.4
174013.0,-0.7,-0.7,0.6697,9.19,9.53
174014.0,-0.7,-0.7,0.6646,9.31,9.65
174015.0,-0.7,-0.7,0.661,9.43,9.77
174016.0,-0.7,-0.7,0.6559,9.53,9.87
174017.0,-0.7,-0.7,0.6501,9.61,9.95
174018.0,-0.7,-0.7,0.6363,9.64,9.98
174019.0,-0.7,-0.7,0.629,9.7,10.04
174020.0,-0.7,-0.7,0.6276,9.76,10.1
174021.0,-0.7,-0.7,0.6777,10.03,10.37
174022.0,-0.7,-0.7,0.6095,9.83,10.17
174023.0,-0.7,-0.7,0.6091,9.87,10.21
174025.0,-0.7,-0.7,0.5978,9.87,10.21
174026.0,-0.7,-0.7,0.587,9.85,10.19
174027.0,-0.7,-0.7,0.5797,9.85,10.19
174028.0,-0.7,-0.7,0.5768,9.86,10.2
174029.0,-0.7,-0.7,0.5659,9.84,10.18
174030.0,-0.7,-0.7,0.5554,9.81,10.15
174031.0,-0.7,-0.7,0.5492,9.79,10.13
174032.0,-0.7,-0.7,0.5438,9.77,10.11
174033.0,-0.7,-0.7,0.5108,9.64,9.98
174034.0,-0.7,-0.7,0.5206,9.68,10.02
174035.0,-0.7,-0.7,0.5111,9.63,9.97
174036.0,-0.7,-0.7,0.5028,9.59,9.93
174038.0,-0.7,-0.7,0.4905,9.53,9.87
174039.0,-0.7,-0.7,0.4847,9.5,9.84
174040.0,-0.7,-0.7,0.4738,9.44,9.78
174041.0,-0.7,-0.7,0.4614,9.37,9.71
174042.0,-0.7,-0.7,0.4564,9.33,9.67
174043.0,-0.7,-0.7,0.4448,9.27,9.61
174044.0,-0.7,-0.7,0.4364,9.21,9.55
174045.0,-0.7,-0.7,0.4277,9.15,9.49
174046.0,-0.7,-0.7,0.4165,9.09,9.43
174047.0,-0.7,-0.7,0.4074,9.02,9.36
174048.0,-0.7,-0.7,0.4005,8.97,9.31
174049.0,-0.7,-0.7,0.3954,8.92,9.26
174051.0,-0.7,-0.7,0.3831,8.85,9.19
174052.0,-0.7,-0.7,0.362,8.73,9.07
174053.0,-0.7,-0.7,0.357,8.68,9.02
174054.0,-0.7,-0.7,0.3454,8.6,8.94
174055.0,-0.7,-0.7,0.349,8.59,8.93
174056.0,-0.7,-0.7,0.3221,8.45,8.79
174057.0,-0.7,-0.7,0.312,8.37,8.71
174058.0,-0.7,-0.7,0.304,8.31,8.65
174059.0,-0.7,-0.7,0.2909,8.22,8.56
174060.0,-0.7,-0.7,0.2931,8.19,8.53
174061.0,-0.7,-0.7,0.2706,8.07,8.41
174062.0,-0.7,-0.7,0.2706,8.03,8.37
174064.0,-0.7,-0.7,0.2438,7.89,8.23
174065.0,-0.7,-0.7,0.2362,7.82,8.16
174066.0,-0.7,-0.7,0.2293,7.75,8.09
174067.0,-0.7,-0.7,0.2391,7.75,8.09
174068.0,-0.7,-0.7,0.2126,7.61,7.95
174069.0,-0.7,-0.7,0.2002,7.53,7.87
174070.0,-0.7,-0.7,0.1868,7.43,7.77
174071.0,-0.7,-0.7,0.1778,7.36,7.7
174072.0,-0.7,-0.7,0.1654,7.27,7.61
174073.0,-0.7,-0.7,0.1451,7.14,7.48
174074.0,-0.7,-0.7,0.1444,7.1,7.44
174075.0,-0.7,-0.7,0.1335,7.02,7.36
174077.0,-0.7,-0.7,0.1168,6.91,7.25
174078.0,-0.7,-0.7,0.1161,6.86,7.2
174079.0,-0.7,-0.7,0.094,6.73,7.07
174080.0,-0.7,-0.7,0.0878,6.67,7.01
174081.0,-0.7,-0.7,0.0784,6.59,6.93
174082.0,-0.7,-0.7,0.0667,6.5,6.84
174083.0,-0.7,-0.7,0.0562,6.42,6.76
174084.0,-0.7,-0.7,0.0428,6.32,6.66
174085.0,-0.7,-0.7,0.0348,6.25,6.59
174086.0,-0.7,-0.7,0.021,6.15,6.49
174087.0,-0.7,-0.7,0.0127,6.08,6.42
174088.0,-0.7,-0.7,-0.0007,5.98,6.32
174090.0,-0.7,-0.7,-0.0116,5.89,6.23
174091.0,-0.7,-0.7,-0.0221,5.81,6.15
174092.0,-0.7,-0.7,-0.0385,5.7,6.04
174093.0,-0.7,-0.7,-0.0435,5.64,5.98
174094.0,-0.7,-0.7,-0.0522,5.56,5.9
174095.0,-0.7,-0.7,-0.0675,5.46,5.8
174096.0,-0.7,-0.7,-0.0776,5.37,5.71
174097.0,-0.7,-0.7,-0.0863,5.3,5.64
174098.0,-0.7,-0.7,-0.1005,5.2,5.54
174099.0,-0.7,-0.7,-0.1154,5.09,5.43
174100.0,-0.7,-0.7,-0.1259,5.01,5.35
174102.0,-0.7,-0.7,-0.1458,4.88,5.22
174103.0,-0.7,-0.7,-0.1451,4.84,5.18
174104.0,-0.7,-0.7,-0.1567,4.75,5.09
174105.0,-0.7,-0.7,-0.1662,4.67,5.01
174106.0,-0.7,-0.7,-0.177,4.59,4.93
174107.0,-0.7,-0.7,-0.1818,4.53,4.87
174108.0,-0.7,-0.7,-0.1966,4.42,4.76
174109.0,-0.7,-0.7,-0.2206,4.29,4.63
174110.0,-0.7,-0.7,-0.2213,4.24,4.58
174112.0,-0.7,-0.7,-0.238,4.13,4.47
174113.0,-0.7,-0.7,-0.2438,4.06,4.4
174114.0,-0.7,-0.7,-0.2576,3.96,4.3
174115.0,-0.7,-0.7,-0.2634,3.9,4.24
174116.0,-0.7,-0.7,-0.2728,3.82,4.16
174117.0,-0.7,-0.7,-0.2837,3.73,4.07
174118.0,-0.7,-0.7,-0.2576,3.8,4.14
174119.0,-0.7,-0.7,-0.2685,3.73,4.07
174120.0,-0.7,-0.7,-0.3446,3.38,3.72
174121.0,-0.7,-0.7,-0.3221,3.43,3.77
174123.0,-0.7,-0.7,-0.3243,3.38,3.72
174124.0,-0.7,-0.7,-0.386,3.09,3.43
174125.0,-0.7,-0.7,-0.3515,3.17,3.51
174126.0,-0.7,-0.7,-0.3628,3.09,3.43
174127.0,-0.7,-0.7,-0.3686,3.03,3.37
174128.0,-0.7,-0.7,-0.3773,2.95,3.29
174129.0,-0.7,-0.7,-0.3889,2.87,3.21
174130.0,-0.7,-0.7,-0.3983,2.79,3.13
174131.0,-0.7,-0.7,-0.4284,2.63,2.97
174132.0,-0.7,-0.7,-0.4056,2.68,3.02
174134.0,-0.7,-0.7,-0.4201,2.59,2.93
174135.0,-0.7,-0.7,-0.4404,2.47,2.81
174136.0,-0.7,-0.7,-0.4382,2.44,2.78
174137.0,-0.7,-0.7,-0.4397,2.4,2.74
174138.0,-0.7,-0.7,-0.4527,2.32,2.66
174139.0,-0.7,-0.7,-0.4585,2.26,2.6
174140.0,-0.7,-0.7,-0.4636,2.21,2.55
174141.0,-0.7,-0.7,-0.476,2.13,2.47
174142.0,-0.7,-0.7,-0.489,2.04,2.38
174143.0,-0.7,-0.7,-0.4901,2.0,2.34
174145.0,-0.7,-0.7,-0.4905,1.97,2.31
174146.0,-0.7,-0.7,-0.476,2.0,2.34
174147.0,-0.7,-0.7,-0.5173,1.81,2.15
174148.0,-0.7,-0.7,-0.5144,1.79,2.13
174149.0,-0.7,-0.7,-0.5217,1.73,2.07
174150.0,-0.7,-0.7,-0.5304,1.67,2.01
174151.0,-0.7,-0.7,-0.534,1.62,1.96
174152.0,-0.7,-0.7,-0.5507,1.52,1.86
174153.0,-0.7,-0.7,-0.5463,1.51,1.85
174154.0,-0.7,-0.7,-0.5536,1.46,1.8
174156.0,-0.7,-0.7,-0.5576,1.41,1.75
174157.0,-0.7,-0.7,-0.5667,1.35,1.69
174158.0,-0.7,-0.7,-0.5793,1.27,1.61
174159.0,-0.7,-0.7,-0.5674,1.29,1.63
174160.0,-0.7,-0.7,-0.5855,1.19,1.53
174161.0,-0.7,-0.7,-0.5848,1.17,1.51
174162.0,-0.7,-0.7,-0.571,1.2,1.54
174163.0,-0.7,-0.7,-0.5942,1.09,1.43
174164.0,-0.7,-0.7,-0.5993,1.05,1.39
174165.0,-0.7,-0.7,-0.6029,1.01,1.35
174167.0,-0.7,-0.7,-0.6116,0.95,1.29
174168.0,-0.7,-0.7,-0.6116,0.93,1.27
174169.0,-0.7,-0.7,-0.62,0.87,1.21
174170.0,-0.7,-0.7,-0.6182,0.86,1.2
174171.0,-0.7,-0.7,-0.6269,0.81,1.15
174172.0,-0.7,-0.7,-0.6312,0.77,1.11
174173.0,-0.7,-0.7,-0.6261,0.77,1.11
174174.0,-0.7,-0.7,-0.6385,0.7,1.04
174175.0,-0.7,-0.7,-0.6367,0.69,1.03
174176.0,-0.7,-0.7,-0.6356,0.68,1.02
174178.0,-0.7,-0.7,-0.6465,0.62,0.96
174179.0,-0.7,-0.7,-0.6501,0.58,0.92
174180.0,-0.7,-0.7,-0.6537,0.55,0.89
174181.0,-0.7,-0.7,-0.6584,0.52,0.86
174182.0,-0.7,-0.7,-0.6635,0.48,0.82
174183.0,-0.7,-0.7,-0.6737,0.42,0.76
174184.0,-0.7,-0.7,-0.669,0.42,0.76
174185.0,-0.7,-0.7,-0.6675,0.41,0.75
174186.0,-0.7,-0.7,-0.6711,0.38,0.72
174187.0,-0.7,-0.7,-0.6871,0.3,0.64
174188.0,-0.7,-0.7,-0.6784,0.32,0.66
174190.0,-0.7,-0.7,-0.6856,0.28,0.62
174191.0,-0.7,-0.7,-0.6733,0.31,0.65
174192.0,-0.7,-0.7,-0.6965,0.21,0.55
174193.0,-0.7,-0.7,-0.6849,0.24,0.58
174194.0,-0.7,-0.7,-0.6827,0.24,0.58
174195.0,-0.7,-0.7,-0.6954,0.18,0.52
174196.0,-0.7,-0.7,-0.6907,0.18,0.52
174197.0,-0.7,-0.7,-0.6871,0.19,0.53
174198.0,-0.7,-0.7,-0.6929,0.16,0.5
174199.0,-0.7,-0.7,-0.7009,0.11,0.45
174201.0,-0.7,-0.7,-0.7056,0.08,0.42
174202.0,-0.7,-0.7,-0.7157,0.03,0.37
174203.0,-0.7,-0.7,-0.7045,0.06,0.4
174204.0,-0.7,-0.7,-0.7081,0.04,0.38
174205.0,-0.7,-0.7,-0.7125,0.01,0.35
174206.0,-0.7,-0.7,-0.711,0.01,0.35
174207.0,-0.7,-0.7,-0.7121,-0.0,-0.37
174208.0,-0.7,-0.7,-0.719,-0.04,-0.41
174209.0,-0.7,-0.7,-0.7248,-0.07,-0.44
174210.0,-0.7,-0.7,-0.7139,-0.04,-0.41
174212.0,-0.7,-0.7,-0.7303,-0.11,-0.48
174213.0,-0.7,-0.7,-0.7187,-0.08,-0.45
174214.0,-0.7,-0.7,-0.7197,-0.09,-0.46
174215.0,-0.7,-0.7,-0.7161,-0.08,-0.45
174216.0,-0.7,-0.7,-0.719,-0.1,-0.47
174217.0,-0.7,-0.7,-0.7219,-0.11,-0.48
174218.0,-0.7,-0.7,-0.7292,-0.15,-0.52
174219.0,-0.7,-0.7,-0.7237,-0.13,-0.5
174221.0,-0.7,-0.7,-0.7194,-0.12,-0.49
174222.0,-0.7,-0.7,-0.723,-0.14,-0.51
174223.0,-0.7,-0.7,-0.7147,-0.11,-0.48
174224.0,-0.7,-0.7,-0.7248,-0.15,-0.52
174225.0,-0.7,-0.7,-0.7216,-0.14,-0.51
174226.0,-0.7,-0.7,-0.7143,-0.11,-0.48
174227.0,-0.7,-0.7,-0.7168,-0.12,-0.49
174228.0,-0.7,-0.7,-0.7187,-0.13,-0.5
174230.0,-0.7,-0.7,-0.7205,-0.14,-0.51
174231.0,-0.7,-0.7,-0.7219,-0.15,-0.52
174232.0,-0.7,-0.7,-0.7234,-0.16,-0.53
174233.0,-0.7,-0.7,-0.7208,-0.15,-0.52
174234.0,-0.7,-0.7,-0.7234,-0.16,-0.53
174235.0,-0.7,-0.7,-0.7241,-0.17,-0.54
174236.0,-0.7,-0.7,-0.7205,-0.15,-0.52
174237.0,-0.7,-0.7,-0.7205,-0.15,-0.52
174239.0,-0.7,-0.7,-0.7096,-0.11,-0.48
174240.0,-0.7,-0.7,-0.723,-0.16,-0.53
174241.0,-0.7,-0.7,-0.7274,-0.18,-0.55
174242.0,-0.7,-0.7,-0.719,-0.15,-0.52
174243.0,-0.7,-0.7,-0.7219,-0.16,-0.53
174244.0,-0.7,-0.7,-0.7205,-0.16,-0.53
174245.0,-0.7,-0.7,-0.7176,-0.15,-0.52
174246.0,-0.7,-0.7,-0.7248,-0.17,-0.54
174248.0,-0.7,-0.7,-0.7241,-0.17,-0.54
174249.0,-0.7,-0.7,-0.7205,-0.16,-0.53
174250.0,-0.7,-0.7,-0.7132,-0.13,-0.5
174251.0,-0.7,-0.7,-0.7172,-0.14,-0.51
174252.0,-0.7,-0.7,-0.7161,-0.14,-0.51
174253.0,-0.7,-0.7,-0.7176,-0.14,-0.51
174254.0,-0.7,-0.7,-0.7147,-0.13,-0.5
174255.0,-0.7,-0.7,-0.7143,-0.13,-0.5
174257.0,-0.7,-0.7,-0.719,-0.15,-0.52
174258.0,-0.7,-0.7,-0.7125,-0.12,-0.49
174259.0,-0.7,-0.7,-0.7103,-0.11,-0.48
174260.0,-0.7,-0.7,-0.711,-0.11,-0.48
174261.0,-0.7,-0.7,-0.7081,-0.1,-0.47
174262.0,-0.7,-0.7,-0.7081,-0.09,-0.46
174263.0,-0.7,-0.7,-0.7099,-0.1,-0.47
174264.0,-0.7,-0.7,-0.7132,-0.11,-0.48
174266.0,-0.7,-0.7,-0.7016,-0.06,-0.43
174267.0,-0.7,-0.7,-0.7052,-0.07,-0.44
174268.0,-0.7,-0.7,-0.7081,-0.08,-0.45
174269.0,-0.7,-0.7,-0.7092,-0.08,-0.45
174270.0,-0.7,-0.7,-0.7179,-0.12,-0.49
174271.0,-0.7,-0.7,-0.7081,-0.08,-0.45
174272.0,-0.7,-0.7,-0.698,-0.04,-0.41
174273.0,-0.7,-0.7,-0.6965,-0.03,-0.4
174275.0,-0.7,-0.7,-0.6994,-0.03,-0.4
174276.0,-0.7,-0.7,-0.698,-0.02,-0.39
174277.0,-0.7,-0.7,-0.6994,-0.03,-0.4
174278.0,-0.7,-0.7,-0.7049,-0.05,-0.42
174279.0,-0.7,-0.7,-0.706,-0.05,-0.42
174280.0,-0.7,-0.7,-0.6987,-0.02,-0.39
174281.0,-0.7,-0.7,-0.6976,-0.01,-0.38
174282.0,-0.7,-0.7,-0.6983,-0.01,-0.38
174284.0,-0.7,-0.7,-0.7052,-0.04,-0.41
174285.0,-0.7,-0.7,-0.6972,-0.01,-0.38
174286.0,-0.7,-0.7,-0.6958,0.0,0.34
174287.0,-0.7,-0.7,-0.6958,0.01,0.35
174288.0,-0.7,-0.7,-0.6871,0.04,0.38
174289.0,-0.7,-0.7,-0.6835,0.06,0.4
174290.0,-0.7,-0.7,-0.6972,0.01,0.35
174291.0,-0.7,-0.7,-0.6958,0.02,0.36
174292.0,-0.7,-0.7,-0.6936,0.03,0.37
174293.0,-0.7,-0.7,-0.6954,0.02,0.36
174295.0,-0.7,-0.7,-0.6943,0.03,0.37
174296.0,-0.7,-0.7,-0.7016,0.0,0.34
174297.0,-0.7,-0.7,-0.6929,0.04,0.38
174298.0,-0.7,-0.7,-0.6925,0.04,0.38
174299.0,-0.7,-0.7,-0.6849,0.07,0.41
174300.0,-0.7,-0.7,-0.6907,0.05,0.39
174301.0,-0.7,-0.7,-0.6954,0.03,0.37
174302.0,-0.7,-0.7,-0.6904,0.06,0.4
174303.0,-0.7,-0.7,-0.6704,0.14,0.48
174304.0,-0.7,-0.7,-0.6943,0.05,0.39
174305.0,-0.7,-0.7,-0.6922,0.06,0.4
174307.0,-0.7,-0.7,-0.7161,-0.04,-0.41
174308.0,-0.7,-0.7,-0.7078,-0.01,-0.38
174309.0,-0.7,-0.7,-0.7034,0.0,0.34
174310.0,-0.7,-0.7,-0.6972,0.02,0.36
174311.0,-0.7,-0.7,-0.6958,0.03,0.37
174312.0,-0.7,-0.7,-0.6929,0.04,0.38
174313.0,-0.7,-0.7,-0.6896,0.06,0.4
174314.0,-0.7,-0.7,-0.6885,0.06,0.4
174315.0,-0.7,-0.7,-0.6954,0.04,0.38
174316.0,-0.7,-0.7,-0.6936,0.04,0.38
174318.0,-0.7,-0.7,-0.6947,0.04,0.38
174319.0,-0.7,-0.7,-0.6972,0.03,0.37
174320.0,-0.7,-0.7,-0.6951,0.04,0.38
174321.0,-0.7,-0.7,-0.6958,0.04,0.38
174322.0,-0.7,-0.7,-0.6965,0.03,0.37
174323.0,-0.7,-0.7,-0.6976,0.03,0.37
174324.0,-0.7,-0.7,-0.6943,0.04,0.38
174325.0,-0.7,-0.7,-0.6987,0.02,0.36
174326.0,-0.7,-0.7,-0.6987,0.02,0.36
174327.0,-0.7,-0.7,-0.6951,0.04,0.38
174328.0,-0.7,-0.7,-0.6842,0.08,0.42
174330.0,-0.7,-0.7,-0.7009,0.02,0.36
174331.0,-0.7,-0.7,-0.698,0.03,0.37
174332.0,-0.7,-0.7,-0.7103,-0.03,-0.4
174333.0,-0.7,-0.7,-0.6972,0.02,0.36
174334.0,-0.7,-0.7,-0.6929,0.04,0.38
174335.0,-0.7,-0.7,-0.7118,-0.04,-0.41
174336.0,-0.7,-0.7,-0.7023,-0.0,-0.37
174337.0,-0.7,-0.7,-0.7023,-0.0,-0.37
174338.0,-0.7,-0.7,-0.6972,0.02,0.36
174339.0,-0.7,-0.7,-0.7041,-0.01,-0.38
174341.0,-0.7,-0.7,-0.7016,-0.0,-0.37
174342.0,-0.7,-0.7,-0.7415,-0.17,-0.54
174343.0,-0.7,-0.7,-0.7139,-0.07,-0.44
174344.0,-0.7,-0.7,-0.7099,-0.06,-0.43
174345.0,-0.7,-0.7,-0.6998,-0.02,-0.39
174346.0,-0.7,-0.7,-0.6965,-0.0,-0.37
174347.0,-0.7,-0.7,-0.6983,-0.01,-0.38
174349.0,-0.7,-0.7,-0.6994,-0.01,-0.38
174350.0,-0.7,-0.7,-0.698,-0.0,-0.37
174351.0,-0.7,-0.7,-0.7012,-0.01,-0.38
174352.0,-0.7,-0.7,-0.7012,-0.01,-0.38
174353.0,-0.7,-0.7,-0.6987,-0.0,-0.37
174354.0,-0.7,-0.7,-0.6994,-0.0,-0.37
174355.0,-0.7,-0.7,-0.6998,-0.01,-0.38
174356.0,-0.7,-0.7,-0.6991,-0.0,-0.37
174358.0,-0.7,-0.7,-0.7045,-0.02,-0.39
174359.0,-0.7,-0.7,-0.7023,-0.02,-0.39
174360.0,-0.7,-0.7,-0.7045,-0.02,-0.39
174361.0,-0.7,-0.7,-0.6987,-0.0,-0.37
174362.0,-0.7,-0.7,-0.7005,-0.01,-0.38
174363.0,-0.7,-0.7,-0.6991,-0.0,-0.37
174364.0,-0.7,-0.7,-0.6951,0.02,0.36
174365.0,-0.7,-0.7,-0.6965,0.01,0.35
174366.0,-0.7,-0.7,-0.6885,0.05,0.39
174368.0,-0.7,-0.7,-0.6965,0.02,0.36
174369.0,-0.7,-0.7,-0.6994,0.01,0.35
174370.0,-0.7,-0.7,-0.6972,0.01,0.35
174371.0,-0.7,-0.7,-0.6965,0.02,0.36
174372.0,-0.7,-0.7,-0.657,0.18,0.52
174373.0,-0.7,-0.7,-0.6925,0.05,0.39
174374.0,-0.7,-0.7,-0.698,0.03,0.37
174375.0,-0.7,-0.7,-0.6987,0.02,0.36
174376.0,-0.7,-0.7,-0.6998,0.02,0.36
174377.0,-0.7,-0.7,-0.6958,0.03,0.37
174379.0,-0.7,-0.7,-0.7016,0.01,0.35
174380.0,-0.7,-0.7,-0.6958,0.03,0.37
174381.0,-0.7,-0.7,-0.7009,0.01,0.35
174382.0,-0.7,-0.7,-0.6943,0.04,0.38
174383.0,-0.7,-0.7,-0.6983,0.02,0.36
174384.0,-0.7,-0.7,-0.6954,0.03,0.37
174385.0,-0.7,-0.7,-0.6885,0.06,0.4
174386.0,-0.7,-0.7,-0.6755,0.12,0.46
174387.0,-0.7,-0.7,-0.7067,-0.0,-0.37
174388.0,-0.7,-0.7,-0.6972,0.03,0.37
174389.0,-0.7,-0.7,-0.6998,0.02,0.36
174391.0,-0.7,-0.7,-0.6994,0.02,0.36
174392.0,-0.7,-0.7,-0.6965,0.03,0.37
174393.0,-0.7,-0.7,-0.7023,0.01,0.35
174394.0,-0.7,-0.7,-0.6889,0.06,0.4
174395.0,-0.7,-0.7,-0.7038,-0.0,-0.37
174396.0,-0.7,-0.7,-0.6994,0.01,0.35
174397.0,-0.7,-0.7,-0.7016,0.01,0.35
174398.0,-0.7,-0.7,-0.6958,0.03,0.37
174399.0,-0.7,-0.7,-0.674,0.12,0.46
174400.0,-0.7,-0.7,-0.7002,0.02,0.36
174402.0,-0.7,-0.7,-0.7125,-0.03,-0.4
174403.0,-0.7,-0.7,-0.6943,0.03,0.37
174404.0,-0.7,-0.7,-0.7002,0.01,0.35
174405.0,-0.7,-0.7,-0.7016,0.0,0.34
174406.0,-0.7,-0.7,-0.6954,0.03,0.37
174407.0,-0.7,-0.7,-0.6943,0.03,0.37
174408.0,-0.7,-0.7,-0.6943,0.03,0.37
174409.0,-0.7,-0.7,-0.7099,-0.03,-0.4
174410.0,-0.7,-0.7,-0.7045,-0.01,-0.38
174411.0,-0.7,-0.7,-0.7049,-0.01,-0.38
174413.0,-0.7,-0.7,-0.711,-0.04,-0.41
174414.0,-0.7,-0.7,-0.7031,-0.01,-0.38
174415.0,-0.7,-0.7,-0.698,0.01,0.35
174416.0,-0.7,-0.7,-0.7009,-0.0,-0.37
174417.0,-0.7,-0.7,-0.7274,-0.11,-0.48
174418.0,-0.7,-0.7,-0.7005,-0.01,-0.38
174419.0,-0.7,-0.7,-0.7016,-0.02,-0.39
174420.0,-0.7,-0.7,-0.7023,-0.02,-0.39
174421.0,-0.7,-0.7,-0.7023,-0.02,-0.39
174423.0,-0.7,-0.7,-0.7067,-0.04,-0.41
174424.0,-0.7,-0.7,-0.7016,-0.02,-0.39
174425.0,-0.7,-0.7,-0.698,-0.0,-0.37
174426.0,-0.7,-0.7,-0.735,-0.15,-0.52
174427.0,-0.7,-0.7,-0.7038,-0.04,-0.41
174428.0,-0.7,-0.7,-0.6969,-0.01,-0.38
174429.0,-0.7,-0.7,-0.7023,-0.03,-0.4
174431.0,-0.7,-0.7,-0.698,-0.01,-0.38
174432.0,-0.7,-0.7,-0.6965,0.0,0.34
174433.0,-0.7,-0.7,-0.7114,-0.06,-0.43
174434.0,-0.7,-0.7,-0.7078,-0.05,-0.42
174435.0,-0.7,-0.7,-0.7074,-0.05,-0.42
174436.0,-0.7,-0.7,-0.7031,-0.03,-0.4
174437.0,-0.7,-0.7,-0.7023,-0.03,-0.4
174438.0,-0.7,-0.7,-0.7031,-0.03,-0.4
174440.0,-0.7,-0.7,-0.698,-0.01,-0.38
174441.0,-0.7,-0.7,-0.6994,-0.01,-0.38
174442.0,-0.7,-0.7,-0.7045,-0.03,-0.4
174443.0,-0.7,-0.7,-0.7049,-0.03,-0.4
174444.0,-0.7,-0.7,-0.6951,0.01,0.35
174445.0,-0.7,-0.7,-0.6947,0.01,0.35
174446.0,-0.7,-0.7,-0.6972,0.0,0.34
174447.0,-0.7,-0.7,-0.7002,-0.01,-0.38
174448.0,-0.7,-0.7,-0.6951,0.02,0.36
174450.0,-0.7,-0.7,-0.6972,0.01,0.35
174451.0,-0.7,-0.7,-0.6951,0.02,0.36
174452.0,-0.7,-0.7,-0.7382,-0.16,-0.53
174453.0,-0.7,-0.7,-0.7052,-0.03,-0.4
174454.0,-0.7,-0.7,-0.6987,-0.01,-0.38
174455.0,-0.7,-0.7,-0.6943,0.01,0.35
174456.0,-0.7,-0.7,-0.6958,0.01,0.35
174457.0,-0.7,-0.7,-0.6958,0.01,0.35
174458.0,-0.7,-0.7,-0.674,0.1,0.44
174459.0,-0.7,-0.7,-0.7023,-0.01,-0.38
174461.0,-0.7,-0.7,-0.6972,0.01,0.35
174462.0,-0.7,-0.7,-0.6983,0.01,0.35
174463.0,-0.7,-0.7,-0.6991,0.01,0.35
174464.0,-0.7,-0.7,-0.698,0.01,0.35
174465.0,-0.7,-0.7,-0.6965,0.02,0.36
174466.0,-0.7,-0.7,-0.6929,0.03,0.37
174467.0,-0.7,-0.7,-0.7099,-0.03,-0.4
174468.0,-0.7,-0.7,-0.7002,0.0,0.34
174469.0,-0.7,-0.7,-0.6998,0.0,0.34
174470.0,-0.7,-0.7,-0.6896,0.05,0.39
174472.0,-0.7,-0.7,-0.698,0.01,0.35
174473.0,-0.7,-0.7,-0.6951,0.03,0.37
174474.0,-0.7,-0.7,-0.6871,0.06,0.4
174475.0,-0.7,-0.7,-0.6864,0.07,0.41
174476.0,-0.7,-0.7,-0.7023,0.0,0.34
174477.0,-0.7,-0.7,-0.6943,0.04,0.38
174478.0,-0.7,-0.7,-0.6991,0.02,0.36
174479.0,-0.7,-0.7,-0.7016,0.01,0.35
174480.0,-0.7,-0.7,-0.6994,0.01,0.35
174481.0,-0.7,-0.7,-0.6983,0.02,0.36
174482.0,-0.7,-0.7,-0.6965,0.02,0.36
174484.0,-0.7,-0.7,-0.7023,0.0,0.34
174485.0,-0.7,-0.7,-0.7052,-0.01,-0.38
174486.0,-0.7,-0.7,-0.6983,0.01,0.35
174487.0,-0.7,-0.7,-0.7002,0.01,0.35
174488.0,-0.7,-0.7,-0.7041,-0.01,-0.38
174489.0,-0.7,-0.7,-0.7012,-0.0,-0.37
174490.0,-0.7,-0.7,-0.7031,-0.01,-0.38
174491.0,-0.7,-0.7,-0.7023,-0.01,-0.38
174492.0,-0.7,-0.7,-0.6965,0.01,0.35
174493.0,-0.7,-0.7,-0.7147,-0.06,-0.43
174495.0,-0.7,-0.7,-0.6987,0.0,0.34
174496.0,-0.7,-0.7,-0.6994,-0.0,-0.37
174497.0,-0.7,-0.7,-0.6994,0.0,0.34
174498.0,-0.7,-0.7,-0.6947,0.02,0.36
174499.0,-0.7,-0.7,-0.6965,0.01,0.35
174500.0,-0.7,-0.7,-0.7099,-0.04,-0.41
174501.0,-0.7,-0.7,-0.6856,0.06,0.4
174502.0,-0.7,-0.7,-0.7002,0.0,0.34
174503.0,-0.7,-0.7,-0.7023,-0.01,-0.38
174505.0,-0.7,-0.7,-0.7052,-0.02,-0.39
174506.0,-0.7,-0.7,-0.6581,0.17,0.51
174507.0,-0.7,-0.7,-0.6991,0.02,0.36
174508.0,-0.7,-0.7,-0.7023,0.0,0.34
174509.0,-0.7,-0.7,-0.7263,-0.1,-0.47
174510.0,-0.7,-0.7,-0.698,0.01,0.35
174511.0,-0.7,-0.7,-0.6991,0.01,0.35
174512.0,-0.7,-0.7,-0.7005,-0.0,-0.37
174513.0,-0.7,-0.7,-0.7016,-0.01,-0.38
174515.0,-0.7,-0.7,-0.698,0.01,0.35
174516.0,-0.7,-0.7,-0.7031,-0.01,-0.38
174517.0,-0.7,-0.7,-0.702,-0.01,-0.38
174518.0,-0.7,-0.7,-0.6965,0.01,0.35
174519.0,-0.7,-0.7,-0.7031,-0.01,-0.38
174520.0,-0.7,-0.7,-0.7002,-0.0,-0.37
174521.0,-0.7,-0.7,-0.7016,-0.01,-0.38
174522.0,-0.7,-0.7,-0.7002,-0.0,-0.37
174523.0,-0.7,-0.7,-0.6994,0.0,0.34
174525.0,-0.7,-0.7,-0.7038,-0.02,-0.39
174526.0,-0.7,-0.7,-0.6998,-0.0,-0.37
174527.0,-0.7,-0.7,-0.6991,0.0,0.34
174528.0,-0.7,-0.7,-0.6965,0.01,0.35
174529.0,-0.7,-0.7,-0.7031,-0.01,-0.38
174530.0,-0.7,-0.7,-0.7002,-0.0,-0.37
174531.0,-0.7,-0.7,-0.7012,-0.01,-0.38
174532.0,-0.7,-0.7,-0.6958,0.02,0.36
174533.0,-0.7,-0.7,-0.7012,-0.0,-0.37
174535.0,-0.7,-0.7,-0.7074,-0.03,-0.4
174536.0,-0.7,-0.7,-0.7393,-0.16,-0.53
174537.0,-0.7,-0.7,-0.7045,-0.03,-0.4
174538.0,-0.7,-0.7,-0.7074,-0.05,-0.42
174539.0,-0.7,-0.7,-0.6907,0.02,0.36
174540.0,-0.7,-0.7,-0.7009,-0.02,-0.39
174541.0,-0.7,-0.7,-0.7023,-0.02,-0.39
174542.0,-0.7,-0.7,-0.7016,-0.02,-0.39
174544.0,-0.7,-0.7,-0.7041,-0.03,-0.4
174545.0,-0.7,-0.7,-0.7009,-0.01,-0.38
174546.0,-0.7,-0.7,-0.7002,-0.01,-0.38
174547.0,-0.7,-0.7,-0.6994,-0.01,-0.38
174548.0,-0.7,-0.7,-0.6965,0.01,0.35
174549.0,-0.7,-0.7,-0.6972,0.0,0.34
174550.0,-0.7,-0.7,-0.7016,-0.01,-0.38
174551.0,-0.7,-0.7,-0.6958,0.01,0.35
174552.0,-0.7,-0.7,-0.7012,-0.01,-0.38
174554.0,-0.7,-0.7,-0.6987,0.0,0.34
174555.0,-0.7,-0.7,-0.6987,0.0,0.34
174556.0,-0.7,-0.7,-0.7038,-0.02,-0.39
174557.0,-0.7,-0.7,-0.698,0.01,0.35
174558.0,-0.7,-0.7,-0.711,-0.05,-0.42
174559.0,-0.7,-0.7,-0.6965,0.01,0.35
174560.0,-0.7,-0.7,-0.7052,-0.03,-0.4
174561.0,-0.7,-0.7,-0.6965,0.01,0.35
174562.0,-0.7,-0.7,-0.6965,0.01,0.35
174563.0,-0.7,-0.7,-0.6922,0.03,0.37
174565.0,-0.7,-0.7,-0.707,-0.03,-0.4
174566.0,-0.7,-0.7,-0.7056,-0.02,-0.39
174567.0,-0.7,-0.7,-0.7012,-0.01,-0.38
174568.0,-0.7,-0.7,-0.6936,0.02,0.36
174569.0,-0.7,-0.7,-0.6951,0.02,0.36
174570.0,-0.7,-0.7,-0.6962,0.02,0.36
174571.0,-0.7,-0.7,-0.711,-0.04,-0.41
174572.0,-0.7,-0.7,-0.6994,0.0,0.34
174573.0,-0.7,-0.7,-0.6987,0.0,0.34
174575.0,-0.7,-0.7,-0.6965,0.01,0.35
174576.0,-0.7,-0.7,-0.7016,-0.01,-0.38
174577.0,-0.7,-0.7,-0.6929,0.03,0.37
174578.0,-0.7,-0.7,-0.6983,0.01,0.35
174579.0,-0.7,-0.7,-0.6951,0.02,0.36
174580.0,-0.7,-0.7,-0.7041,-0.01,-0.38
174581.0,-0.7,-0.7,-0.6994,0.0,0.34
174582.0,-0.7,-0.7,-0.6965,0.02,0.36
174583.0,-0.7,-0.7,-0.6711,0.12,0.46
174584.0,-0.7,-0.7,-0.7016,0.01,0.35
174586.0,-0.7,-0.7,-0.6893,0.06,0.4
174587.0,-0.7,-0.7,-0.7027,0.0,0.34
174588.0,-0.7,-0.7,-0.7089,-0.03,-0.4
174589.0,-0.7,-0.7,-0.6947,0.03,0.37
174590.0,-0.7,-0.7,-0.6925,0.04,0.38
174591.0,-0.7,-0.7,-0.7002,0.01,0.35
174592.0,-0.7,-0.7,-0.6867,0.06,0.4
174593.0,-0.7,-0.7,-0.6925,0.04,0.38
174594.0,-0.7,-0.7,-0.6983,0.02,0.36
174595.0,-0.7,-0.7,-0.6951,0.03,0.37
174596.0,-0.7,-0.7,-0.6951,0.03,0.37
174598.0,-0.7,-0.7,-0.682,0.09,0.43
174599.0,-0.7,-0.7,-0.7121,-0.03,-0.4
174600.0,-0.7,-0.7,-0.6991,0.02,0.36
174601.0,-0.7,-0.7,-0.6951,0.03,0.37
174602.0,-0.7,-0.7,-0.6951,0.03,0.37
174603.0,-0.7,-0.7,-0.7045,-0.01,-0.38
174604.0,-0.7,-0.7,-0.6983,0.02,0.36
174605.0,-0.7,-0.7,-0.6998,0.01,0.35
174606.0,-0.7,-0.7,-0.69,0.05,0.39
174607.0,-0.7,-0.7,-0.7067,-0.02,-0.39
174609.0,-0.7,-0.7,-0.7005,0.01,0.35
174610.0,-0.7,-0.7,-0.7005,0.01,0.35
174611.0,-0.7,-0.7,-0.7002,0.01,0.35
174612.0,-0.7,-0.7,-0.7002,0.01,0.35
174613.0,-0.7,-0.7,-0.7041,-0.01,-0.38
174614.0,-0.7,-0.7,-0.6962,0.02,0.36
174615.0,-0.7,-0.7,-0.6994,0.01,0.35
174616.0,-0.7,-0.7,-0.7052,-0.02,-0.39
174617.0,-0.7,-0.7,-0.7031,-0.01,-0.38
174618.0,-0.7,-0.7,-0.7089,-0.04,-0.41
174620.0,-0.7,-0.7,-0.6994,0.0,0.34
174621.0,-0.7,-0.7,-0.7023,-0.01,-0.38
174622.0,-0.7,-0.7,-0.6994,0.0,0.34
174623.0,-0.7,-0.7,-0.7125,-0.05,-0.42
174624.0,-0.7,-0.7,-0.6871,0.05,0.39
174625.0,-0.7,-0.7,-0.6994,0.0,0.34
174626.0,-0.7,-0.7,-0.7125,-0.05,-0.42
174627.0,-0.7,-0.7,-0.7023,-0.01,-0.38
174628.0,-0.7,-0.7,-0.7041,-0.02,-0.39
174630.0,-0.7,-0.7,-0.7023,-0.02,-0.39
174631.0,-0.7,-0.7,-0.6987,-0.0,-0.37
174632.0,-0.7,-0.7,-0.7045,-0.02,-0.39
174633.0,-0.7,-0.7,-0.6994,-0.0,-0.37
174634.0,-0.7,-0.7,-0.7034,-0.02,-0.39
174635.0,-0.7,-0.7,-0.7041,-0.02,-0.39
174636.0,-0.7,-0.7,-0.7016,-0.01,-0.38
174637.0,-0.7,-0.7,-0.7052,-0.03,-0.4
174639.0,-0.7,-0.7,-0.6936,0.02,0.36
174640.0,-0.7,-0.7,-0.7078,-0.04,-0.41
174641.0,-0.7,-0.7,-0.6885,0.04,0.38
174642.0,-0.7,-0.7,-0.6929,0.03,0.37
174643.0,-0.7,-0.7,-0.6972,0.01,0.35
174644.0,-0.7,-0.7,-0.7038,-0.01,-0.38
174645.0,-0.7,-0.7,-0.7031,-0.01,-0.38
174646.0,-0.7,-0.7,-0.7034,-0.02,-0.39
174647.0,-0.7,-0.7,-0.7023,-0.01,-0.38
174649.0,-0.7,-0.7,-0.7089,-0.04,-0.41
174650.0,-0.7,-0.7,-0.7016,-0.01,-0.38
174651.0,-0.7,-0.7,-0.7012,-0.01,-0.38
174652.0,-0.7,-0.7,-0.6987,-0.0,-0.37
174653.0,-0.7,-0.7,-0.7009,-0.01,-0.38
174654.0,-0.7,-0.7,-0.7002,-0.01,-0.38
174655.0,-0.7,-0.7,-0.7016,-0.01,-0.38
174656.0,-0.7,-0.7,-0.7012,-0.01,-0.38
174657.0,-0.7,-0.7,-0.7034,-0.02,-0.39
174659.0,-0.7,-0.7,-0.7002,-0.01,-0.38
174660.0,-0.7,-0.7,-0.6972,0.01,0.35
174661.0,-0.7,-0.7,-0.7031,-0.02,-0.39
174662.0,-0.7,-0.7,-0.7002,-0.0,-0.37
174663.0,-0.7,-0.7,-0.6914,0.03,0.37
174664.0,-0.7,-0.7,-0.6864,0.06,0.4
174665.0,-0.7,-0.7,-0.6987,0.01,0.35
174666.0,-0.7,-0.7,-0.6929,0.03,0.37
174667.0,-0.7,-0.7,-0.6994,0.01,0.35
174669.0,-0.7,-0.7,-0.6987,0.01,0.35
174670.0,-0.7,-0.7,-0.6907,0.04,0.38
174671.0,-0.7,-0.7,-0.7103,-0.03,-0.4
174672.0,-0.7,-0.7,-0.6983,0.01,0.35
174673.0,-0.7,-0.7,-0.6943,0.03,0.37
174674.0,-0.7,-0.7,-0.7016,-0.0,-0.37
174675.0,-0.7,-0.7,-0.6983,0.01,0.35
174676.0,-0.7,-0.7,-0.6958,0.02,0.36
174677.0,-0.7,-0.7,-0.6972,0.02,0.36
174678.0,-0.7,-0.7,-0.6965,0.02,0.36
174680.0,-0.7,-0.7,-0.6972,0.02,0.36
174681.0,-0.7,-0.7,-0.6856,0.07,0.41
174682.0,-0.7,-0.7,-0.6976,0.02,0.36
174683.0,-0.7,-0.7,-0.7023,0.0,0.34
174684.0,-0.7,-0.7,-0.6983,0.02,0.36
174685.0,-0.7,-0.7,-0.6943,0.03,0.37
174686.0,-0.7,-0.7,-0.7538,-0.21,-0.58
174687.0,-0.7,-0.7,-0.7016,-0.02,-0.39
174688.0,-0.7,-0.7,-0.6972,0.0,0.34
174689.0,-0.7,-0.7,-0.7012,-0.01,-0.38
174691.0,-0.7,-0.7,-0.7045,-0.03,-0.4
174692.0,-0.7,-0.7,-0.694,0.02,0.36
174693.0,-0.7,-0.7,-0.698,0.0,0.34
174694.0,-0.7,-0.7,-0.6936,0.02,0.36
174695.0,-0.7,-0.7,-0.6965,0.01,0.35
174696.0,-0.7,-0.7,-0.6922,0.03,0.37
174697.0,-0.7,-0.7,-0.6925,0.03,0.37
174698.0,-0.7,-0.7,-0.6965,0.02,0.36
174699.0,-0.7,-0.7,-0.6737,0.11,0.45
174700.0,-0.7,-0.7,-0.7005,0.01,0.35
174702.0,-0.7,-0.7,-0.6809,0.09,0.43
174703.0,-0.7,-0.7,-0.7005,0.02,0.36
174704.0,-0.7,-0.7,-0.698,0.02,0.36
174705.0,-0.7,-0.7,-0.7052,-0.01,-0.38
174706.0,-0.7,-0.7,-0.6976,0.02,0.36
174707.0,-0.7,-0.7,-0.7023,0.0,0.34
174708.0,-0.7,-0.7,-0.6998,0.01,0.35
174709.0,-0.7,-0.7,-0.7031,-0.0,-0.37
174710.0,-0.7,-0.7,-0.7016,0.0,0.34
174711.0,-0.7,-0.7,-0.7005,0.0,0.34
174712.0,-0.7,-0.7,-0.7045,-0.01,-0.38
174714.0,-0.7,-0.7,-0.7016,-0.0,-0.37
174715.0,-0.7,-0.7,-0.7067,-0.02,-0.39
174716.0,-0.7,-0.7,-0.694,0.02,0.36
174717.0,-0.7,-0.7,-0.7081,-0.03,-0.4
174718.0,-0.7,-0.7,-0.7031,-0.01,-0.38
174719.0,-0.7,-0.7,-0.7002,-0.0,-0.37
174720.0,-0.7,-0.7,-0.69,0.04,0.38
174721.0,-0.7,-0.7,-0.6885,0.05,0.39
174722.0,-0.7,-0.7,-0.7027,-0.01,-0.38
174724.0,-0.7,-0.7,-0.6958,0.02,0.36
174725.0,-0.7,-0.7,-0.7009,0.0,0.34
174726.0,-0.7,-0.7,-0.6958,0.02,0.36
174727.0,-0.7,-0.7,-0.6958,0.02,0.36
174728.0,-0.7,-0.7,-0.7016,-0.0,-0.37
174729.0,-0.7,-0.7,-0.7031,-0.01,-0.38
174730.0,-0.7,-0.7,-0.7041,-0.01,-0.38
174731.0,-0.7,-0.7,-0.6994,0.0,0.34
174732.0,-0.7,-0.7,-0.7005,-0.0,-0.37
174733.0,-0.7,-0.7,-0.7016,-0.0,-0.37
174735.0,-0.7,-0.7,-0.6838,0.07,0.41
174736.0,-0.7,-0.7,-0.7023,-0.0,-0.37
174737.0,-0.7,-0.7,-0.698,0.01,0.35
174738.0,-0.7,-0.7,-0.6994,0.01,0.35
174739.0,-0.7,-0.7,-0.7103,-0.04,-0.41
174740.0,-0.7,-0.7,-0.7012,-0.0,-0.37
174741.0,-0.7,-0.7,-0.6998,0.0,0.34
174742.0,-0.7,-0.7,-0.6925,0.03,0.37
174743.0,-0.7,-0.7,-0.6991,0.01,0.35
174745.0,-0.7,-0.7,-0.7056,-0.02,-0.39
174746.0,-0.7,-0.7,-0.7038,-0.01,-0.38
174747.0,-0.7,-0.7,-0.6965,0.01,0.35
174748.0,-0.7,-0.7,-0.6991,0.0,0.34
174749.0,-0.7,-0.7,-0.6958,0.02,0.36
174750.0,-0.7,-0.7,-0.7023,-0.01,-0.38
174751.0,-0.7,-0.7,-0.7052,-0.02,-0.39
174752.0,-0.7,-0.7,-0.7002,-0.0,-0.37
174753.0,-0.7,-0.7,-0.7078,-0.03,-0.4
174755.0,-0.7,-0.7,-0.7023,-0.01,-0.38
174756.0,-0.7,-0.7,-0.7009,-0.01,-0.38
174757.0,-0.7,-0.7,-0.7002,-0.0,-0.37
174758.0,-0.7,-0.7,-0.7023,-0.01,-0.38
174759.0,-0.7,-0.7,-0.7005,-0.01,-0.38
174760.0,-0.7,-0.7,-0.7031,-0.02,-0.39
174761.0,-0.7,-0.7,-0.7038,-0.02,-0.39
174762.0,-0.7,-0.7,-0.7016,-0.01,-0.38
174764.0,-0.7,-0.7,-0.7023,-0.01,-0.38
174765.0,-0.7,-0.7,-0.7049,-0.03,-0.4
174766.0,-0.7,-0.7,-0.7023,-0.02,-0.39
174767.0,-0.7,-0.7,-0.6987,-0.0,-0.37
174768.0,-0.7,-0.7,-0.7002,-0.01,-0.38
174769.0,-0.7,-0.7,-0.7031,-0.02,-0.39
174770.0,-0.7,-0.7,-0.7052,-0.03,-0.4
174771.0,-0.7,-0.7,-0.7096,-0.05,-0.42
174773.0,-0.7,-0.7,-0.6976,0.0,0.34
174774.0,-0.7,-0.7,-0.6972,0.0,0.34
174775.0,-0.7,-0.7,-0.7031,-0.02,-0.39
174776.0,-0.7,-0.7,-0.6951,0.01,0.35
174777.0,-0.7,-0.7,-0.6987,0.0,0.34
174778.0,-0.7,-0.7,-0.7031,-0.02,-0.39
174779.0,-0.7,-0.7,-0.7002,-0.01,-0.38
174780.0,-0.7,-0.7,-0.6983,0.0,0.34
174781.0,-0.7,-0.7,-0.6994,-0.0,-0.37
174782.0,-0.7,-0.7,-0.6972,0.01,0.35
174784.0,-0.7,-0.7,-0.698,0.01,0.35
174785.0,-0.7,-0.7,-0.7031,-0.01,-0.38
174786.0,-0.7,-0.7,-0.7002,-0.0,-0.37
174787.0,-0.7,-0.7,-0.698,0.01,0.35
174788.0,-0.7,-0.7,-0.6929,0.03,0.37
174789.0,-0.7,-0.7,-0.706,-0.02,-0.39
174790.0,-0.7,-0.7,-0.6983,0.01,0.35
174791.0,-0.7,-0.7,-0.7049,-0.02,-0.39
174792.0,-0.7,-0.7,-0.6943,0.02,0.36
174794.0,-0.7,-0.7,-0.6987,0.01,0.35
174795.0,-0.7,-0.7,-0.7096,-0.04,-0.41
174796.0,-0.7,-0.7,-0.7074,-0.03,-0.4
174797.0,-0.7,-0.7,-0.7002,-0.01,-0.38
174798.0,-0.7,-0.7,-0.6907,0.03,0.37
174799.0,-0.7,-0.7,-0.6987,0.0,0.34
174800.0,-0.7,-0.7,-0.6958,0.02,0.36
174801.0,-0.7,-0.7,-0.6954,0.02,0.36
174802.0,-0.7,-0.7,-0.6947,0.02,0.36
174803.0,-0.7,-0.7,-0.6965,0.02,0.36
174805.0,-0.7,-0.7,-0.7031,-0.01,-0.38
174806.0,-0.7,-0.7,-0.6951,0.02,0.36
174807.0,-0.7,-0.7,-0.6922,0.04,0.38
174808.0,-0.7,-0.7,-0.6951,0.03,0.37
174809.0,-0.7,-0.7,-0.6972,0.02,0.36
174810.0,-0.7,-0.7,-0.6994,0.01,0.35
174811.0,-0.7,-0.7,-0.6965,0.02,0.36
174812.0,-0.7,-0.7,-0.6972,0.02,0.36
174813.0,-0.7,-0.7,-0.6972,0.02,0.36
174814.0,-0.7,-0.7,-0.6943,0.03,0.37
174816.0,-0.7,-0.7,-0.6965,0.02,0.36
174817.0,-0.7,-0.7,-0.7099,-0.03,-0.4
174818.0,-0.7,-0.7,-0.6922,0.04,0.38
174819.0,-0.7,-0.7,-0.7107,-0.04,-0.41
174820.0,-0.7,-0.7,-0.6965,0.02,0.36
174821.0,-0.7,-0.7,-0.6983,0.01,0.35
174822.0,-0.7,-0.7,-0.6936,0.03,0.37
174823.0,-0.7,-0.7,-0.7125,-0.05,-0.42
174824.0,-0.7,-0.7,-0.6983,0.01,0.35
174825.0,-0.7,-0.7,-0.6994,0.0,0.34
174827.0,-0.7,-0.7,-0.6962,0.02,0.36
174828.0,-0.7,-0.7,-0.7002,0.0,0.34
174829.0,-0.7,-0.7,-0.7002,0.0,0.34
174830.0,-0.7,-0.7,-0.6987,0.01,0.35
174831.0,-0.7,-0.7,-0.7009,-0.0,-0.37
174832.0,-0.7,-0.7,-0.7045,-0.02,-0.39
174833.0,-0.7,-0.7,-0.7016,-0.01,-0.38
174834.0,-0.7,-0.7,-0.6987,0.01,0.35
174835.0,-0.7,-0.7,-0.6965,0.01,0.35
174836.0,-0.7,-0.7,-0.7023,-0.01,-0.38
174838.0,-0.7,-0.7,-0.698,0.01,0.35
174839.0,-0.7,-0.7,-0.6893,0.05,0.39
174840.0,-0.7,-0.7,-0.6972,0.02,0.36
174841.0,-0.7,-0.7,-0.7016,-0.0,-0.37
174842.0,-0.7,-0.7,-0.7002,0.0,0.34
174843.0,-0.7,-0.7,-0.698,0.01,0.35
174844.0,-0.7,-0.7,-0.7009,0.0,0.34
174845.0,-0.7,-0.7,-0.6925,0.03,0.37
174846.0,-0.7,-0.7,-0.7016,-0.0,-0.37
174847.0,-0.7,-0.7,-0.6994,0.01,0.35
174849.0,-0.7,-0.7,-0.6911,0.04,0.38
174850.0,-0.7,-0.7,-0.7219,-0.08,-0.45
174851.0,-0.7,-0.7,-0.7016,-0.01,-0.38
174852.0,-0.7,-0.7,-0.7023,-0.01,-0.38
174853.0,-0.7,-0.7,-0.6878,0.05,0.39
174854.0,-0.7,-0.7,-0.6991,0.01,0.35
174855.0,-0.7,-0.7,-0.7009,-0.0,-0.37
174856.0,-0.7,-0.7,-0.6958,0.02,0.36
174857.0,-0.7,-0.7,-0.7041,-0.01,-0.38
174859.0,-0.7,-0.7,-0.7034,-0.01,-0.38
174860.0,-0.7,-0.7,-0.7016,-0.01,-0.38
174861.0,-0.7,-0.7,-0.7016,-0.01,-0.38
174862.0,-0.7,-0.7,-0.7016,-0.01,-0.38
174863.0,-0.7,-0.7,-0.7089,-0.04,-0.41
174864.0,-0.7,-0.7,-0.7034,-0.02,-0.39
174865.0,-0.7,-0.7,-0.7038,-0.02,-0.39
174866.0,-0.7,-0.7,-0.6943,0.02,0.36
174867.0,-0.7,-0.7,-0.6933,0.02,0.36
174869.0,-0.7,-0.7,-0.7056,-0.02,-0.39
174870.0,-0.7,-0.7,-0.7067,-0.03,-0.4
174871.0,-0.7,-0.7,-0.7002,-0.01,-0.38
174872.0,-0.7,-0.7,-0.6983,0.0,0.34
174873.0,-0.7,-0.7,-0.702,-0.01,-0.38
174874.0,-0.7,-0.7,-0.7034,-0.02,-0.39
174875.0,-0.7,-0.7,-0.702,-0.01,-0.38
174876.0,-0.7,-0.7,-0.7009,-0.01,-0.38
174878.0,-0.7,-0.7,-0.6958,0.01,0.35
174879.0,-0.7,-0.7,-0.7031,-0.02,-0.39
174880.0,-0.7,-0.7,-0.7081,-0.04,-0.41
174881.0,-0.7,-0.7,-0.6914,0.03,0.37
174882.0,-0.7,-0.7,-0.707,-0.03,-0.4
174883.0,-0.7,-0.7,-0.6987,0.0,0.34
174884.0,-0.7,-0.7,-0.6936,0.02,0.36
174885.0,-0.7,-0.7,-0.7002,-0.0,-0.37
174886.0,-0.7,-0.7,-0.7012,-0.01,-0.38
174887.0,-0.7,-0.7,-0.7205,-0.09,-0.46
174889.0,-0.7,-0.7,-0.6722,0.11,0.45
174890.0,-0.7,-0.7,-0.7023,-0.01,-0.38
174891.0,-0.7,-0.7,-0.7139,-0.06,-0.43
174892.0,-0.7,-0.7,-0.6878,0.05,0.39
174893.0,-0.7,-0.7,-0.6936,0.03,0.37
174894.0,-0.7,-0.7,-0.6922,0.03,0.37
174895.0,-0.7,-0.7,-0.7002,0.0,0.34
174896.0,-0.7,-0.7,-0.6972,0.02,0.36
174897.0,-0.7,-0.7,-0.6965,0.02,0.36
174899.0,-0.7,-0.7,-0.7045,-0.01,-0.38
174900.0,-0.7,-0.7,-0.7023,-0.01,-0.38
174901.0,-0.7,-0.7,-0.6885,0.05,0.39
174902.0,-0.7,-0.7,-0.6972,0.02,0.36
174903.0,-0.7,-0.7,-0.7096,-0.03,-0.4
174904.0,-0.7,-0.7,-0.7012,-0.0,-0.37
174905.0,-0.7,-0.7,-0.7023,-0.01,-0.38
174906.0,-0.7,-0.7,-0.6987,0.01,0.35
174907.0,-0.7,-0.7,-0.7074,-0.03,-0.4
174908.0,-0.7,-0.7,-0.698,0.01,0.35
174910.0,-0.7,-0.7,-0.6936,0.03,0.37
174911.0,-0.7,-0.7,-0.7016,-0.0,-0.37
174912.0,-0.7,-0.7,-0.6983,0.01,0.35
174913.0,-0.7,-0.7,-0.6994,0.0,0.34
174914.0,-0.7,-0.7,-0.6987,0.01,0.35
174915.0,-0.7,-0.7,-0.6983,0.01,0.35
174916.0,-0.7,-0.7,-0.6958,0.02,0.36
174917.0,-0.7,-0.7,-0.7005,0.0,0.34
174918.0,-0.7,-0.7,-0.7089,-0.03,-0.4
174919.0,-0.7,-0.7,-0.7023,-0.01,-0.38
174921.0,-0.7,-0.7,-0.7038,-0.02,-0.39
174922.0,-0.7,-0.7,-0.6998,-0.0,-0.37
174923.0,-0.7,-0.7,-0.6951,0.02,0.36
174924.0,-0.7,-0.7,-0.6951,0.02,0.36
174925.0,-0.7,-0.7,-0.694,0.03,0.37
174926.0,-0.7,-0.7,-0.7052,-0.02,-0.39
174927.0,-0.7,-0.7,-0.7067,-0.03,-0.4
174928.0,-0.7,-0.7,-0.7045,-0.02,-0.39
174929.0,-0.7,-0.7,-0.702,-0.01,-0.38
174931.0,-0.7,-0.7,-0.6929,0.03,0.37
174932.0,-0.7,-0.7,-0.7023,-0.01,-0.38
174933.0,-0.7,-0.7,-0.7012,-0.01,-0.38
174934.0,-0.7,-0.7,-0.6965,0.01,0.35
174935.0,-0.7,-0.7,-0.6849,0.06,0.4
174936.0,-0.7,-0.7,-0.7002,0.0,0.34
174937.0,-0.7,-0.7,-0.6936,0.03,0.37
174938.0,-0.7,-0.7,-0.6998,0.01,0.35
174939.0,-0.7,-0.7,-0.7031,-0.01,-0.38
174940.0,-0.7,-0.7,-0.7099,-0.04,-0.41
174942.0,-0.7,-0.7,-0.6958,0.02,0.36
174943.0,-0.7,-0.7,-0.7009,-0.0,-0.37
174944.0,-0.7,-0.7,-0.7009,-0.0,-0.37
174945.0,-0.7,-0.7,-0.7034,-0.01,-0.38
174946.0,-0.7,-0.7,-0.6994,0.0,0.34
174947.0,-0.7,-0.7,-0.6958,0.02,0.36
174948.0,-0.7,-0.7,-0.6965,0.02,0.36
174949.0,-0.7,-0.7,-0.7132,-0.05,-0.42
174950.0,-0.7,-0.7,-0.6965,0.01,0.35
174952.0,-0.7,-0.7,-0.6987,0.0,0.34
174953.0,-0.7,-0.7,-0.7002,-0.0,-0.37
174954.0,-0.7,-0.7,-0.6965,0.01,0.35
174955.0,-0.7,-0.7,-0.6994,0.0,0.34
174956.0,-0.7,-0.7,-0.7016,-0.01,-0.38
174957.0,-0.7,-0.7,-0.6972,0.01,0.35
174958.0,-0.7,-0.7,-0.7052,-0.02,-0.39
174959.0,-0.7,-0.7,-0.6922,0.03,0.37
174960.0,-0.7,-0.7,-0.7009,-0.0,-0.37
174961.0,-0.7,-0.7,-0.6987,0.01,0.35
174963.0,-0.7,-0.7,-0.6987,0.01,0.35
174964.0,-0.7,-0.7,-0.6722,0.12,0.46
174965.0,-0.7,-0.7,-0.6991,0.02,0.36
174966.0,-0.7,-0.7,-0.6994,0.01,0.35
174967.0,-0.7,-0.7,-0.6994,0.01,0.35
174968.0,-0.7,-0.7,-0.6994,0.01,0.35
174969.0,-0.7,-0.7,-0.6994,0.01,0.35
174970.0,-0.7,-0.7,-0.6987,0.01,0.35
174971.0,-0.7,-0.7,-0.6998,0.01,0.35
174972.0,-0.7,-0.7,-0.7038,-0.01,-0.38
174974.0,-0.7,-0.7,-0.7038,-0.01,-0.38
174975.0,-0.7,-0.7,-0.706,-0.02,-0.39
174976.0,-0.7,-0.7,-0.6987,0.01,0.35
174977.0,-0.7,-0.7,-0.7052,-0.02,-0.39
174978.0,-0.7,-0.7,-0.7081,-0.03,-0.4
174979.0,-0.7,-0.7,-0.6965,0.01,0.35
174980.0,-0.7,-0.7,-0.7016,-0.01,-0.38
174981.0,-0.7,-0.7,-0.6914,0.03,0.37
174982.0,-0.7,-0.7,-0.6838,0.07,0.41
174984.0,-0.7,-0.7,-0.7031,-0.01,-0.38
174985.0,-0.7,-0.7,-0.6943,0.03,0.37
174986.0,-0.7,-0.7,-0.694,0.03,0.37
174987.0,-0.7,-0.7,-0.7016,0.0,0.34
174988.0,-0.7,-0.7,-0.6983,0.01,0.35
174989.0,-0.7,-0.7,-0.6976,0.02,0.36
174990.0,-0.7,-0.7,-0.6954,0.03,0.37
174991.0,-0.7,-0.7,-0.7002,0.01,0.35
174992.0,-0.7,-0.7,-0.7016,0.0,0.34
174993.0,-0.7,-0.7,-0.7009,0.0,0.34
174994.0,-0.7,-0.7,-0.7009,0.0,0.34
174996.0,-0.7,-0.7,-0.6972,0.02,0.36
174997.0,-0.7,-0.7,-0.6994,0.01,0.35
174998.0,-0.7,-0.7,-0.7016,-0.0,-0.37
174999.0,-0.7,-0.7,-0.7031,-0.01,-0.38
175000.0,0.7,0.7,-0.7012,-5.78,-6.15
175001.0,0.7,0.7,-0.6925,-6.22,-6.59
175002.0,0.7,0.7,-0.7009,-6.68,-7.05
175003.0,0.7,0.7,-0.6867,-7.01,-7.38
175004.0,0.7,0.7,-0.7002,-7.42,-7.79
175006.0,0.7,0.7,-0.698,-7.74,-8.11
175007.0,0.7,0.7,-0.7031,-8.05,-8.42
175008.0,0.7,0.7,-0.6907,-8.27,-8.64
175009.0,0.7,0.7,-0.6893,-8.51,-8.88
175010.0,0.7,0.7,-0.6791,-8.69,-9.06
175011.0,0.7,0.7,-0.6798,-8.89,-9.26
175012.0,0.7,0.7,-0.6835,-9.08,-9.45
175013.0,0.7,0.7,-0.6682,-9.18,-9.55
175014.0,0.7,0.7,-0.6494,-9.25,-9.62
175015.0,0.7,0.7,-0.653,-9.39,-9.76
175017.0,0.7,0.7,-0.6555,-9.52,-9.89
175018.0,0.7,0.7,-0.6396,-9.56,-9.93
175019.0,0.7,0.7,-0.6399,-9.65,-10.02
175020.0,0.7,0.7,-0.6294,-9.69,-10.06
175021.0,0.7,0.7,-0.6338,-9.78,-10.15
175022.0,0.7,0.7,-0.6225,-9.8,-10.17
175023.0,0.7,0.7,-0.6109,-9.81,-10.18
175024.0,0.7,0.7,-0.6037,-9.83,-10.2
175025.0,0.7,0.7,-0.7248,-10.37,-10.74
175026.0,0.7,0.7,-0.5852,-9.87,-10.24
175028.0,0.7,0.7,-0.5721,-9.84,-10.21
175029.0,0.7,0.7,-0.5696,-9.85,-10.22
175030.0,0.7,0.7,-0.5594,-9.82,-10.19
175031.0,0.7,0.7,-0.5456,-9.78,-10.15
175032.0,0.7,0.7,-0.5416,-9.77,-10.14
175033.0,0.7,0.7,-0.5282,-9.71,-10.08
175034.0,0.7,0.7,-0.5217,-9.68,-10.05
175035.0,0.7,0.7,-0.518,-9.67,-10.04
175036.0,0.7,0.7,-0.5039,-9.6,-9.97
175037.0,0.7,0.7,-0.4912,-9.54,-9.91
175039.0,0.7,0.7,-0.4868,-9.51,-9.88
175040.0,0.7,0.7,-0.4781,-9.46,-9.83
175041.0,0.7,0.7,-0.4687,-9.41,-9.78
175042.0,0.7,0.7,-0.4527,-9.33,-9.7
175043.0,0.7,0.7,-0.4462,-9.28,-9.65
175044.0,0.7,0.7,-0.4332,-9.21,-9.58
175045.0,0.7,0.7,-0.4324,-9.18,-9.55
175046.0,0.7,0.7,-0.415,-9.09,-9.46
175047.0,0.7,0.7,-0.4128,-9.05,-9.42
175048.0,0.7,0.7,-0.3954,-8.96,-9.33
175050.0,0.7,0.7,-0.3795,-8.86,-9.23
175051.0,0.7,0.7,-0.3686,-8.79,-9.16
175052.0,0.7,0.7,-0.37,-8.76,-9.13
175053.0,0.7,0.7,-0.3566,-8.68,-9.05
175054.0,0.7,0.7,-0.3425,-8.59,-8.96
175055.0,0.7,0.7,-0.3316,-8.51,-8.88
175056.0,0.7,0.7,-0.3229,-8.44,-8.81
175057.0,0.7,0.7,-0.312,-8.37,-8.74
175058.0,0.7,0.7,-0.3026,-8.29,-8.66
175059.0,0.7,0.7,-0.288,-8.2,-8.57
175061.0,0.7,0.7,-0.2953,-8.19,-8.56
175062.0,0.7,0.7,-0.2688,-8.05,-8.42
175063.0,0.7,0.7,-0.2561,-7.96,-8.33
175064.0,0.7,0.7,-0.2409,-7.86,-8.23
175065.0,0.7,0.7,-0.2351,-7.8,-8.17
175066.0,0.7,0.7,-0.2242,-7.72,-8.09
175067.0,0.7,0.7,-0.2108,-7.63,-8.0
175068.0,0.7,0.7,-0.2061,-7.57,-7.94
175069.0,0.7,0.7,-0.2293,-7.63,-8.0
175070.0,0.7,0.7,-0.1799,-7.4,-7.77
175072.0,0.7,0.7,-0.1643,-7.29,-7.66
175073.0,0.7,0.7,-0.1582,-7.22,-7.59
175074.0,0.7,0.7,-0.1487,-7.15,-7.52
175075.0,0.7,0.7,-0.1567,-7.14,-7.51
175076.0,0.7,0.7,-0.1255,-6.98,-7.35
175077.0,0.7,0.7,-0.115,-6.89,-7.26
175078.0,0.7,0.7,-0.1067,-6.82,-7.19
175079.0,0.7,0.7,-0.09,-6.71,-7.08
175080.0,0.7,0.7,-0.098,-6.7,-7.07
175081.0,0.7,0.7,-0.0602,-6.51,-6.88
175083.0,0.7,0.7,-0.0522,-6.43,-6.8
175084.0,0.7,0.7,-0.0493,-6.37,-6.74
175085.0,0.7,0.7,-0.0406,-6.3,-6.67
175086.0,0.7,0.7,-0.0232,-6.18,-6.55
175087.0,0.7,0.7,-0.016,-6.11,-6.48
175088.0,0.7,0.7,-0.0025,-6.01,-6.38
175089.0,0.7,0.7,0.0109,-5.92,-6.29
175090.0,0.7,0.7,0.0174,-5.85,-6.22
175091.0,0.7,0.7,0.0247,-5.78,-6.15
175092.0,0.7,0.7,0.0457,-5.65,-6.02
175093.0,0.7,0.7,0.0595,-5.55,-5.92
175095.0,0.7,0.7,0.0559,-5.52,-5.89
175096.0,0.7,0.7,0.0885,-5.35,-5.72
175097.0,0.7,0.7,0.0852,-5.31,-5.68
175098.0,0.7,0.7,0.099,-5.22,-5.59
175099.0,0.7,0.7,0.1444,-4.99,-5.36
175100.0,0.7,0.7,0.1067,-5.09,-5.46
175101.0,0.7,0.7,0.1259,-4.97,-5.34
175102.0,0.7,0.7,0.1422,-4.87,-5.24
175103.0,0.7,0.7,0.1516,-4.79,-5.16
175104.0,0.7,0.7,0.1625,-4.7,-5.07
175105.0,0.7,0.7,0.1807,-4.58,-4.95
175106.0,0.7,0.7,0.1886,-4.51,-4.88
175108.0,0.7,0.7,0.2198,-4.34,-4.71
175109.0,0.7,0.7,0.201,-4.37,-4.74
175110.0,0.7,0.7,0.2068,-4.3,-4.67
175111.0,0.7,0.7,0.2206,-4.21,-4.58
175112.0,0.7,0.7,0.2358,-4.11,-4.48
175113.0,0.7,0.7,0.246,-4.03,-4.4
175114.0,0.7,0.7,0.2561,-3.95,-4.32
175115.0,0.7,0.7,0.2641,-3.87,-4.24
175116.0,0.7,0.7,0.2764,-3.78,-4.15
175117.0,0.7,0.7,0.2873,-3.7,-4.07
175118.0,0.7,0.7,0.2938,-3.63,-4.0
175119.0,0.7,0.7,0.2989,-3.57,-3.94
175121.0,0.7,0.7,0.3171,-3.46,-3.83
175122.0,0.7,0.7,0.325,-3.39,-3.76
175123.0,0.7,0.7,0.3337,-3.32,-3.69
175124.0,0.7,0.7,0.3403,-3.25,-3.62
175125.0,0.7,0.7,0.3519,-3.17,-3.54
175126.0,0.7,0.7,0.3599,-3.1,-3.47
175127.0,0.7,0.7,0.3671,-3.03,-3.4
175128.0,0.7,0.7,0.3816,-2.93,-3.3
175129.0,0.7,0.7,0.3889,-2.87,-3.24
175130.0,0.7,0.7,0.3976,-2.79,-3.16
175131.0,0.7,0.7,0.4056,-2.72,-3.09
175133.0,0.7,0.7,0.4201,-2.63,-3.0
175134.0,0.7,0.7,0.4201,-2.59,-2.96
175135.0,0.7,0.7,0.436,-2.49,-2.86
175136.0,0.7,0.7,0.4382,-2.45,-2.82
175137.0,0.7,0.7,0.444,-2.39,-2.76
175138.0,0.7,0.7,0.4527,-2.32,-2.69
175139.0,0.7,0.7,0.4578,-2.26,-2.63
175140.0,0.7,0.7,0.4651,-2.2,-2.57
175141.0,0.7,0.7,0.4876,-2.08,-2.45
175142.0,0.7,0.7,0.4789,-2.08,-2.45
175143.0,0.7,0.7,0.4901,-2.0,-2.37
175144.0,0.7,0.7,0.4883,-1.98,-2.35
175146.0,0.7,0.7,0.534,-1.76,-2.13
175147.0,0.7,0.7,0.5079,-1.83,-2.2
175148.0,0.7,0.7,0.5108,-1.79,-2.16
175149.0,0.7,0.7,0.5264,-1.7,-2.07
175150.0,0.7,0.7,0.5242,-1.68,-2.05
175151.0,0.7,0.7,0.5311,-1.62,-1.99
175152.0,0.7,0.7,0.5434,-1.55,-1.92
175153.0,0.7,0.7,0.5463,-1.51,-1.88
175154.0,0.7,0.7,0.5514,-1.46,-1.83
175155.0,0.7,0.7,0.5608,-1.4,-1.77
175156.0,0.7,0.7,0.563,-1.36,-1.73
175157.0,0.7,0.7,0.567,-1.32,-1.69
175159.0,0.7,0.7,0.5768,-1.25,-1.62
175160.0,0.7,0.7,0.5783,-1.22,-1.59
175161.0,0.7,0.7,0.5833,-1.18,-1.55
175162.0,0.7,0.7,0.5848,-1.15,-1.52
175163.0,0.7,0.7,0.5928,-1.1,-1.47
175164.0,0.7,0.7,0.6095,-1.0,-1.37
175165.0,0.7,0.7,0.624,-0.92,-1.29
175166.0,0.7,0.7,0.6095,-0.95,-1.32
175167.0,0.7,0.7,0.6102,-0.93,-1.3
175168.0,0.7,0.7,0.6163,-0.88,-1.25
175169.0,0.7,0.7,0.6211,-0.84,-1.21
175170.0,0.7,0.7,0.6294,-0.79,-1.16
175172.0,0.7,0.7,0.629,-0.77,-1.14
175173.0,0.7,0.7,0.6305,-0.74,-1.11
175174.0,0.7,0.7,0.6356,-0.71,-1.08
175175.0,0.7,0.7,0.6385,-0.68,-1.05
175176.0,0.7,0.7,0.6436,-0.64,-1.01
175177.0,0.7,0.7,0.6421,-0.63,-1.0
175178.0,0.7,0.7,0.6501,-0.58,-0.95
175179.0,0.7,0.7,0.6508,-0.56,-0.93
175180.0,0.7,0.7,0.6573,-0.52,-0.89
175181.0,0.7,0.7,0.6668,-0.46,-0.83
175182.0,0.7,0.7,0.6624,-0.46,-0.83
175183.0,0.7,0.7,0.6668,-0.43,-0.8
175185.0,0.7,0.7,0.6668,-0.41,-0.78
175186.0,0.7,0.7,0.6715,-0.38,-0.75
175187.0,0.7,0.7,0.6733,-0.36,-0.73
175188.0,0.7,0.7,0.6769,-0.33,-0.7
175189.0,0.7,0.7,0.6791,-0.31,-0.68
175190.0,0.7,0.7,0.6813,-0.29,-0.66
175191.0,0.7,0.7,0.6849,-0.26,-0.63
175192.0,0.7,0.7,0.6885,-0.23,-0.6
175193.0,0.7,0.7,0.6882,-0.22,-0.59
175194.0,0.7,0.7,0.6907,-0.2,-0.57
175195.0,0.7,0.7,0.6972,-0.16,-0.53
175196.0,0.7,0.7,0.6965,-0.15,-0.52
175198.0,0.7,0.7,0.6972,-0.14,-0.51
175199.0,0.7,0.7,0.6914,-0.15,-0.52
175200.0,0.7,0.7,0.6994,-0.11,-0.48
175201.0,0.7,0.7,0.7023,-0.09,-0.46
175202.0,0.7,0.7,0.7034,-0.07,-0.44
175203.0,0.7,0.7,0.7023,-0.07,-0.44
175204.0,0.7,0.7,0.706,-0.05,-0.42
175205.0,0.7,0.7,0.7067,-0.04,-0.41
175206.0,0.7,0.7,0.7081,-0.02,-0.39
175207.0,0.7,0.7,0.7121,0.0,0.34
175208.0,0.7,0.7,0.706,-0.01,-0.38
175209.0,0.7,0.7,0.7161,0.03,0.37
175210.0,0.7,0.7,0.7342,0.12,0.46
175212.0,0.7,0.7,0.7139,0.05,0.39
175213.0,0.7,0.7,0.719,0.07,0.41
175214.0,0.7,0.7,0.7197,0.08,0.42
175215.0,0.7,0.7,0.7168,0.08,0.42
175216.0,0.7,0.7,0.7197,0.09,0.43
175217.0,0.7,0.7,0.7208,0.1,0.44
175218.0,0.7,0.7,0.7226,0.12,0.46
175219.0,0.7,0.7,0.7226,0.12,0.46
175220.0,0.7,0.7,0.7299,0.16,0.5
175221.0,0.7,0.7,0.7219,0.13,0.47
175222.0,0.7,0.7,0.7234,0.14,0.48
175223.0,0.7,0.7,0.7197,0.13,0.47
175224.0,0.7,0.7,0.7299,0.17,0.51
175225.0,0.7,0.7,0.7248,0.16,0.5
175226.0,0.7,0.7,0.7234,0.16,0.5
175227.0,0.7,0.7,0.7313,0.19,0.53
175228.0,0.7,0.7,0.7139,0.12,0.46
175229.0,0.7,0.7,0.7226,0.16,0.5
175230.0,0.7,0.7,0.7168,0.14,0.48
175231.0,0.7,0.7,0.7139,0.12,0.46
175233.0,0.7,0.7,0.7219,0.16,0.5
175234.0,0.7,0.7,0.7234,0.16,0.5
175235.0,0.7,0.7,0.7139,0.13,0.47
175236.0,0.7,0.7,0.7176,0.14,0.48
175237.0,0.7,0.7,0.7226,0.16,0.5
175238.0,0.7,0.7,0.7219,0.16,0.5
175239.0,0.7,0.7,0.7208,0.16,0.5
175240.0,0.7,0.7,0.7219,0.16,0.5
175241.0,0.7,0.7,0.7208,0.16,0.5
175242.0,0.7,0.7,0.7234,0.17,0.51
175243.0,0.7,0.7,0.7197,0.16,0.5
175244.0,0.7,0.7,0.7219,0.16,0.5
175245.0,0.7,0.7,0.7139,0.13,0.47
175246.0,0.7,0.7,0.7208,0.16,0.5
175247.0,0.7,0.7,0.7183,0.15,0.49
175248.0,0.7,0.7,0.7226,0.17,0.51
175249.0,0.7,0.7,0.7197,0.16,0.5
175250.0,0.7,0.7,0.7176,0.15,0.49
175251.0,0.7,0.7,0.7205,0.16,0.5
175252.0,0.7,0.7,0.7176,0.15,0.49
175254.0,0.7,0.7,0.7089,0.11,0.45
175255.0,0.7,0.7,0.7197,0.15,0.49
175256.0,0.7,0.7,0.7081,0.1,0.44
175257.0,0.7,0.7,0.7139,0.12,0.46
175258.0,0.7,0.7,0.7139,0.12,0.46
175259.0,0.7,0.7,0.7197,0.15,0.49
175260.0,0.7,0.7,0.7118,0.11,0.45
175261.0,0.7,0.7,0.7176,0.14,0.48
175262.0,0.7,0.7,0.7125,0.11,0.45
175263.0,0.7,0.7,0.7197,0.14,0.48
175264.0,0.7,0.7,0.7139,0.12,0.46
175265.0,0.7,0.7,0.711,0.11,0.45
175266.0,0.7,0.7,0.6972,0.05,0.39
175267.0,0.7,0.7,0.7092,0.09,0.43
175268.0,0.7,0.7,0.7161,0.12,0.46
175269.0,0.7,0.7,0.7081,0.09,0.43
175270.0,0.7,0.7,0.7081,0.08,0.42
175271.0,0.7,0.7,0.7089,0.09,0.43
175272.0,0.7,0.7,0.706,0.07,0.41
175273.0,0.7,0.7,0.7081,0.08,0.42
175274.0,0.7,0.7,0.7139,0.1,0.44
175276.0,0.7,0.7,0.6936,0.02,0.36
175277.0,0.7,0.7,0.698,0.03,0.37
175278.0,0.7,0.7,0.6972,0.02,0.36
175279.0,0.7,0.7,0.7023,0.04,0.38
175280.0,0.7,0.7,0.7052,0.05,0.39
175281.0,0.7,0.7,0.6972,0.02,0.36
175282.0,0.7,0.7,0.6965,0.01,0.35
175283.0,0.7,0.7,0.7001,0.02,0.36
175284.0,0.7,0.7,0.6871,-0.03,-0.4
175285.0,0.7,0.7,0.6914,-0.02,-0.39
175286.0,0.7,0.7,0.6994,0.01,0.35
175287.0,0.7,0.7,0.69,-0.03,-0.4
175288.0,0.7,0.7,0.698,-0.0,-0.37
175289.0,0.7,0.7,0.6965,-0.01,-0.38
175290.0,0.7,0.7,0.6943,-0.02,-0.39
175291.0,0.7,0.7,0.6856,-0.06,-0.43
175293.0,0.7,0.7,0.6885,-0.05,-0.42
175294.0,0.7,0.7,0.7049,0.01,0.35
175295.0,0.7,0.7,0.702,0.0,0.34
175296.0,0.7,0.7,0.6936,-0.03,-0.4
175297.0,0.7,0.7,0.6994,-0.01,-0.38
175298.0,0.7,0.7,0.6936,-0.03,-0.4
175299.0,0.7,0.7,0.6958,-0.03,-0.4
175300.0,0.7,0.7,0.6943,-0.03,-0.4
175301.0,0.7,0.7,0.6972,-0.02,-0.39
175302.0,0.7,0.7,0.6965,-0.02,-0.39
175303.0,0.7,0.7,0.6936,-0.04,-0.41
175304.0,0.7,0.7,0.6965,-0.03,-0.4
175305.0,0.7,0.7,0.6972,-0.02,-0.39
175306.0,0.7,0.7,0.6878,-0.06,-0.43
175308.0,0.7,0.7,0.6976,-0.02,-0.39
175309.0,0.7,0.7,0.711,0.03,0.37
175310.0,0.7,0.7,0.6994,-0.01,-0.38
175311.0,0.7,0.7,0.6994,-0.01,-0.38
175312.0,0.7,0.7,0.6965,-0.02,-0.39
175313.0,0.7,0.7,0.7284,0.11,0.45
175314.0,0.7,0.7,0.6987,-0.0,-0.37
175315.0,0.7,0.7,0.6965,-0.01,-0.38
175316.0,0.7,0.7,0.7001,0.0,0.34
175317.0,0.7,0.7,0.6907,-0.04,-0.41
175318.0,0.7,0.7,0.7005,-0.0,-0.37
175319.0,0.7,0.7,0.6965,-0.02,-0.39
175320.0,0.7,0.7,0.6976,-0.01,-0.38
175322.0,0.7,0.7,0.6965,-0.02,-0.39
175323.0,0.7,0.7,0.6958,-0.02,-0.39
175324.0,0.7,0.7,0.6994,-0.01,-0.38
175325.0,0.7,0.7,0.6994,-0.01,-0.38
175326.0,0.7,0.7,0.6987,-0.01,-0.38
175327.0,0.7,0.7,0.7081,0.03,0.37
175328.0,0.7,0.7,0.7001,-0.0,-0.37
175329.0,0.7,0.7,0.6987,-0.01,-0.38
175330.0,0.7,0.7,0.7001,-0.0,-0.37
175331.0,0.7,0.7,0.703,0.01,0.35
175332.0,0.7,0.7,0.703,0.01,0.35
175333.0,0.7,0.7,0.7001,0.0,0.34
175334.0,0.7,0.7,0.6885,-0.05,-0.42
175335.0,0.7,0.7,0.6994,-0.01,-0.38
175336.0,0.7,0.7,0.7001,-0.0,-0.37
175337.0,0.7,0.7,0.706,0.02,0.36
175339.0,0.7,0.7,0.7049,0.02,0.36
175340.0,0.7,0.7,0.6958,-0.02,-0.39
175341.0,0.7,0.7,0.7023,0.01,0.35
175342.0,0.7,0.7,0.7023,0.01,0.35
175343.0,0.7,0.7,0.7139,0.06,0.4
175344.0,0.7,0.7,0.7023,0.02,0.36
175345.0,0.7,0.7,0.7023,0.02,0.36
175346.0,0.7,0.7,0.6994,0.0,0.34
175347.0,0.7,0.7,0.703,0.02,0.36
175348.0,0.7,0.7,0.703,0.02,0.36
175349.0,0.7,0.7,0.703,0.02,0.36
175350.0,0.7,0.7,0.7001,0.01,0.35
175351.0,0.7,0.7,0.7023,0.02,0.36
175352.0,0.7,0.7,0.703,0.02,0.36
175353.0,0.7,0.7,0.7023,0.02,0.36
175354.0,0.7,0.7,0.7089,0.04,0.38
175355.0,0.7,0.7,0.7052,0.03,0.37
175356.0,0.7,0.7,0.7005,0.01,0.35
175357.0,0.7,0.7,0.7023,0.02,0.36
175358.0,0.7,0.7,0.6976,-0.0,-0.37
175360.0,0.7,0.7,0.7023,0.02,0.36
175361.0,0.7,0.7,0.7023,0.02,0.36
175362.0,0.7,0.7,0.6965,-0.01,-0.38
175363.0,0.7,0.7,0.7081,0.04,0.38
175364.0,0.7,0.7,0.7023,0.02,0.36
175365.0,0.7,0.7,0.7023,0.02,0.36
175366.0,0.7,0.7,0.7005,0.01,0.35
175367.0,0.7,0.7,0.6994,0.01,0.35
175368.0,0.7,0.7,0.703,0.02,0.36
175369.0,0.7,0.7,0.7016,0.01,0.35
175370.0,0.7,0.7,0.6994,0.0,0.34
175371.0,0.7,0.7,0.6994,0.0,0.34
175372.0,0.7,0.7,0.6965,-0.01,-0.38
175373.0,0.7,0.7,0.6943,-0.02,-0.39
175374.0,0.7,0.7,0.7096,0.04,0.38
175375.0,0.7,0.7,0.6972,-0.01,-0.38
175376.0,0.7,0.7,0.6965,-0.01,-0.38
175377.0,0.7,0.7,0.6965,-0.01,-0.38
175379.0,0.7,0.7,0.6972,-0.01,-0.38
175380.0,0.7,0.7,0.6976,-0.01,-0.38
175381.0,0.7,0.7,0.6994,-0.0,-0.37
175382.0,0.7,0.7,0.7001,-0.0,-0.37
175383.0,0.7,0.7,0.6849,-0.06,-0.43
175384.0,0.7,0.7,0.7001,-0.01,-0.38
175385.0,0.7,0.7,0.6994,-0.01,-0.38
175386.0,0.7,0.7,0.6965,-0.02,-0.39
175387.0,0.7,0.7,0.6994,-0.01,-0.38
175388.0,0.7,0.7,0.6907,-0.04,-0.41
175389.0,0.7,0.7,0.6969,-0.02,-0.39
175390.0,0.7,0.7,0.6936,-0.03,-0.4
175392.0,0.7,0.7,0.6936,-0.04,-0.41
175393.0,0.7,0.7,0.7147,0.05,0.39
175394.0,0.7,0.7,0.6936,-0.03,-0.4
175395.0,0.7,0.7,0.7034,0.01,0.35
175396.0,0.7,0.7,0.6965,-0.02,-0.39
175397.0,0.7,0.7,0.7001,-0.01,-0.38
175398.0,0.7,0.7,0.6994,-0.01,-0.38
175399.0,0.7,0.7,0.6987,-0.01,-0.38
175400.0,0.7,0.7,0.7023,0.0,0.34
175401.0,0.7,0.7,0.6987,-0.01,-0.38
175402.0,0.7,0.7,0.7081,0.03,0.37
175403.0,0.7,0.7,0.6965,-0.02,-0.39
175404.0,0.7,0.7,0.7023,0.01,0.35
175405.0,0.7,0.7,0.6994,-0.0,-0.37
175406.0,0.7,0.7,0.7005,0.0,0.34
175408.0,0.7,0.7,0.6769,-0.1,-0.47
175409.0,0.7,0.7,0.6885,-0.06,-0.43
175410.0,0.7,0.7,0.7016,-0.01,-0.38
175411.0,0.7,0.7,0.703,0.0,0.34
175412.0,0.7,0.7,0.6947,-0.03,-0.4
175413.0,0.7,0.7,0.7034,0.0,0.34
175414.0,0.7,0.7,0.6976,-0.02,-0.39
175415.0,0.7,0.7,0.7009,-0.0,-0.37
175416.0,0.7,0.7,0.7001,-0.01,-0.38
175417.0,0.7,0.7,0.7038,0.01,0.35
175418.0,0.7,0.7,0.7089,0.03,0.37
175419.0,0.7,0.7,0.7001,-0.0,-0.37
175420.0,0.7,0.7,0.7023,0.01,0.35
175421.0,0.7,0.7,0.7056,0.02,0.36
175422.0,0.7,0.7,0.6994,-0.0,-0.37
175423.0,0.7,0.7,0.7107,0.05,0.39
175425.0,0.7,0.7,0.7045,0.02,0.36
175426.0,0.7,0.7,0.706,0.03,0.37
175427.0,0.7,0.7,0.7052,0.03,0.37
175428.0,0.7,0.7,0.7023,0.02,0.36
175429.0,0.7,0.7,0.6965,-0.01,-0.38
175430.0,0.7,0.7,0.7023,0.02,0.36
175431.0,0.7,0.7,0.7023,0.02,0.36
175432.0,0.7,0.7,0.7023,0.02,0.36
175433.0,0.7,0.7,0.7023,0.02,0.36
175434.0,0.7,0.7,0.703,0.02,0.36
175435.0,0.7,0.7,0.7001,0.01,0.35
175436.0,0.7,0.7,0.7005,0.01,0.35
175437.0,0.7,0.7,0.7023,0.02,0.36
175438.0,0.7,0.7,0.703,0.02,0.36
175439.0,0.7,0.7,0.6987,0.0,0.34
175440.0,0.7,0.7,0.7063,0.03,0.37
175441.0,0.7,0.7,0.706,0.03,0.37
175442.0,0.7,0.7,0.7103,0.05,0.39
175443.0,0.7,0.7,0.6856,-0.05,-0.42
175444.0,0.7,0.7,0.7023,0.02,0.36
175445.0,0.7,0.7,0.698,-0.0,-0.37
175447.0,0.7,0.7,0.7023,0.01,0.35
175448.0,0.7,0.7,0.7052,0.03,0.37
175449.0,0.7,0.7,0.7045,0.03,0.37
175450.0,0.7,0.7,0.6889,-0.04,-0.41
175451.0,0.7,0.7,0.7089,0.04,0.38
175452.0,0.7,0.7,0.7005,0.01,0.35
175453.0,0.7,0.7,0.7049,0.03,0.37
175454.0,0.7,0.7,0.6965,-0.01,-0.38
175455.0,0.7,0.7,0.6994,0.0,0.34
175456.0,0.7,0.7,0.6958,-0.01,-0.38
175457.0,0.7,0.7,0.6965,-0.01,-0.38
175458.0,0.7,0.7,0.6965,-0.01,-0.38
175459.0,0.7,0.7,0.6943,-0.02,-0.39
175460.0,0.7,0.7,0.6965,-0.02,-0.39
175461.0,0.7,0.7,0.6907,-0.04,-0.41
175463.0,0.7,0.7,0.698,-0.01,-0.38
175464.0,0.7,0.7,0.6972,-0.02,-0.39
175465.0,0.7,0.7,0.7067,0.02,0.36
175466.0,0.7,0.7,0.7001,-0.0,-0.37
175467.0,0.7,0.7,0.6965,-0.02,-0.39
175468.0,0.7,0.7,0.6972,-0.02,-0.39
175469.0,0.7,0.7,0.6929,-0.03,-0.4
175470.0,0.7,0.7,0.6914,-0.04,-0.41
175471.0,0.7,0.7,0.6958,-0.03,-0.4
175472.0,0.7,0.7,0.6987,-0.01,-0.38
175473.0,0.7,0.7,0.6972,-0.02,-0.39
175474.0,0.7,0.7,0.6958,-0.03,-0.4
175475.0,0.7,0.7,0.6972,-0.02,-0.39
175477.0,0.7,0.7,0.7016,-0.0,-0.37
175478.0,0.7,0.7,0.6965,-0.02,-0.39
175479.0,0.7,0.7,0.7074,0.02,0.36
175480.0,0.7,0.7,0.6994,-0.01,-0.38
175481.0,0.7,0.7,0.7248,0.1,0.44
175482.0,0.7,0.7,0.7001,0.0,0.34
175483.0,0.7,0.7,0.7001,0.0,0.34
175484.0,0.7,0.7,0.6914,-0.03,-0.4
175485.0,0.7,0.7,0.7001,0.0,0.34
175486.0,0.7,0.7,0.7001,0.0,0.34
175487.0,0.7,0.7,0.6987,-0.01,-0.38
175488.0,0.7,0.7,0.7023,0.01,0.35
175489.0,0.7,0.7,0.6972,-0.01,-0.38
175490.0,0.7,0.7,0.6998,-0.0,-0.37
175491.0,0.7,0.7,0.6943,-0.02,-0.39
175493.0,0.7,0.7,0.6987,-0.01,-0.38
175494.0,0.7,0.7,0.6994,-0.01,-0.38
175495.0,0.7,0.7,0.7005,-0.0,-0.37
175496.0,0.7,0.7,0.6976,-0.01,-0.38
175497.0,0.7,0.7,0.6972,-0.01,-0.38
175498.0,0.7,0.7,0.7038,0.01,0.35
175499.0,0.7,0.7,0.6914,-0.04,-0.41
175500.0,0.7,0.7,0.7038,0.01,0.35
175501.0,0.7,0.7,0.6994,-0.01,-0.38
175502.0,0.7,0.7,0.6871,-0.06,-0.43
175503.0,0.7,0.7,0.7023,0.0,0.34
175504.0,0.7,0.7,0.7023,0.0,0.34
175505.0,0.7,0.7,0.703,0.01,0.35
175506.0,0.7,0.7,0.703,0.01,0.35
175507.0,0.7,0.7,0.706,0.02,0.36
175508.0,0.7,0.7,0.6965,-0.01,-0.38
175510.0,0.7,0.7,0.7001,-0.0,-0.37
175511.0,0.7,0.7,0.6936,-0.03,-0.4
175512.0,0.7,0.7,0.703,0.01,0.35
175513.0,0.7,0.7,0.7001,-0.0,-0.37
175514.0,0.7,0.7,0.7001,-0.0,-0.37
175515.0,0.7,0.7,0.6936,-0.03,-0.4
175516.0,0.7,0.7,0.7034,0.01,0.35
175517.0,0.7,0.7,0.653,-0.2,-0.57
175518.0,0.7,0.7,0.7005,-0.02,-0.39
175519.0,0.7,0.7,0.7045,0.0,0.34
175520.0,0.7,0.7,0.6994,-0.02,-0.39
175521.0,0.7,0.7,0.7023,-0.0,-0.37
175522.0,0.7,0.7,0.7052,0.01,0.35
175523.0,0.7,0.7,0.7023,0.0,0.34
175524.0,0.7,0.7,0.7034,0.01,0.35
175525.0,0.7,0.7,0.7005,-0.0,-0.37
175527.0,0.7,0.7,0.7001,-0.0,-0.37
175528.0,0.7,0.7,0.7034,0.01,0.35
175529.0,0.7,0.7,0.7023,0.01,0.35
175530.0,0.7,0.7,0.7023,0.01,0.35
175531.0,0.7,0.7,0.6936,-0.03,-0.4
175532.0,0.7,0.7,0.6936,-0.03,-0.4
175533.0,0.7,0.7,0.7023,0.01,0.35
175534.0,0.7,0.7,0.7023,0.01,0.35
175535.0,0.7,0.7,0.7045,0.02,0.36
175536.0,0.7,0.7,0.682,-0.07,-0.44
175537.0,0.7,0.7,0.7023,0.0,0.34
175538.0,0.7,0.7,0.7067,0.02,0.36
175539.0,0.7,0.7,0.703,0.01,0.35
175540.0,0.7,0.7,0.6994,-0.0,-0.37
175541.0,0.7,0.7,0.7001,-0.0,-0.37
175542.0,0.7,0.7,0.6972,-0.01,-0.38
175544.0,0.7,0.7,0.7052,0.02,0.36
175545.0,0.7,0.7,0.6889,-0.05,-0.42
175546.0,0.7,0.7,0.703,0.01,0.35
175547.0,0.7,0.7,0.7023,0.01,0.35
175548.0,0.7,0.7,0.7023,0.01,0.35
175549.0,0.7,0.7,0.7023,0.01,0.35
175550.0,0.7,0.7,0.7023,0.01,0.35
175551.0,0.7,0.7,0.7081,0.03,0.37
175552.0,0.7,0.7,0.7067,0.03,0.37
175553.0,0.7,0.7,0.7023,0.02,0.36
175554.0,0.7,0.7,0.703,0.02,0.36
175555.0,0.7,0.7,0.703,0.02,0.36
175556.0,0.7,0.7,0.7023,0.02,0.36
175557.0,0.7,0.7,0.7023,0.02,0.36
175558.0,0.7,0.7,0.703,0.02,0.36
175559.0,0.7,0.7,0.703,0.02,0.36
175560.0,0.7,0.7,0.6936,-0.02,-0.39
175561.0,0.7,0.7,0.7023,0.01,0.35
175562.0,0.7,0.7,0.702,0.01,0.35
175563.0,0.7,0.7,0.6987,0.0,0.34
175564.0,0.7,0.7,0.7005,0.01,0.35
175566.0,0.7,0.7,0.6972,-0.01,-0.38
175567.0,0.7,0.7,0.7089,0.04,0.38
175568.0,0.7,0.7,0.7023,0.02,0.36
175569.0,0.7,0.7,0.7023,0.02,0.36
175570.0,0.7,0.7,0.6994,0.0,0.34
175571.0,0.7,0.7,0.7038,0.02,0.36
175572.0,0.7,0.7,0.6994,0.0,0.34
175573.0,0.7,0.7,0.7052,0.03,0.37
175574.0,0.7,0.7,0.6987,0.0,0.34
175575.0,0.7,0.7,0.6965,-0.01,-0.38
175576.0,0.7,0.7,0.6936,-0.02,-0.39
175577.0,0.7,0.7,0.6987,-0.0,-0.37
175578.0,0.7,0.7,0.6965,-0.01,-0.38
175579.0,0.7,0.7,0.7074,0.03,0.37
175580.0,0.7,0.7,0.6878,-0.05,-0.42
175581.0,0.7,0.7,0.6972,-0.01,-0.38
175582.0,0.7,0.7,0.6918,-0.04,-0.41
175584.0,0.7,0.7,0.6972,-0.02,-0.39
175585.0,0.7,0.7,0.6965,-0.02,-0.39
175586.0,0.7,0.7,0.6951,-0.03,-0.4
175587.0,0.7,0.7,0.6972,-0.02,-0.39
175588.0,0.7,0.7,0.6976,-0.02,-0.39
175589.0,0.7,0.7,0.6972,-0.02,-0.39
175590.0,0.7,0.7,0.6972,-0.02,-0.39
175591.0,0.7,0.7,0.6965,-0.02,-0.39
175592.0,0.7,0.7,0.6958,-0.03,-0.4
175593.0,0.7,0.7,0.6929,-0.04,-0.41
175594.0,0.7,0.7,0.6991,-0.01,-0.38
175595.0,0.7,0.7,0.6987,-0.02,-0.39
175597.0,0.7,0.7,0.7176,0.06,0.4
175598.0,0.7,0.7,0.6965,-0.02,-0.39
175599.0,0.7,0.7,0.6856,-0.06,-0.43
175600.0,0.7,0.7,0.6987,-0.01,-0.38
175601.0,0.7,0.7,0.6976,-0.02,-0.39
175602.0,0.7,0.7,0.6994,-0.01,-0.38
175603.0,0.7,0.7,0.6994,-0.01,-0.38
175604.0,0.7,0.7,0.6994,-0.01,-0.38
175605.0,0.7,0.7,0.6994,-0.01,-0.38
175606.0,0.7,0.7,0.6972,-0.02,-0.39
175607.0,0.7,0.7,0.6958,-0.02,-0.39
175608.0,0.7,0.7,0.6994,-0.01,-0.38
175609.0,0.7,0.7,0.703,0.01,0.35
175610.0,0.7,0.7,0.6835,-0.07,-0.44
175612.0,0.7,0.7,0.7052,0.01,0.35
175613.0,0.7,0.7,0.706,0.02,0.36
175614.0,0.7,0.7,0.7045,0.01,0.35
175615.0,0.7,0.7,0.7023,0.01,0.35
175616.0,0.7,0.7,0.706,0.02,0.36
175617.0,0.7,0.7,0.6987,-0.01,-0.38
175618.0,0.7,0.7,0.703,0.01,0.35
175619.0,0.7,0.7,0.6914,-0.03,-0.4
175620.0,0.7,0.7,0.7023,0.01,0.35
175621.0,0.7,0.7,0.7139,0.06,0.4
175622.0,0.7,0.7,0.7001,0.0,0.34
175623.0,0.7,0.7,0.7034,0.02,0.36
175624.0,0.7,0.7,0.6994,0.0,0.34
175625.0,0.7,0.7,0.7052,0.03,0.37
175626.0,0.7,0.7,0.702,0.01,0.35
175627.0,0.7,0.7,0.7045,0.02,0.36
175628.0,0.7,0.7,0.6965,-0.01,-0.38
175629.0,0.7,0.7,0.703,0.02,0.36
175631.0,0.7,0.7,0.703,0.02,0.36
175632.0,0.7,0.7,0.7023,0.02,0.36
175633.0,0.7,0.7,0.7001,0.01,0.35
175634.0,0.7,0.7,0.703,0.02,0.36
175635.0,0.7,0.7,0.7045,0.02,0.36
175636.0,0.7,0.7,0.7023,0.02,0.36
175637.0,0.7,0.7,0.6936,-0.02,-0.39
175638.0,0.7,0.7,0.7023,0.01,0.35
175639.0,0.7,0.7,0.7125,0.06,0.4
175640.0,0.7,0.7,0.6994,0.01,0.35
175641.0,0.7,0.7,0.703,0.02,0.36
175642.0,0.7,0.7,0.7023,0.02,0.36
175643.0,0.7,0.7,0.7023,0.02,0.36
175644.0,0.7,0.7,0.7001,0.01,0.35
175645.0,0.7,0.7,0.7023,0.02,0.36
175646.0,0.7,0.7,0.7023,0.02,0.36
175647.0,0.7,0.7,0.7005,0.01,0.35
175648.0,0.7,0.7,0.7023,0.02,0.36
175649.0,0.7,0.7,0.6965,-0.01,-0.38
175650.0,0.7,0.7,0.7034,0.02,0.36
175652.0,0.7,0.7,0.6856,-0.05,-0.42
175653.0,0.7,0.7,0.711,0.05,0.39
175654.0,0.7,0.7,0.6943,-0.02,-0.39
175655.0,0.7,0.7,0.7049,0.02,0.36
175656.0,0.7,0.7,0.6936,-0.02,-0.39
175657.0,0.7,0.7,0.7034,0.02,0.36
175658.0,0.7,0.7,0.6987,-0.0,-0.37
175659.0,0.7,0.7,0.6907,-0.04,-0.41
175660.0,0.7,0.7,0.6972,-0.01,-0.38
175661.0,0.7,0.7,0.698,-0.01,-0.38
175662.0,0.7,0.7,0.6987,-0.01,-0.38
175663.0,0.7,0.7,0.6972,-0.01,-0.38
175664.0,0.7,0.7,0.6987,-0.01,-0.38
175665.0,0.7,0.7,0.6987,-0.01,-0.38
175667.0,0.7,0.7,0.6965,-0.02,-0.39
175668.0,0.7,0.7,0.6994,-0.01,-0.38
175669.0,0.7,0.7,0.6755,-0.11,-0.48
175670.0,0.7,0.7,0.6972,-0.02,-0.39
175671.0,0.7,0.7,0.6994,-0.01,-0.38
175672.0,0.7,0.7,0.6929,-0.04,-0.41
175673.0,0.7,0.7,0.7001,-0.01,-0.38
175674.0,0.7,0.7,0.6947,-0.03,-0.4
175675.0,0.7,0.7,0.6972,-0.02,-0.39
175676.0,0.7,0.7,0.6965,-0.03,-0.4
175677.0,0.7,0.7,0.6994,-0.01,-0.38
175678.0,0.7,0.7,0.7001,-0.01,-0.38
175679.0,0.7,0.7,0.7001,-0.01,-0.38
175681.0,0.7,0.7,0.6994,-0.01,-0.38
175682.0,0.7,0.7,0.6994,-0.01,-0.38
175683.0,0.7,0.7,0.7045,0.01,0.35
175684.0,0.7,0.7,0.703,0.01,0.35
175685.0,0.7,0.7,0.6936,-0.03,-0.4
175686.0,0.7,0.7,0.7009,-0.0,-0.37
175687.0,0.7,0.7,0.7045,0.01,0.35
175688.0,0.7,0.7,0.6907,-0.04,-0.41
175689.0,0.7,0.7,0.6987,-0.01,-0.38
175690.0,0.7,0.7,0.7023,0.0,0.34
175691.0,0.7,0.7,0.7089,0.03,0.37
175692.0,0.7,0.7,0.6987,-0.01,-0.38
175693.0,0.7,0.7,0.6784,-0.09,-0.46
175694.0,0.7,0.7,0.703,0.0,0.34
175695.0,0.7,0.7,0.7023,0.0,0.34
175696.0,0.7,0.7,0.7045,0.01,0.35
175698.0,0.7,0.7,0.6914,-0.04,-0.41
175699.0,0.7,0.7,0.7023,0.0,0.34
175700.0,0.7,0.7,0.703,0.01,0.35
175701.0,0.7,0.7,0.6943,-0.03,-0.4
175702.0,0.7,0.7,0.6994,-0.01,-0.38
175703.0,0.7,0.7,0.7092,0.03,0.37
175704.0,0.7,0.7,0.7034,0.01,0.35
175705.0,0.7,0.7,0.6972,-0.01,-0.38
175706.0,0.7,0.7,0.703,0.01,0.35
175707.0,0.7,0.7,0.7052,0.02,0.36
175708.0,0.7,0.7,0.703,0.01,0.35
175709.0,0.7,0.7,0.703,0.02,0.36
175710.0,0.7,0.7,0.7081,0.04,0.38
175711.0,0.7,0.7,0.6965,-0.01,-0.38
175712.0,0.7,0.7,0.7009,0.01,0.35
175713.0,0.7,0.7,0.6965,-0.01,-0.38
175714.0,0.7,0.7,0.7023,0.01,0.35
175715.0,0.7,0.7,0.6893,-0.04,-0.41
175717.0,0.7,0.7,0.7089,0.04,0.38
175718.0,0.7,0.7,0.7023,0.01,0.35
175719.0,0.7,0.7,0.6994,0.0,0.34
175720.0,0.7,0.7,0.6972,-0.01,-0.38
175721.0,0.7,0.7,0.6856,-0.06,-0.43
175722.0,0.7,0.7,0.7085,0.03,0.37
175723.0,0.7,0.7,0.7089,0.04,0.38
175724.0,0.7,0.7,0.7103,0.05,0.39
175725.0,0.7,0.7,0.7023,0.02,0.36
175726.0,0.7,0.7,0.7038,0.02,0.36
175727.0,0.7,0.7,0.7005,0.01,0.35
175728.0,0.7,0.7,0.7034,0.02,0.36
175729.0,0.7,0.7,0.7125,0.06,0.4
175730.0,0.7,0.7,0.7118,0.06,0.4
175731.0,0.7,0.7,0.703,0.03,0.37
175732.0,0.7,0.7,0.7045,0.03,0.37
175733.0,0.7,0.7,0.7023,0.02,0.36
175734.0,0.7,0.7,0.7147,0.07,0.41
175735.0,0.7,0.7,0.706,0.04,0.38
175736.0,0.7,0.7,0.703,0.03,0.37
175738.0,0.7,0.7,0.6958,-0.0,-0.37
175739.0,0.7,0.7,0.7023,0.02,0.36
175740.0,0.7,0.7,0.6965,-0.0,-0.37
175741.0,0.7,0.7,0.7023,0.02,0.36
175742.0,0.7,0.7,0.6936,-0.02,-0.39
175743.0,0.7,0.7,0.702,0.02,0.36
175744.0,0.7,0.7,0.6994,0.01,0.35
175745.0,0.7,0.7,0.7034,0.02,0.36
175746.0,0.7,0.7,0.6994,0.01,0.35
175747.0,0.7,0.7,0.6987,0.0,0.34
175748.0,0.7,0.7,0.703,0.02,0.36
175749.0,0.7,0.7,0.6914,-0.03,-0.4
175750.0,0.7,0.7,0.6987,-0.0,-0.37
175751.0,0.7,0.7,0.6885,-0.05,-0.42
175752.0,0.7,0.7,0.703,0.01,0.35
175753.0,0.7,0.7,0.6965,-0.02,-0.39
175755.0,0.7,0.7,0.6936,-0.03,-0.4
175756.0,0.7,0.7,0.7001,-0.0,-0.37
175757.0,0.7,0.7,0.6994,-0.01,-0.38
175758.0,0.7,0.7,0.7005,-0.0,-0.37
175759.0,0.7,0.7,0.6972,-0.01,-0.38
175760.0,0.7,0.7,0.6987,-0.01,-0.38
175761.0,0.7,0.7,0.6987,-0.01,-0.38
175762.0,0.7,0.7,0.6987,-0.01,-0.38
175763.0,0.7,0.7,0.7001,-0.0,-0.37
175764.0,0.7,0.7,0.6994,-0.01,-0.38
175765.0,0.7,0.7,0.6871,-0.06,-0.43
175766.0,0.7,0.7,0.6994,-0.01,-0.38
175767.0,0.7,0.7,0.6972,-0.02,-0.39
175769.0,0.7,0.7,0.7001,-0.01,-0.38
175770.0,0.7,0.7,0.7001,-0.01,-0.38
175771.0,0.7,0.7,0.6965,-0.02,-0.39
175772.0,0.7,0.7,0.6943,-0.03,-0.4
175773.0,0.7,0.7,0.6987,-0.01,-0.38
175774.0,0.7,0.7,0.6929,-0.04,-0.41
175775.0,0.7,0.7,0.6994,-0.01,-0.38
175776.0,0.7,0.7,0.706,0.02,0.36
175777.0,0.7,0.7,0.7074,0.02,0.36
175778.0,0.7,0.7,0.7023,0.01,0.35
175779.0,0.7,0.7,0.6994,-0.0,-0.37
175780.0,0.7,0.7,0.7023,0.01,0.35
175781.0,0.7,0.7,0.7034,0.01,0.35
175782.0,0.7,0.7,0.7023,0.01,0.35
175783.0,0.7,0.7,0.7005,0.0,0.34
175784.0,0.7,0.7,0.7023,0.01,0.35
175786.0,0.7,0.7,0.706,0.03,0.37
175787.0,0.7,0.7,0.703,0.02,0.36
175788.0,0.7,0.7,0.706,0.03,0.37
175789.0,0.7,0.7,0.6987,0.0,0.34
175790.0,0.7,0.7,0.7005,0.01,0.35
175791.0,0.7,0.7,0.7009,0.01,0.35
175792.0,0.7,0.7,0.7074,0.04,0.38
175793.0,0.7,0.7,0.7052,0.03,0.37
175794.0,0.7,0.7,0.6936,-0.02,-0.39
175795.0,0.7,0.7,0.6965,-0.01,-0.38
175796.0,0.7,0.7,0.7016,0.01,0.35
175797.0,0.7,0.7,0.7001,0.0,0.34
175798.0,0.7,0.7,0.703,0.02,0.36
175799.0,0.7,0.7,0.7052,0.03,0.37
175800.0,0.7,0.7,0.7081,0.04,0.38
175801.0,0.7,0.7,0.7001,0.01,0.35
175802.0,0.7,0.7,0.7023,0.02,0.36
175803.0,0.7,0.7,0.7005,0.01,0.35
175804.0,0.7,0.7,0.7045,0.03,0.37
175805.0,0.7,0.7,0.6951,-0.01,-0.38
175807.0,0.7,0.7,0.7023,0.01,0.35
175808.0,0.7,0.7,0.703,0.02,0.36
175809.0,0.7,0.7,0.7001,0.01,0.35
175810.0,0.7,0.7,0.7023,0.02,0.36
175811.0,0.7,0.7,0.7005,0.01,0.35
175812.0,0.7,0.7,0.7016,0.01,0.35
175813.0,0.7,0.7,0.7023,0.02,0.36
175814.0,0.7,0.7,0.6972,-0.01,-0.38
175815.0,0.7,0.7,0.6976,-0.01,-0.38
175816.0,0.7,0.7,0.6994,0.0,0.34
175817.0,0.7,0.7,0.6987,-0.0,-0.37
175818.0,0.7,0.7,0.7038,0.02,0.36
175819.0,0.7,0.7,0.6994,0.0,0.34
175820.0,0.7,0.7,0.6987,-0.0,-0.37
175821.0,0.7,0.7,0.7001,0.0,0.34
175822.0,0.7,0.7,0.6885,-0.05,-0.42
175823.0,0.7,0.7,0.6965,-0.02,-0.39
175825.0,0.7,0.7,0.6994,-0.01,-0.38
175826.0,0.7,0.7,0.6994,-0.01,-0.38
175827.0,0.7,0.7,0.7001,-0.0,-0.37
175828.0,0.7,0.7,0.6976,-0.01,-0.38
175829.0,0.7,0.7,0.6958,-0.02,-0.39
175830.0,0.7,0.7,0.6936,-0.03,-0.4
175831.0,0.7,0.7,0.6929,-0.04,-0.41
175832.0,0.7,0.7,0.6972,-0.02,-0.39
175833.0,0.7,0.7,0.7001,-0.01,-0.38
175834.0,0.7,0.7,0.6976,-0.02,-0.39
175835.0,0.7,0.7,0.7139,0.05,0.39
175836.0,0.7,0.7,0.7023,0.01,0.35
175837.0,0.7,0.7,0.6914,-0.04,-0.41
175838.0,0.7,0.7,0.6994,-0.01,-0.38
175840.0,0.7,0.7,0.6911,-0.04,-0.41
175841.0,0.7,0.7,0.6972,-0.02,-0.39
175842.0,0.7,0.7,0.6965,-0.02,-0.39
175843.0,0.7,0.7,0.6987,-0.01,-0.38
175844.0,0.7,0.7,0.6994,-0.01,-0.38
175845.0,0.7,0.7,0.6965,-0.02,-0.39
175846.0,0.7,0.7,0.6972,-0.02,-0.39
175847.0,0.7,0.7,0.6987,-0.01,-0.38
175848.0,0.7,0.7,0.7023,0.0,0.34
175849.0,0.7,0.7,0.7001,-0.01,-0.38
175850.0,0.7,0.7,0.7049,0.01,0.35
175851.0,0.7,0.7,0.6907,-0.04,-0.41
175852.0,0.7,0.7,0.6871,-0.06,-0.43
175854.0,0.7,0.7,0.706,0.01,0.35
175855.0,0.7,0.7,0.6987,-0.01,-0.38
175856.0,0.7,0.7,0.7023,0.0,0.34
175857.0,0.7,0.7,0.7103,0.04,0.38
175858.0,0.7,0.7,0.7045,0.02,0.36
175859.0,0.7,0.7,0.7205,0.08,0.42
175860.0,0.7,0.7,0.7045,0.03,0.37
175861.0,0.7,0.7,0.6994,0.01,0.35
175862.0,0.7,0.7,0.6994,0.0,0.34
175863.0,0.7,0.7,0.7023,0.02,0.36
175864.0,0.7,0.7,0.703,0.02,0.36
175865.0,0.7,0.7,0.703,0.02,0.36
175866.0,0.7,0.7,0.7052,0.03,0.37
175867.0,0.7,0.7,0.6987,0.0,0.34
175868.0,0.7,0.7,0.7023,0.02,0.36
175869.0,0.7,0.7,0.7023,0.02,0.36
175870.0,0.7,0.7,0.7201,0.09,0.43
175871.0,0.7,0.7,0.703,0.03,0.37
175872.0,0.7,0.7,0.7001,0.01,0.35
175873.0,0.7,0.7,0.7023,0.02,0.36
175875.0,0.7,0.7,0.703,0.02,0.36
175876.0,0.7,0.7,0.6976,0.0,0.34
175877.0,0.7,0.7,0.6947,-0.01,-0.38
175878.0,0.7,0.7,0.6965,-0.01,-0.38
175879.0,0.7,0.7,0.6965,-0.01,-0.38
175880.0,0.7,0.7,0.6965,-0.01,-0.38
175881.0,0.7,0.7,0.7052,0.02,0.36
175882.0,0.7,0.7,0.7016,0.01,0.35
175883.0,0.7,0.7,0.7001,0.0,0.34
175884.0,0.7,0.7,0.703,0.02,0.36
175885.0,0.7,0.7,0.6994,0.0,0.34
175886.0,0.7,0.7,0.6965,-0.01,-0.38
175887.0,0.7,0.7,0.6972,-0.01,-0.38
175888.0,0.7,0.7,0.6987,-0.0,-0.37
175889.0,0.7,0.7,0.703,0.01,0.35
175890.0,0.7,0.7,0.6907,-0.04,-0.41
175891.0,0.7,0.7,0.6987,-0.01,-0.38
175893.0,0.7,0.7,0.6943,-0.03,-0.4
175894.0,0.7,0.7,0.7016,0.0,0.34
175895.0,0.7,0.7,0.6929,-0.03,-0.4
175896.0,0.7,0.7,0.6994,-0.01,-0.38
175897.0,0.7,0.7,0.7052,0.02,0.36
175898.0,0.7,0.7,0.711,0.04,0.38
175899.0,0.7,0.7,0.7034,0.02,0.36
175900.0,0.7,0.7,0.6965,-0.01,-0.38
175901.0,0.7,0.7,0.6976,-0.01,-0.38
175902.0,0.7,0.7,0.6965,-0.01,-0.38
175903.0,0.7,0.7,0.7001,-0.0,-0.37
175904.0,0.7,0.7,0.6994,-0.0,-0.37
175905.0,0.7,0.7,0.6951,-0.02,-0.39
175906.0,0.7,0.7,0.6936,-0.03,-0.4
175908.0,0.7,0.7,0.6936,-0.03,-0.4
175909.0,0.7,0.7,0.7049,0.01,0.35
175910.0,0.7,0.7,0.6943,-0.03,-0.4
175911.0,0.7,0.7,0.6871,-0.06,-0.43
175912.0,0.7,0.7,0.7001,-0.01,-0.38
175913.0,0.7,0.7,0.7052,0.01,0.35
175914.0,0.7,0.7,0.6907,-0.04,-0.41
175915.0,0.7,0.7,0.6987,-0.01,-0.38
175916.0,0.7,0.7,0.6972,-0.02,-0.39
175917.0,0.7,0.7,0.6965,-0.02,-0.39
175918.0,0.7,0.7,0.6987,-0.01,-0.38
175919.0,0.7,0.7,0.6943,-0.03,-0.4
175920.0,0.7,0.7,0.7016,-0.0,-0.37
175921.0,0.7,0.7,0.7023,0.0,0.34
175922.0,0.7,0.7,0.6994,-0.01,-0.38
175924.0,0.7,0.7,0.6784,-0.1,-0.47
175925.0,0.7,0.7,0.6414,-0.26,-0.63
175926.0,0.7,0.7,0.7052,-0.01,-0.38
175927.0,0.7,0.7,0.7045,-0.01,-0.38
175928.0,0.7,0.7,0.7001,-0.02,-0.39
175929.0,0.7,0.7,0.703,-0.01,-0.38
175930.0,0.7,0.7,0.6994,-0.02,-0.39
175931.0,0.7,0.7,0.7034,-0.0,-0.37
175932.0,0.7,0.7,0.706,0.01,0.35
175933.0,0.7,0.7,0.6907,-0.05,-0.42
175934.0,0.7,0.7,0.7049,0.01,0.35
175935.0,0.7,0.7,0.7001,-0.01,-0.38
175936.0,0.7,0.7,0.7052,0.01,0.35
175937.0,0.7,0.7,0.7052,0.01,0.35
175939.0,0.7,0.7,0.7092,0.03,0.37
175940.0,0.7,0.7,0.7038,0.01,0.35
175941.0,0.7,0.7,0.7045,0.02,0.36
175942.0,0.7,0.7,0.7001,0.0,0.34
175943.0,0.7,0.7,0.7081,0.04,0.38
175944.0,0.7,0.7,0.7052,0.03,0.37
175945.0,0.7,0.7,0.7001,0.01,0.35
175946.0,0.7,0.7,0.711,0.05,0.39
175947.0,0.7,0.7,0.7052,0.03,0.37
175948.0,0.7,0.7,0.7081,0.04,0.38
175949.0,0.7,0.7,0.7063,0.04,0.38
175950.0,0.7,0.7,0.6994,0.01,0.35
175951.0,0.7,0.7,0.6965,-0.0,-0.37
175952.0,0.7,0.7,0.7023,0.02,0.36
175953.0,0.7,0.7,0.706,0.03,0.37
175954.0,0.7,0.7,0.7023,0.02,0.36
175955.0,0.7,0.7,0.711,0.06,0.4
175956.0,0.7,0.7,0.7052,0.03,0.37
175957.0,0.7,0.7,0.703,0.03,0.37
175958.0,0.7,0.7,0.7459,0.2,0.54
175959.0,0.7,0.7,0.7001,0.03,0.37
175960.0,0.7,0.7,0.7081,0.06,0.4
175962.0,0.7,0.7,0.706,0.05,0.39
175963.0,0.7,0.7,0.7023,0.03,0.37
175964.0,0.7,0.7,0.7027,0.03,0.37
175965.0,0.7,0.7,0.706,0.05,0.39
175966.0,0.7,0.7,0.7023,0.03,0.37
175967.0,0.7,0.7,0.706,0.05,0.39
175968.0,0.7,0.7,0.7023,0.03,0.37
175969.0,0.7,0.7,0.7023,0.03,0.37
175970.0,0.7,0.7,0.6994,0.02,0.36
175971.0,0.7,0.7,0.7001,0.02,0.36
175972.0,0.7,0.7,0.7001,0.02,0.36
175973.0,0.7,0.7,0.6994,0.01,0.35
175974.0,0.7,0.7,0.706,0.04,0.38
175975.0,0.7,0.7,0.7034,0.03,0.37
175976.0,0.7,0.7,0.6936,-0.01,-0.38
175977.0,0.7,0.7,0.7016,0.02,0.36
175978.0,0.7,0.7,0.6987,0.0,0.34
175979.0,0.7,0.7,0.6965,-0.01,-0.38
175980.0,0.7,0.7,0.6987,0.0,0.34
175982.0,0.7,0.7,0.6929,-0.02,-0.39
175983.0,0.7,0.7,0.6965,-0.01,-0.38
175984.0,0.7,0.7,0.6976,-0.01,-0.38
175985.0,0.7,0.7,0.6943,-0.02,-0.39
175986.0,0.7,0.7,0.6987,-0.01,-0.38
175987.0,0.7,0.7,0.6965,-0.02,-0.39
175988.0,0.7,0.7,0.6972,-0.01,-0.38
175989.0,0.7,0.7,0.6936,-0.03,-0.4
175990.0,0.7,0.7,0.6976,-0.02,-0.39
175991.0,0.7,0.7,0.6907,-0.04,-0.41
175992.0,0.7,0.7,0.7205,0.08,0.42
175993.0,0.7,0.7,0.7081,0.03,0.37
175994.0,0.7,0.7,0.6987,-0.0,-0.37
175995.0,0.7,0.7,0.7049,0.02,0.36
175997.0,0.7,0.7,0.7023,0.01,0.35
175998.0,0.7,0.7,0.6878,-0.05,-0.42
175999.0,0.7,0.7,0.6965,-0.02,-0.39
176000.0,-0.7,-0.7,0.6972,5.77,6.11
176001.0,-0.7,-0.7,0.7005,6.25,6.59
176002.0,-0.7,-0.7,0.6972,6.67,7.01
176003.0,-0.7,-0.7,0.6972,7.06,7.4
176004.0,-0.7,-0.7,0.6907,7.39,7.73
176005.0,-0.7,-0.7,0.6878,7.7,8.04
176006.0,-0.7,-0.7,0.6885,7.99,8.33
176007.0,-0.7,-0.7,0.6878,8.25,8.59
176008.0,-0.7,-0.7,0.6773,8.45,8.79
176009.0,-0.7,-0.7,0.6755,8.66,9.0
176011.0,-0.7,-0.7,0.6715,8.84,9.18
176012.0,-0.7,-0.7,0.6711,9.02,9.36
176013.0,-0.7,-0.7,0.6508,9.1,9.44
176014.0,-0.7,-0.7,0.6671,9.3,9.64
176015.0,-0.7,-0.7,0.653,9.38,9.72
176016.0,-0.7,-0.7,0.6472,9.47,9.81
176017.0,-0.7,-0.7,0.6588,9.62,9.96
176018.0,-0.7,-0.7,0.6338,9.62,9.96
176019.0,-0.7,-0.7,0.6269,9.67,10.01
176020.0,-0.7,-0.7,0.6218,9.72,10.06
176021.0,-0.7,-0.7,0.6145,9.76,10.1
176022.0,-0.7,-0.7,0.6058,9.78,10.12
176024.0,-0.7,-0.7,0.5989,9.8,10.14
176025.0,-0.7,-0.7,0.5877,9.79,10.13
176026.0,-0.7,-0.7,0.5783,9.78,10.12
176027.0,-0.7,-0.7,0.5783,9.81,10.15
176028.0,-0.7,-0.7,0.5666,9.79,10.13
176029.0,-0.7,-0.7,0.5583,9.77,10.11
176030.0,-0.7,-0.7,0.5579,9.79,10.13
176031.0,-0.7,-0.7,0.542,9.73,10.07
176032.0,-0.7,-0.7,0.5282,9.68,10.02
176033.0,-0.7,-0.7,0.5202,9.65,9.99
176034.0,-0.7,-0.7,0.5046,9.58,9.92
176036.0,-0.7,-0.7,0.5061,9.58,9.92
176037.0,-0.7,-0.7,0.497,9.54,9.88
176038.0,-0.7,-0.7,0.4883,9.5,9.84
176039.0,-0.7,-0.7,0.4767,9.44,9.78
176040.0,-0.7,-0.7,0.4694,9.4,9.74
176041.0,-0.7,-0.7,0.4596,9.34,9.68
176042.0,-0.7,-0.7,0.4564,9.31,9.65
176043.0,-0.7,-0.7,0.4448,9.25,9.59
176044.0,-0.7,-0.7,0.4266,9.15,9.49
176045.0,-0.7,-0.7,0.4168,9.09,9.43
176046.0,-0.7,-0.7,0.4121,9.04,9.38
176047.0,-0.7,-0.7,0.4005,8.97,9.31
176049.0,-0.7,-0.7,0.39,8.9,9.24
176050.0,-0.7,-0.7,0.3809,8.84,9.18
176051.0,-0.7,-0.7,0.3737,8.78,9.12
176052.0,-0.7,-0.7,0.3577,8.69,9.03
176053.0,-0.7,-0.7,0.3497,8.63,8.97
176054.0,-0.7,-0.7,0.3425,8.57,8.91
176055.0,-0.7,-0.7,0.329,8.48,8.82
176056.0,-0.7,-0.7,0.3142,8.39,8.73
176057.0,-0.7,-0.7,0.3058,8.32,8.66
176058.0,-0.7,-0.7,0.2989,8.26,8.6
176059.0,-0.7,-0.7,0.2851,8.17,8.51
176060.0,-0.7,-0.7,0.2692,8.07,8.41
176062.0,-0.7,-0.7,0.2728,8.04,8.38
176063.0,-0.7,-0.7,0.2605,7.96,8.3
176064.0,-0.7,-0.7,0.2438,7.86,8.2
176065.0,-0.7,-0.7,0.2358,7.79,8.13
176066.0,-0.7,-0.7,0.2227,7.7,8.04
176067.0,-0.7,-0.7,0.214,7.62,7.96
176068.0,-0.7,-0.7,0.2039,7.55,7.89
176069.0,-0.7,-0.7,0.1897,7.45,7.79
176070.0,-0.7,-0.7,0.1872,7.4,7.74
176071.0,-0.7,-0.7,0.1632,7.27,7.61
176072.0,-0.7,-0.7,0.16,7.21,7.55
176073.0,-0.7,-0.7,0.1429,7.11,7.45
176075.0,-0.7,-0.7,0.1342,7.03,7.37
176076.0,-0.7,-0.7,0.119,6.93,7.27
176077.0,-0.7,-0.7,0.1161,6.87,7.21
176078.0,-0.7,-0.7,0.1074,6.8,7.14
176079.0,-0.7,-0.7,0.09,6.69,7.03
176080.0,-0.7,-0.7,0.0958,6.67,7.01
176081.0,-0.7,-0.7,0.0755,6.55,6.89
176082.0,-0.7,-0.7,0.0675,6.48,6.82
176083.0,-0.7,-0.7,0.0501,6.37,6.71
176084.0,-0.7,-0.7,0.0522,6.34,6.68
176085.0,-0.7,-0.7,0.0239,6.19,6.53
176086.0,-0.7,-0.7,0.0167,6.12,6.46
176088.0,-0.7,-0.7,0.0036,6.02,6.36
176089.0,-0.7,-0.7,-0.0033,5.95,6.29
176090.0,-0.7,-0.7,-0.0203,5.84,6.18
176091.0,-0.7,-0.7,-0.0232,5.79,6.13
176092.0,-0.7,-0.7,-0.0406,5.67,6.01
176093.0,-0.7,-0.7,-0.0406,5.63,5.97
176094.0,-0.7,-0.7,-0.0704,5.47,5.81
176095.0,-0.7,-0.7,-0.0726,5.42,5.76
176096.0,-0.7,-0.7,-0.0842,5.33,5.67
176097.0,-0.7,-0.7,-0.0929,5.25,5.59
176099.0,-0.7,-0.7,-0.1067,5.15,5.49
176100.0,-0.7,-0.7,-0.1125,5.09,5.43
176101.0,-0.7,-0.7,-0.1277,4.98,5.32
176102.0,-0.7,-0.7,-0.1382,4.9,5.24
176103.0,-0.7,-0.7,-0.1466,4.82,5.16
176104.0,-0.7,-0.7,-0.1643,4.71,5.05
176105.0,-0.7,-0.7,-0.1734,4.63,4.97
176106.0,-0.7,-0.7,-0.193,4.5,4.84
176107.0,-0.7,-0.7,-0.1886,4.48,4.82
176108.0,-0.7,-0.7,-0.2053,4.37,4.71
176110.0,-0.7,-0.7,-0.2206,4.26,4.6
176111.0,-0.7,-0.7,-0.2242,4.21,4.55
176112.0,-0.7,-0.7,-0.2344,4.12,4.46
176113.0,-0.7,-0.7,-0.2445,4.04,4.38
176114.0,-0.7,-0.7,-0.2503,3.98,4.32
176115.0,-0.7,-0.7,-0.2619,3.89,4.23
176116.0,-0.7,-0.7,-0.2692,3.82,4.16
176117.0,-0.7,-0.7,-0.246,3.88,4.22
176118.0,-0.7,-0.7,-0.2949,3.65,3.99
176119.0,-0.7,-0.7,-0.3051,3.57,3.91
176121.0,-0.7,-0.7,-0.3174,3.48,3.82
176122.0,-0.7,-0.7,-0.3276,3.4,3.74
176123.0,-0.7,-0.7,-0.3381,3.31,3.65
176124.0,-0.7,-0.7,-0.3454,3.24,3.58
176125.0,-0.7,-0.7,-0.3526,3.17,3.51
176126.0,-0.7,-0.7,-0.3657,3.08,3.42
176127.0,-0.7,-0.7,-0.3762,3.0,3.34
176128.0,-0.7,-0.7,-0.378,2.95,3.29
176129.0,-0.7,-0.7,-0.4012,2.82,3.16
176130.0,-0.7,-0.7,-0.3918,2.81,3.15
176132.0,-0.7,-0.7,-0.4092,2.71,3.05
176133.0,-0.7,-0.7,-0.4157,2.64,2.98
176134.0,-0.7,-0.7,-0.4295,2.55,2.89
176135.0,-0.7,-0.7,-0.4433,2.46,2.8
176136.0,-0.7,-0.7,-0.44,2.43,2.77
176137.0,-0.7,-0.7,-0.4509,2.35,2.69
176138.0,-0.7,-0.7,-0.4564,2.3,2.64
176139.0,-0.7,-0.7,-0.4662,2.22,2.56
176140.0,-0.7,-0.7,-0.4676,2.18,2.52
176141.0,-0.7,-0.7,-0.4839,2.08,2.42
176143.0,-0.7,-0.7,-0.4883,2.03,2.37
176144.0,-0.7,-0.7,-0.5039,1.94,2.28
176145.0,-0.7,-0.7,-0.4992,1.92,2.26
176146.0,-0.7,-0.7,-0.505,1.87,2.21
176147.0,-0.7,-0.7,-0.5144,1.8,2.14
176148.0,-0.7,-0.7,-0.5108,1.78,2.12
176149.0,-0.7,-0.7,-0.5296,1.68,2.02
176150.0,-0.7,-0.7,-0.5311,1.64,1.98
176151.0,-0.7,-0.7,-0.542,1.57,1.91
176152.0,-0.7,-0.7,-0.5474,1.52,1.86
176154.0,-0.7,-0.7,-0.5485,1.49,1.83
176155.0,-0.7,-0.7,-0.5569,1.43,1.77
176156.0,-0.7,-0.7,-0.5601,1.39,1.73
176157.0,-0.7,-0.7,-0.5692,1.32,1.66
176158.0,-0.7,-0.7,-0.5732,1.28,1.62
176159.0,-0.7,-0.7,-0.5826,1.22,1.56
176160.0,-0.7,-0.7,-0.575,1.22,1.56
176161.0,-0.7,-0.7,-0.5862,1.16,1.5
176162.0,-0.7,-0.7,-0.5928,1.11,1.45
176163.0,-0.7,-0.7,-0.5997,1.05,1.39
176165.0,-0.7,-0.7,-0.6124,0.98,1.32
176166.0,-0.7,-0.7,-0.5884,1.05,1.39
176167.0,-0.7,-0.7,-0.6084,0.95,1.29
176168.0,-0.7,-0.7,-0.6153,0.9,1.24
176169.0,-0.7,-0.7,-0.6193,0.87,1.21
176170.0,-0.7,-0.7,-0.6189,0.85,1.19
176171.0,-0.7,-0.7,-0.6316,0.78,1.12
176172.0,-0.7,-0.7,-0.6349,0.74,1.08
176173.0,-0.7,-0.7,-0.6327,0.73,1.07
176174.0,-0.7,-0.7,-0.6428,0.67,1.01
176176.0,-0.7,-0.7,-0.6414,0.66,1.0
176177.0,-0.7,-0.7,-0.6461,0.62,0.96
176178.0,-0.7,-0.7,-0.6501,0.59,0.93
176179.0,-0.7,-0.7,-0.6552,0.55,0.89
176180.0,-0.7,-0.7,-0.6537,0.54,0.88
176181.0,-0.7,-0.7,-0.6762,0.43,0.77
176182.0,-0.7,-0.7,-0.6613,0.47,0.81
176183.0,-0.7,-0.7,-0.6646,0.44,0.78
176184.0,-0.7,-0.7,-0.6668,0.42,0.76
176185.0,-0.7,-0.7,-0.6849,0.33,0.67
176186.0,-0.7,-0.7,-0.674,0.35,0.69
176188.0,-0.7,-0.7,-0.6751,0.34,0.68
176189.0,-0.7,-0.7,-0.6878,0.27,0.61
176190.0,-0.7,-0.7,-0.6965,0.22,0.56
176191.0,-0.7,-0.7,-0.6842,0.25,0.59
176192.0,-0.7,-0.7,-0.6846,0.24,0.58
176193.0,-0.7,-0.7,-0.7002,0.17,0.51
176194.0,-0.7,-0.7,-0.6907,0.19,0.53
176195.0,-0.7,-0.7,-0.694,0.17,0.51
176196.0,-0.7,-0.7,-0.6954,0.15,0.49
176197.0,-0.7,-0.7,-0.6867,0.17,0.51
176198.0,-0.7,-0.7,-0.698,0.12,0.46
176200.0,-0.7,-0.7,-0.7023,0.09,0.43
176201.0,-0.7,-0.7,-0.7041,0.08,0.42
176202.0,-0.7,-0.7,-0.6951,0.1,0.44
176203.0,-0.7,-0.7,-0.7074,0.05,0.39
176204.0,-0.7,-0.7,-0.7052,0.05,0.39
176205.0,-0.7,-0.7,-0.7132,0.01,0.35
176206.0,-0.7,-0.7,-0.6943,0.07,0.41
176207.0,-0.7,-0.7,-0.7168,-0.02,-0.39
176208.0,-0.7,-0.7,-0.7168,-0.03,-0.4
176209.0,-0.7,-0.7,-0.7212,-0.06,-0.43
176211.0,-0.7,-0.7,-0.7212,-0.07,-0.44
176212.0,-0.7,-0.7,-0.7125,-0.04,-0.41
176213.0,-0.7,-0.7,-0.7161,-0.06,-0.43
176214.0,-0.7,-0.7,-0.7176,-0.07,-0.44
176215.0,-0.7,-0.7,-0.7176,-0.08,-0.45
176216.0,-0.7,-0.7,-0.7197,-0.09,-0.46
176217.0,-0.7,-0.7,-0.719,-0.1,-0.47
176218.0,-0.7,-0.7,-0.7266,-0.13,-0.5
176220.0,-0.7,-0.7,-0.7245,-0.13,-0.5
176221.0,-0.7,-0.7,-0.727,-0.15,-0.52
176222.0,-0.7,-0.7,-0.7197,-0.12,-0.49
176223.0,-0.7,-0.7,-0.7205,-0.13,-0.5
176224.0,-0.7,-0.7,-0.7212,-0.13,-0.5
176225.0,-0.7,-0.7,-0.7234,-0.15,-0.52
176226.0,-0.7,-0.7,-0.723,-0.15,-0.52
176227.0,-0.7,-0.7,-0.7197,-0.14,-0.51
176229.0,-0.7,-0.7,-0.7274,-0.17,-0.54
176230.0,-0.7,-0.7,-0.7194,-0.14,-0.51
176231.0,-0.7,-0.7,-0.7226,-0.16,-0.53
176232.0,-0.7,-0.7,-0.7234,-0.16,-0.53
176233.0,-0.7,-0.7,-0.7219,-0.16,-0.53
176234.0,-0.7,-0.7,-0.7234,-0.16,-0.53
176235.0,-0.7,-0.7,-0.7234,-0.17,-0.54
176236.0,-0.7,-0.7,-0.7154,-0.14,-0.51
176238.0,-0.7,-0.7,-0.7176,-0.14,-0.51
176239.0,-0.7,-0.7,-0.7234,-0.17,-0.54
176240.0,-0.7,-0.7,-0.7216,-0.16,-0.53
176241.0,-0.7,-0.7,-0.7226,-0.17,-0.54
176242.0,-0.7,-0.7,-0.7219,-0.16,-0.53
176243.0,-0.7,-0.7,-0.727,-0.19,-0.56
176244.0,-0.7,-0.7,-0.7205,-0.16,-0.53
176245.0,-0.7,-0.7,-0.7212,-0.16,-0.53
176247.0,-0.7,-0.7,-0.7197,-0.16,-0.53
176248.0,-0.7,-0.7,-0.7147,-0.14,-0.51
176249.0,-0.7,-0.7,-0.7132,-0.13,-0.5
176250.0,-0.7,-0.7,-0.7168,-0.14,-0.51
176251.0,-0.7,-0.7,-0.7165,-0.14,-0.51
176252.0,-0.7,-0.7,-0.7157,-0.14,-0.51
176253.0,-0.7,-0.7,-0.7154,-0.13,-0.5
176254.0,-0.7,-0.7,-0.719,-0.15,-0.52
176256.0,-0.7,-0.7,-0.7121,-0.12,-0.49
176257.0,-0.7,-0.7,-0.7063,-0.09,-0.46
176258.0,-0.7,-0.7,-0.7132,-0.12,-0.49
176259.0,-0.7,-0.7,-0.7147,-0.12,-0.49
176260.0,-0.7,-0.7,-0.7118,-0.11,-0.48
176261.0,-0.7,-0.7,-0.707,-0.09,-0.46
176262.0,-0.7,-0.7,-0.7096,-0.1,-0.47
176263.0,-0.7,-0.7,-0.7096,-0.09,-0.46
176265.0,-0.7,-0.7,-0.7096,-0.09,-0.46
176266.0,-0.7,-0.7,-0.7089,-0.09,-0.46
176267.0,-0.7,-0.7,-0.7045,-0.07,-0.44
176268.0,-0.7,-0.7,-0.6972,-0.04,-0.41
176269.0,-0.7,-0.7,-0.7067,-0.07,-0.44
176270.0,-0.7,-0.7,-0.7074,-0.07,-0.44
176271.0,-0.7,-0.7,-0.7045,-0.06,-0.43
176272.0,-0.7,-0.7,-0.7081,-0.07,-0.44
176274.0,-0.7,-0.7,-0.6972,-0.03,-0.4
176275.0,-0.7,-0.7,-0.7052,-0.05,-0.42
176276.0,-0.7,-0.7,-0.7038,-0.05,-0.42
176277.0,-0.7,-0.7,-0.7067,-0.06,-0.43
176278.0,-0.7,-0.7,-0.7031,-0.04,-0.41
176279.0,-0.7,-0.7,-0.6972,-0.02,-0.39
176280.0,-0.7,-0.7,-0.6998,-0.02,-0.39
176281.0,-0.7,-0.7,-0.7012,-0.03,-0.4
176283.0,-0.7,-0.7,-0.69,0.02,0.36
176284.0,-0.7,-0.7,-0.6762,0.08,0.42
176285.0,-0.7,-0.7,-0.6907,0.03,0.37
176286.0,-0.7,-0.7,-0.6951,0.02,0.36
176287.0,-0.7,-0.7,-0.6954,0.02,0.36
176288.0,-0.7,-0.7,-0.6994,0.0,0.34
176289.0,-0.7,-0.7,-0.6951,0.02,0.36
176290.0,-0.7,-0.7,-0.6954,0.02,0.36
176291.0,-0.7,-0.7,-0.6936,0.03,0.37
176292.0,-0.7,-0.7,-0.6929,0.04,0.38
176293.0,-0.7,-0.7,-0.6951,0.03,0.37
176295.0,-0.7,-0.7,-0.6983,0.02,0.36
176296.0,-0.7,-0.7,-0.6972,0.02,0.36
176297.0,-0.7,-0.7,-0.6954,0.03,0.37
176298.0,-0.7,-0.7,-0.6994,0.01,0.35
176299.0,-0.7,-0.7,-0.6954,0.03,0.37
176300.0,-0.7,-0.7,-0.69,0.05,0.39
176301.0,-0.7,-0.7,-0.698,0.02,0.36
176302.0,-0.7,-0.7,-0.6987,0.02,0.36
176303.0,-0.7,-0.7,-0.6954,0.03,0.37
176304.0,-0.7,-0.7,-0.6976,0.02,0.36
176305.0,-0.7,-0.7,-0.6965,0.03,0.37
176307.0,-0.7,-0.7,-0.6943,0.03,0.37
176308.0,-0.7,-0.7,-0.698,0.02,0.36
176309.0,-0.7,-0.7,-0.6867,0.07,0.41
176310.0,-0.7,-0.7,-0.6987,0.02,0.36
176311.0,-0.7,-0.7,-0.7081,-0.02,-0.39
176312.0,-0.7,-0.7,-0.69,0.05,0.39
176313.0,-0.7,-0.7,-0.6947,0.03,0.37
176314.0,-0.7,-0.7,-0.6976,0.02,0.36
176315.0,-0.7,-0.7,-0.6965,0.03,0.37
176316.0,-0.7,-0.7,-0.7303,-0.11,-0.48
176317.0,-0.7,-0.7,-0.7012,-0.0,-0.37
176319.0,-0.7,-0.7,-0.7009,-0.0,-0.37
176320.0,-0.7,-0.7,-0.702,-0.01,-0.38
176321.0,-0.7,-0.7,-0.6983,0.01,0.35
176322.0,-0.7,-0.7,-0.6994,0.0,0.34
176323.0,-0.7,-0.7,-0.6976,0.01,0.35
176324.0,-0.7,-0.7,-0.706,-0.02,-0.39
176325.0,-0.7,-0.7,-0.6631,0.15,0.49
176326.0,-0.7,-0.7,-0.7027,0.0,0.34
176327.0,-0.7,-0.7,-0.7002,0.01,0.35
176328.0,-0.7,-0.7,-0.6972,0.02,0.36
176330.0,-0.7,-0.7,-0.7005,0.01,0.35
176331.0,-0.7,-0.7,-0.6972,0.02,0.36
176332.0,-0.7,-0.7,-0.6965,0.02,0.36
176333.0,-0.7,-0.7,-0.698,0.02,0.36
176334.0,-0.7,-0.7,-0.6965,0.02,0.36
176335.0,-0.7,-0.7,-0.7027,-0.0,-0.37
176336.0,-0.7,-0.7,-0.6972,0.02,0.36
176337.0,-0.7,-0.7,-0.6983,0.01,0.35
176338.0,-0.7,-0.7,-0.7009,0.0,0.34
176339.0,-0.7,-0.7,-0.7009,0.0,0.34
176340.0,-0.7,-0.7,-0.7009,0.0,0.34
176342.0,-0.7,-0.7,-0.7038,-0.01,-0.38
176343.0,-0.7,-0.7,-0.6987,0.01,0.35
176344.0,-0.7,-0.7,-0.7009,-0.0,-0.37
176345.0,-0.7,-0.7,-0.7052,-0.02,-0.39
176346.0,-0.7,-0.7,-0.6994,0.0,0.34
176347.0,-0.7,-0.7,-0.6994,0.0,0.34
176348.0,-0.7,-0.7,-0.7023,-0.01,-0.38
176349.0,-0.7,-0.7,-0.7016,-0.01,-0.38
176350.0,-0.7,-0.7,-0.6929,0.03,0.37
176352.0,-0.7,-0.7,-0.7038,-0.01,-0.38
176353.0,-0.7,-0.7,-0.6976,0.01,0.35
176354.0,-0.7,-0.7,-0.7005,-0.0,-0.37
176355.0,-0.7,-0.7,-0.6987,0.01,0.35
176356.0,-0.7,-0.7,-0.7074,-0.03,-0.4
176357.0,-0.7,-0.7,-0.7049,-0.02,-0.39
176358.0,-0.7,-0.7,-0.7023,-0.01,-0.38
176359.0,-0.7,-0.7,-0.7027,-0.01,-0.38
176361.0,-0.7,-0.7,-0.6994,-0.0,-0.37
176362.0,-0.7,-0.7,-0.6972,0.01,0.35
176363.0,-0.7,-0.7,-0.7023,-0.01,-0.38
176364.0,-0.7,-0.7,-0.6922,0.03,0.37
176365.0,-0.7,-0.7,-0.7081,-0.03,-0.4
176366.0,-0.7,-0.7,-0.6954,0.02,0.36
176367.0,-0.7,-0.7,-0.6965,0.01,0.35
176368.0,-0.7,-0.7,-0.6972,0.01,0.35
176369.0,-0.7,-0.7,-0.6958,0.02,0.36
176370.0,-0.7,-0.7,-0.7005,0.0,0.34
176372.0,-0.7,-0.7,-0.6936,0.03,0.37
176373.0,-0.7,-0.7,-0.6922,0.04,0.38
176374.0,-0.7,-0.7,-0.6893,0.05,0.39
176375.0,-0.7,-0.7,-0.7038,-0.01,-0.38
176376.0,-0.7,-0.7,-0.6965,0.02,0.36
176377.0,-0.7,-0.7,-0.7012,0.0,0.34
176378.0,-0.7,-0.7,-0.7056,-0.02,-0.39
176379.0,-0.7,-0.7,-0.6943,0.03,0.37
176380.0,-0.7,-0.7,-0.7002,0.01,0.35
176381.0,-0.7,-0.7,-0.7034,-0.01,-0.38
176383.0,-0.7,-0.7,-0.7012,-0.0,-0.37
176384.0,-0.7,-0.7,-0.6668,0.14,0.48
176385.0,-0.7,-0.7,-0.7197,-0.07,-0.44
176386.0,-0.7,-0.7,-0.7074,-0.02,-0.39
176387.0,-0.7,-0.7,-0.6907,0.04,0.38
176388.0,-0.7,-0.7,-0.7038,-0.01,-0.38
176389.0,-0.7,-0.7,-0.6994,0.01,0.35
176390.0,-0.7,-0.7,-0.7092,-0.03,-0.4
176391.0,-0.7,-0.7,-0.7009,-0.0,-0.37
176392.0,-0.7,-0.7,-0.7016,-0.01,-0.38
176394.0,-0.7,-0.7,-0.6911,0.04,0.38
176395.0,-0.7,-0.7,-0.7012,-0.0,-0.37
176396.0,-0.7,-0.7,-0.6929,0.03,0.37
176397.0,-0.7,-0.7,-0.6994,0.01,0.35
176398.0,-0.7,-0.7,-0.7023,-0.01,-0.38
176399.0,-0.7,-0.7,-0.7038,-0.01,-0.38
176400.0,-0.7,-0.7,-0.7067,-0.03,-0.4
176401.0,-0.7,-0.7,-0.6983,0.01,0.35
176402.0,-0.7,-0.7,-0.7089,-0.04,-0.41
176404.0,-0.7,-0.7,-0.6994,-0.0,-0.37
176405.0,-0.7,-0.7,-0.7016,-0.01,-0.38
176406.0,-0.7,-0.7,-0.6929,0.03,0.37
176407.0,-0.7,-0.7,-0.7031,-0.01,-0.38
176408.0,-0.7,-0.7,-0.7031,-0.01,-0.38
176409.0,-0.7,-0.7,-0.7128,-0.06,-0.43
176410.0,-0.7,-0.7,-0.7023,-0.02,-0.39
176411.0,-0.7,-0.7,-0.7009,-0.01,-0.38
176413.0,-0.7,-0.7,-0.6951,0.01,0.35
176414.0,-0.7,-0.7,-0.727,-0.12,-0.49
176415.0,-0.7,-0.7,-0.7023,-0.02,-0.39
176416.0,-0.7,-0.7,-0.698,-0.0,-0.37
176417.0,-0.7,-0.7,-0.6951,0.01,0.35
176418.0,-0.7,-0.7,-0.6987,-0.0,-0.37
176419.0,-0.7,-0.7,-0.7045,-0.03,-0.4
176420.0,-0.7,-0.7,-0.6987,-0.0,-0.37
176421.0,-0.7,-0.7,-0.7002,-0.01,-0.38
176423.0,-0.7,-0.7,-0.7052,-0.03,-0.4
176424.0,-0.7,-0.7,-0.7049,-0.03,-0.4
176425.0,-0.7,-0.7,-0.6987,-0.0,-0.37
176426.0,-0.7,-0.7,-0.698,0.0,0.34
176427.0,-0.7,-0.7,-0.7012,-0.01,-0.38
176428.0,-0.7,-0.7,-0.7157,-0.07,-0.44
176429.0,-0.7,-0.7,-0.7067,-0.04,-0.41
176430.0,-0.7,-0.7,-0.7041,-0.03,-0.4
176432.0,-0.7,-0.7,-0.6951,0.01,0.35
176433.0,-0.7,-0.7,-0.6976,0.0,0.34
176434.0,-0.7,-0.7,-0.6842,0.06,0.4
176435.0,-0.7,-0.7,-0.698,0.01,0.35
176436.0,-0.7,-0.7,-0.6958,0.02,0.36
176437.0,-0.7,-0.7,-0.6994,0.0,0.34
176438.0,-0.7,-0.7,-0.6951,0.02,0.36
176439.0,-0.7,-0.7,-0.6976,0.01,0.35
176440.0,-0.7,-0.7,-0.6947,0.02,0.36
176441.0,-0.7,-0.7,-0.6965,0.02,0.36
176442.0,-0.7,-0.7,-0.6958,0.02,0.36
176444.0,-0.7,-0.7,-0.6827,0.08,0.42
176445.0,-0.7,-0.7,-0.6987,0.02,0.36
176446.0,-0.7,-0.7,-0.6991,0.01,0.35
176447.0,-0.7,-0.7,-0.6958,0.03,0.37
176448.0,-0.7,-0.7,-0.6962,0.03,0.37
176449.0,-0.7,-0.7,-0.7009,0.01,0.35
176450.0,-0.7,-0.7,-0.6965,0.02,0.36
176451.0,-0.7,-0.7,-0.6972,0.02,0.36
176452.0,-0.7,-0.7,-0.7023,0.0,0.34
176453.0,-0.7,-0.7,-0.7016,0.0,0.34
176454.0,-0.7,-0.7,-0.6987,0.01,0.35
176455.0,-0.7,-0.7,-0.7049,-0.01,-0.38
176457.0,-0.7,-0.7,-0.6987,0.01,0.35
176458.0,-0.7,-0.7,-0.698,0.01,0.35
176459.0,-0.7,-0.7,-0.6929,0.03,0.37
176460.0,-0.7,-0.7,-0.6972,0.02,0.36
176461.0,-0.7,-0.7,-0.6914,0.04,0.38
176462.0,-0.7,-0.7,-0.6983,0.02,0.36
176463.0,-0.7,-0.7,-0.6987,0.01,0.35
176464.0,-0.7,-0.7,-0.6994,0.01,0.35
176465.0,-0.7,-0.7,-0.7364,-0.14,-0.51
176466.0,-0.7,-0.7,-0.7012,-0.01,-0.38
176468.0,-0.7,-0.7,-0.7056,-0.03,-0.4
176469.0,-0.7,-0.7,-0.7009,-0.01,-0.38
176470.0,-0.7,-0.7,-0.7031,-0.02,-0.39
176471.0,-0.7,-0.7,-0.7023,-0.02,-0.39
176472.0,-0.7,-0.7,-0.6813,0.07,0.41
176473.0,-0.7,-0.7,-0.7045,-0.02,-0.39
176474.0,-0.7,-0.7,-0.7045,-0.02,-0.39
176475.0,-0.7,-0.7,-0.7023,-0.01,-0.38
176477.0,-0.7,-0.7,-0.7081,-0.04,-0.41
176478.0,-0.7,-0.7,-0.7009,-0.01,-0.38
176479.0,-0.7,-0.7,-0.7023,-0.02,-0.39
176480.0,-0.7,-0.7,-0.7002,-0.01,-0.38
176481.0,-0.7,-0.7,-0.711,-0.05,-0.42
176482.0,-0.7,-0.7,-0.7002,-0.01,-0.38
176483.0,-0.7,-0.7,-0.7034,-0.02,-0.39
176484.0,-0.7,-0.7,-0.7103,-0.05,-0.42
176486.0,-0.7,-0.7,-0.6994,-0.01,-0.38
176487.0,-0.7,-0.7,-0.6994,-0.01,-0.38
176488.0,-0.7,-0.7,-0.6991,-0.0,-0.37
176489.0,-0.7,-0.7,-0.6998,-0.01,-0.38
176490.0,-0.7,-0.7,-0.7041,-0.02,-0.39
176491.0,-0.7,-0.7,-0.6994,-0.01,-0.38
176492.0,-0.7,-0.7,-0.6962,0.01,0.35
176493.0,-0.7,-0.7,-0.7031,-0.02,-0.39
176494.0,-0.7,-0.7,-0.6965,0.01,0.35
176496.0,-0.7,-0.7,-0.6958,0.01,0.35
176497.0,-0.7,-0.7,-0.6987,0.0,0.34
176498.0,-0.7,-0.7,-0.698,0.01,0.35
176499.0,-0.7,-0.7,-0.7023,-0.01,-0.38
176500.0,-0.7,-0.7,-0.6907,0.04,0.38
176501.0,-0.7,-0.7,-0.661,0.16,0.5
176502.0,-0.7,-0.7,-0.6947,0.04,0.38
176503.0,-0.7,-0.7,-0.6987,0.02,0.36
176504.0,-0.7,-0.7,-0.6972,0.03,0.37
176505.0,-0.7,-0.7,-0.6994,0.02,0.36
176507.0,-0.7,-0.7,-0.6987,0.02,0.36
176508.0,-0.7,-0.7,-0.6827,0.08,0.42
176509.0,-0.7,-0.7,-0.6824,0.09,0.43
176510.0,-0.7,-0.7,-0.6987,0.03,0.37
176511.0,-0.7,-0.7,-0.6987,0.03,0.37
176512.0,-0.7,-0.7,-0.6947,0.04,0.38
176513.0,-0.7,-0.7,-0.6958,0.04,0.38
176514.0,-0.7,-0.7,-0.6994,0.02,0.36
176515.0,-0.7,-0.7,-0.6965,0.03,0.37
176516.0,-0.7,-0.7,-0.6991,0.02,0.36
176517.0,-0.7,-0.7,-0.6925,0.05,0.39
176519.0,-0.7,-0.7,-0.6969,0.03,0.37
176520.0,-0.7,-0.7,-0.6918,0.05,0.39
176521.0,-0.7,-0.7,-0.6726,0.13,0.47
176522.0,-0.7,-0.7,-0.7052,0.0,0.34
176523.0,-0.7,-0.7,-0.7002,0.02,0.36
176524.0,-0.7,-0.7,-0.7012,0.01,0.35
176525.0,-0.7,-0.7,-0.7016,0.01,0.35
176526.0,-0.7,-0.7,-0.6965,0.03,0.37
176527.0,-0.7,-0.7,-0.7002,0.01,0.35
176528.0,-0.7,-0.7,-0.7012,0.01,0.35
176529.0,-0.7,-0.7,-0.6976,0.02,0.36
176530.0,-0.7,-0.7,-0.7023,0.0,0.34
176532.0,-0.7,-0.7,-0.7038,-0.01,-0.38
176533.0,-0.7,-0.7,-0.7023,-0.0,-0.37
176534.0,-0.7,-0.7,-0.7023,-0.0,-0.37
176535.0,-0.7,-0.7,-0.6991,0.01,0.35
176536.0,-0.7,-0.7,-0.7045,-0.01,-0.38
176537.0,-0.7,-0.7,-0.7052,-0.02,-0.39
176538.0,-0.7,-0.7,-0.7041,-0.02,-0.39
176539.0,-0.7,-0.7,-0.7161,-0.07,-0.44
176541.0,-0.7,-0.7,-0.7031,-0.02,-0.39
176542.0,-0.7,-0.7,-0.706,-0.03,-0.4
176543.0,-0.7,-0.7,-0.7009,-0.01,-0.38
176544.0,-0.7,-0.7,-0.719,-0.09,-0.46
176545.0,-0.7,-0.7,-0.7038,-0.03,-0.4
176546.0,-0.7,-0.7,-0.7052,-0.03,-0.4
176547.0,-0.7,-0.7,-0.7005,-0.02,-0.39
176548.0,-0.7,-0.7,-0.6987,-0.01,-0.38
176550.0,-0.7,-0.7,-0.7081,-0.04,-0.41
176551.0,-0.7,-0.7,-0.6983,-0.01,-0.38
176552.0,-0.7,-0.7,-0.7038,-0.03,-0.4
176553.0,-0.7,-0.7,-0.7081,-0.05,-0.42
176554.0,-0.7,-0.7,-0.7031,-0.03,-0.4
176555.0,-0.7,-0.7,-0.7038,-0.03,-0.4
176556.0,-0.7,-0.7,-0.7045,-0.03,-0.4
176557.0,-0.7,-0.7,-0.706,-0.04,-0.41
176559.0,-0.7,-0.7,-0.7016,-0.02,-0.39
176560.0,-0.7,-0.7,-0.7081,-0.05,-0.42
176561.0,-0.7,-0.7,-0.7012,-0.02,-0.39
176562.0,-0.7,-0.7,-0.7041,-0.03,-0.4
176563.0,-0.7,-0.7,-0.7041,-0.03,-0.4
176564.0,-0.7,-0.7,-0.6987,-0.01,-0.38
176565.0,-0.7,-0.7,-0.7023,-0.02,-0.39
176566.0,-0.7,-0.7,-0.7002,-0.01,-0.38
176568.0,-0.7,-0.7,-0.711,-0.06,-0.43
176569.0,-0.7,-0.7,-0.6943,0.01,0.35
176570.0,-0.7,-0.7,-0.6991,-0.01,-0.38
176571.0,-0.7,-0.7,-0.6994,-0.01,-0.38
176572.0,-0.7,-0.7,-0.6784,0.08,0.42
176573.0,-0.7,-0.7,-0.6849,0.06,0.4
176574.0,-0.7,-0.7,-0.7031,-0.01,-0.38
176575.0,-0.7,-0.7,-0.6998,0.0,0.34
176576.0,-0.7,-0.7,-0.6987,0.01,0.35
176577.0,-0.7,-0.7,-0.6965,0.02,0.36
176579.0,-0.7,-0.7,-0.7023,-0.01,-0.38
176580.0,-0.7,-0.7,-0.698,0.01,0.35
176581.0,-0.7,-0.7,-0.702,-0.0,-0.37
176582.0,-0.7,-0.7,-0.7045,-0.02,-0.39
176583.0,-0.7,-0.7,-0.6965,0.02,0.36
176584.0,-0.7,-0.7,-0.7023,-0.01,-0.38
176585.0,-0.7,-0.7,-0.6969,0.01,0.35
176586.0,-0.7,-0.7,-0.7016,-0.0,-0.37
176587.0,-0.7,-0.7,-0.6987,0.01,0.35
176589.0,-0.7,-0.7,-0.6864,0.06,0.4
176590.0,-0.7,-0.7,-0.6929,0.04,0.38
176591.0,-0.7,-0.7,-0.7031,-0.0,-0.37
176592.0,-0.7,-0.7,-0.7016,-0.0,-0.37
176593.0,-0.7,-0.7,-0.6936,0.03,0.37
176594.0,-0.7,-0.7,-0.6936,0.03,0.37
176595.0,-0.7,-0.7,-0.6958,0.03,0.37
176596.0,-0.7,-0.7,-0.6951,0.03,0.37
176597.0,-0.7,-0.7,-0.6983,0.02,0.36
176599.0,-0.7,-0.7,-0.6947,0.03,0.37
176600.0,-0.7,-0.7,-0.69,0.05,0.39
176601.0,-0.7,-0.7,-0.706,-0.01,-0.38
176602.0,-0.7,-0.7,-0.6972,0.02,0.36
176603.0,-0.7,-0.7,-0.6965,0.02,0.36
176604.0,-0.7,-0.7,-0.6958,0.03,0.37
176605.0,-0.7,-0.7,-0.6965,0.02,0.36
176606.0,-0.7,-0.7,-0.7023,0.0,0.34
176607.0,-0.7,-0.7,-0.6965,0.02,0.36
176608.0,-0.7,-0.7,-0.6951,0.03,0.37
176610.0,-0.7,-0.7,-0.6994,0.01,0.35
176611.0,-0.7,-0.7,-0.6864,0.07,0.41
176612.0,-0.7,-0.7,-0.6878,0.06,0.4
176613.0,-0.7,-0.7,-0.6958,0.03,0.37
176614.0,-0.7,-0.7,-0.698,0.02,0.36
176615.0,-0.7,-0.7,-0.6882,0.06,0.4
176616.0,-0.7,-0.7,-0.6972,0.03,0.37
176617.0,-0.7,-0.7,-0.7031,0.0,0.34
176618.0,-0.7,-0.7,-0.6987,0.02,0.36
176619.0,-0.7,-0.7,-0.7038,-0.0,-0.37
176620.0,-0.7,-0.7,-0.698,0.02,0.36
176622.0,-0.7,-0.7,-0.7023,0.0,0.34
176623.0,-0.7,-0.7,-0.7143,-0.05,-0.42
176624.0,-0.7,-0.7,-0.7045,-0.02,-0.39
176625.0,-0.7,-0.7,-0.6994,0.0,0.34
176626.0,-0.7,-0.7,-0.6994,0.0,0.34
176627.0,-0.7,-0.7,-0.7002,0.0,0.34
176628.0,-0.7,-0.7,-0.7031,-0.01,-0.38
176629.0,-0.7,-0.7,-0.7005,-0.0,-0.37
176630.0,-0.7,-0.7,-0.6907,0.04,0.38
176631.0,-0.7,-0.7,-0.6983,0.01,0.35
176633.0,-0.7,-0.7,-0.7009,-0.0,-0.37
176634.0,-0.7,-0.7,-0.7023,-0.01,-0.38
176635.0,-0.7,-0.7,-0.6965,0.02,0.36
176636.0,-0.7,-0.7,-0.7038,-0.01,-0.38
176637.0,-0.7,-0.7,-0.702,-0.01,-0.38
176638.0,-0.7,-0.7,-0.7016,-0.01,-0.38
176639.0,-0.7,-0.7,-0.7016,-0.01,-0.38
176640.0,-0.7,-0.7,-0.7002,-0.0,-0.37
176642.0,-0.7,-0.7,-0.6951,0.02,0.36
176643.0,-0.7,-0.7,-0.6929,0.03,0.37
176644.0,-0.7,-0.7,-0.7023,-0.01,-0.38
176645.0,-0.7,-0.7,-0.7012,-0.0,-0.37
176646.0,-0.7,-0.7,-0.6972,0.01,0.35
176647.0,-0.7,-0.7,-0.6994,0.0,0.34
176648.0,-0.7,-0.7,-0.6991,0.01,0.35
176649.0,-0.7,-0.7,-0.7012,-0.0,-0.37
176650.0,-0.7,-0.7,-0.6929,0.03,0.37
176651.0,-0.7,-0.7,-0.7031,-0.01,-0.38
176653.0,-0.7,-0.7,-0.7052,-0.02,-0.39
176654.0,-0.7,-0.7,-0.7002,0.0,0.34
176655.0,-0.7,-0.7,-0.6958,0.02,0.36
176656.0,-0.7,-0.7,-0.7263,-0.11,-0.48
176657.0,-0.7,-0.7,-0.7252,-0.11,-0.48
176658.0,-0.7,-0.7,-0.7031,-0.03,-0.4
176659.0,-0.7,-0.7,-0.7052,-0.04,-0.41
176660.0,-0.7,-0.7,-0.7012,-0.02,-0.39
176662.0,-0.7,-0.7,-0.7016,-0.02,-0.39
176663.0,-0.7,-0.7,-0.7023,-0.02,-0.39
176664.0,-0.7,-0.7,-0.7002,-0.01,-0.38
176665.0,-0.7,-0.7,-0.7168,-0.08,-0.45
176666.0,-0.7,-0.7,-0.7002,-0.02,-0.39
176667.0,-0.7,-0.7,-0.7052,-0.04,-0.41
176668.0,-0.7,-0.7,-0.702,-0.02,-0.39
176669.0,-0.7,-0.7,-0.6954,0.0,0.34
176670.0,-0.7,-0.7,-0.6867,0.04,0.38
176672.0,-0.7,-0.7,-0.6972,0.01,0.35
176673.0,-0.7,-0.7,-0.7031,-0.02,-0.39
176674.0,-0.7,-0.7,-0.7161,-0.07,-0.44
176675.0,-0.7,-0.7,-0.7016,-0.02,-0.39
176676.0,-0.7,-0.7,-0.6994,-0.01,-0.38
176677.0,-0.7,-0.7,-0.6994,-0.01,-0.38
176678.0,-0.7,-0.7,-0.7009,-0.01,-0.38
176679.0,-0.7,-0.7,-0.6914,0.03,0.37
176680.0,-0.7,-0.7,-0.698,0.0,0.34
176682.0,-0.7,-0.7,-0.6798,0.08,0.42
176683.0,-0.7,-0.7,-0.7176,-0.07,-0.44
176684.0,-0.7,-0.7,-0.7031,-0.01,-0.38
176685.0,-0.7,-0.7,-0.6925,0.03,0.37
176686.0,-0.7,-0.7,-0.7031,-0.01,-0.38
176687.0,-0.7,-0.7,-0.6972,0.01,0.35
176688.0,-0.7,-0.7,-0.6987,0.01,0.35
176689.0,-0.7,-0.7,-0.6987,0.01,0.35
176690.0,-0.7,-0.7,-0.6972,0.01,0.35
176692.0,-0.7,-0.7,-0.7038,-0.01,-0.38
176693.0,-0.7,-0.7,-0.6936,0.03,0.37
176694.0,-0.7,-0.7,-0.698,0.01,0.35
176695.0,-0.7,-0.7,-0.7038,-0.01,-0.38
176696.0,-0.7,-0.7,-0.6936,0.03,0.37
176697.0,-0.7,-0.7,-0.6983,0.01,0.35
176698.0,-0.7,-0.7,-0.6965,0.02,0.36
176699.0,-0.7,-0.7,-0.6994,0.01,0.35
176700.0,-0.7,-0.7,-0.7118,-0.04,-0.41
176701.0,-0.7,-0.7,-0.6911,0.04,0.38
176703.0,-0.7,-0.7,-0.6972,0.01,0.35
176704.0,-0.7,-0.7,-0.7154,-0.06,-0.43
176705.0,-0.7,-0.7,-0.698,0.01,0.35
176706.0,-0.7,-0.7,-0.6791,0.09,0.43
176707.0,-0.7,-0.7,-0.698,0.01,0.35
176708.0,-0.7,-0.7,-0.6943,0.03,0.37
176709.0,-0.7,-0.7,-0.6943,0.03,0.37
176710.0,-0.7,-0.7,-0.7009,0.01,0.35
176711.0,-0.7,-0.7,-0.6965,0.02,0.36
176712.0,-0.7,-0.7,-0.6947,0.03,0.37
176714.0,-0.7,-0.7,-0.6998,0.01,0.35
176715.0,-0.7,-0.7,-0.6962,0.02,0.36
176716.0,-0.7,-0.7,-0.6907,0.05,0.39
176717.0,-0.7,-0.7,-0.6965,0.03,0.37
176718.0,-0.7,-0.7,-0.6972,0.02,0.36
176719.0,-0.7,-0.7,-0.7016,0.0,0.34
176720.0,-0.7,-0.7,-0.6972,0.02,0.36
176721.0,-0.7,-0.7,-0.7002,0.01,0.35
176722.0,-0.7,-0.7,-0.6991,0.01,0.35
176723.0,-0.7,-0.7,-0.7023,-0.0,-0.37
176724.0,-0.7,-0.7,-0.6994,0.01,0.35
176726.0,-0.7,-0.7,-0.6958,0.02,0.36
176727.0,-0.7,-0.7,-0.7125,-0.04,-0.41
176728.0,-0.7,-0.7,-0.7633,-0.26,-0.63
176729.0,-0.7,-0.7,-0.7034,-0.03,-0.4
176730.0,-0.7,-0.7,-0.7023,-0.03,-0.4
176731.0,-0.7,-0.7,-0.7002,-0.02,-0.39
176732.0,-0.7,-0.7,-0.7016,-0.02,-0.39
176733.0,-0.7,-0.7,-0.6715,0.1,0.44
176734.0,-0.7,-0.7,-0.6991,-0.0,-0.37
176736.0,-0.7,-0.7,-0.7005,-0.01,-0.38
176737.0,-0.7,-0.7,-0.7045,-0.02,-0.39
176738.0,-0.7,-0.7,-0.7012,-0.01,-0.38
176739.0,-0.7,-0.7,-0.6907,0.03,0.37
176740.0,-0.7,-0.7,-0.7045,-0.02,-0.39
176741.0,-0.7,-0.7,-0.6904,0.04,0.38
176742.0,-0.7,-0.7,-0.7012,-0.0,-0.37
176743.0,-0.7,-0.7,-0.7016,-0.01,-0.38
176745.0,-0.7,-0.7,-0.7023,-0.01,-0.38
176746.0,-0.7,-0.7,-0.7045,-0.02,-0.39
176747.0,-0.7,-0.7,-0.6991,0.0,0.34
176748.0,-0.7,-0.7,-0.7002,-0.0,-0.37
176749.0,-0.7,-0.7,-0.7009,-0.01,-0.38
176750.0,-0.7,-0.7,-0.6983,0.01,0.35
176751.0,-0.7,-0.7,-0.7009,-0.0,-0.37
176752.0,-0.7,-0.7,-0.7012,-0.01,-0.38
176753.0,-0.7,-0.7,-0.7023,-0.01,-0.38
176755.0,-0.7,-0.7,-0.7002,-0.0,-0.37
176756.0,-0.7,-0.7,-0.6965,0.01,0.35
176757.0,-0.7,-0.7,-0.706,-0.03,-0.4
176758.0,-0.7,-0.7,-0.7052,-0.02,-0.39
176759.0,-0.7,-0.7,-0.7016,-0.01,-0.38
176760.0,-0.7,-0.7,-0.6998,-0.0,-0.37
176761.0,-0.7,-0.7,-0.7031,-0.02,-0.39
176762.0,-0.7,-0.7,-0.6987,0.0,0.34
176763.0,-0.7,-0.7,-0.6991,0.0,0.34
176765.0,-0.7,-0.7,-0.7023,-0.01,-0.38
176766.0,-0.7,-0.7,-0.7016,-0.01,-0.38
176767.0,-0.7,-0.7,-0.6911,0.03,0.37
176768.0,-0.7,-0.7,-0.6987,0.0,0.34
176769.0,-0.7,-0.7,-0.7002,-0.0,-0.37
176770.0,-0.7,-0.7,-0.6976,0.01,0.35
176771.0,-0.7,-0.7,-0.6998,0.0,0.34
176772.0,-0.7,-0.7,-0.7016,-0.01,-0.38
176773.0,-0.7,-0.7,-0.6983,0.01,0.35
176775.0,-0.7,-0.7,-0.7005,-0.0,-0.37
176776.0,-0.7,-0.7,-0.6936,0.03,0.37
176777.0,-0.7,-0.7,-0.7012,-0.0,-0.37
176778.0,-0.7,-0.7,-0.7009,-0.0,-0.37
176779.0,-0.7,-0.7,-0.6878,0.05,0.39
176780.0,-0.7,-0.7,-0.6954,0.02,0.36
176781.0,-0.7,-0.7,-0.6943,0.03,0.37
176782.0,-0.7,-0.7,-0.7016,0.0,0.34
176783.0,-0.7,-0.7,-0.6987,0.01,0.35
176784.0,-0.7,-0.7,-0.6976,0.02,0.36
176786.0,-0.7,-0.7,-0.6987,0.01,0.35
176787.0,-0.7,-0.7,-0.6744,0.11,0.45
176788.0,-0.7,-0.7,-0.6991,0.02,0.36
176789.0,-0.7,-0.7,-0.7023,0.0,0.34
176790.0,-0.7,-0.7,-0.6994,0.01,0.35
176791.0,-0.7,-0.7,-0.7154,-0.05,-0.42
176792.0,-0.7,-0.7,-0.6972,0.02,0.36
176793.0,-0.7,-0.7,-0.698,0.01,0.35
176794.0,-0.7,-0.7,-0.7031,-0.01,-0.38
176795.0,-0.7,-0.7,-0.6994,0.01,0.35
176797.0,-0.7,-0.7,-0.7023,-0.01,-0.38
176798.0,-0.7,-0.7,-0.6991,0.01,0.35
176799.0,-0.7,-0.7,-0.6972,0.01,0.35
176800.0,-0.7,-0.7,-0.7016,-0.0,-0.37
176801.0,-0.7,-0.7,-0.7165,-0.07,-0.44
176802.0,-0.7,-0.7,-0.6864,0.05,0.39
176803.0,-0.7,-0.7,-0.7005,-0.0,-0.37
176804.0,-0.7,-0.7,-0.7045,-0.02,-0.39
176805.0,-0.7,-0.7,-0.7023,-0.01,-0.38
176807.0,-0.7,-0.7,-0.7009,-0.0,-0.37
176808.0,-0.7,-0.7,-0.6853,0.06,0.4
176809.0,-0.7,-0.7,-0.7074,-0.03,-0.4
176810.0,-0.7,-0.7,-0.6943,0.02,0.36
176811.0,-0.7,-0.7,-0.6994,0.01,0.35
176812.0,-0.7,-0.7,-0.7002,0.0,0.34
176813.0,-0.7,-0.7,-0.706,-0.02,-0.39
176814.0,-0.7,-0.7,-0.7002,-0.0,-0.37
176815.0,-0.7,-0.7,-0.7009,-0.0,-0.37
176817.0,-0.7,-0.7,-0.6965,0.01,0.35
176818.0,-0.7,-0.7,-0.7052,-0.02,-0.39
176819.0,-0.7,-0.7,-0.6972,0.01,0.35
176820.0,-0.7,-0.7,-0.7002,-0.0,-0.37
176821.0,-0.7,-0.7,-0.6987,0.01,0.35
176822.0,-0.7,-0.7,-0.7023,-0.01,-0.38
176823.0,-0.7,-0.7,-0.707,-0.03,-0.4
176824.0,-0.7,-0.7,-0.711,-0.05,-0.42
176825.0,-0.7,-0.7,-0.6972,0.01,0.35
176826.0,-0.7,-0.7,-0.7002,-0.01,-0.38
176828.0,-0.7,-0.7,-0.7016,-0.01,-0.38
176829.0,-0.7,-0.7,-0.6911,0.03,0.37
176830.0,-0.7,-0.7,-0.6994,0.0,0.34
176831.0,-0.7,-0.7,-0.6958,0.02,0.36
176832.0,-0.7,-0.7,-0.6972,0.01,0.35
176833.0,-0.7,-0.7,-0.7045,-0.02,-0.39
176834.0,-0.7,-0.7,-0.6925,0.03,0.37
176835.0,-0.7,-0.7,-0.7016,-0.0,-0.37
176836.0,-0.7,-0.7,-0.7041,-0.02,-0.39
176838.0,-0.7,-0.7,-0.7002,-0.0,-0.37
176839.0,-0.7,-0.7,-0.7089,-0.04,-0.41
176840.0,-0.7,-0.7,-0.6998,-0.0,-0.37
176841.0,-0.7,-0.7,-0.6933,0.03,0.37
176842.0,-0.7,-0.7,-0.7045,-0.02,-0.39
176843.0,-0.7,-0.7,-0.6987,0.0,0.34
176844.0,-0.7,-0.7,-0.6994,0.0,0.34
176845.0,-0.7,-0.7,-0.7009,-0.0,-0.37
176846.0,-0.7,-0.7,-0.6994,0.0,0.34
176848.0,-0.7,-0.7,-0.6972,0.01,0.35
176849.0,-0.7,-0.7,-0.7002,-0.0,-0.37
176850.0,-0.7,-0.7,-0.7139,-0.06,-0.43
176851.0,-0.7,-0.7,-0.7056,-0.03,-0.4
176852.0,-0.7,-0.7,-0.6983,0.0,0.34
176853.0,-0.7,-0.7,-0.7002,-0.01,-0.38
176854.0,-0.7,-0.7,-0.694,0.02,0.36
176855.0,-0.7,-0.7,-0.6929,0.03,0.37
176856.0,-0.7,-0.7,-0.7219,-0.09,-0.46
176857.0,-0.7,-0.7,-0.6972,0.0,0.34
176859.0,-0.7,-0.7,-0.698,0.0,0.34
176860.0,-0.7,-0.7,-0.7176,-0.08,-0.45
176861.0,-0.7,-0.7,-0.7012,-0.01,-0.38
176862.0,-0.7,-0.7,-0.6987,-0.0,-0.37
176863.0,-0.7,-0.7,-0.7052,-0.03,-0.4
176864.0,-0.7,-0.7,-0.6954,0.01,0.35
176865.0,-0.7,-0.7,-0.7016,-0.01,-0.38
176866.0,-0.7,-0.7,-0.6998,-0.01,-0.38
176867.0,-0.7,-0.7,-0.6994,-0.0,-0.37
176869.0,-0.7,-0.7,-0.6838,0.06,0.4
176870.0,-0.7,-0.7,-0.7016,-0.01,-0.38
176871.0,-0.7,-0.7,-0.6958,0.02,0.36
176872.0,-0.7,-0.7,-0.6994,0.0,0.34
176873.0,-0.7,-0.7,-0.6994,0.0,0.34
176874.0,-0.7,-0.7,-0.6958,0.02,0.36
176875.0,-0.7,-0.7,-0.7016,-0.0,-0.37
176876.0,-0.7,-0.7,-0.698,0.01,0.35
176877.0,-0.7,-0.7,-0.7038,-0.01,-0.38
176878.0,-0.7,-0.7,-0.6972,0.01,0.35
176880.0,-0.7,-0.7,-0.6994,0.0,0.34
176881.0,-0.7,-0.7,-0.6947,0.02,0.36
176882.0,-0.7,-0.7,-0.702,-0.0,-0.37
176883.0,-0.7,-0.7,-0.6987,0.01,0.35
176884.0,-0.7,-0.7,-0.7078,-0.03,-0.4
176885.0,-0.7,-0.7,-0.6994,0.0,0.34
176886.0,-0.7,-0.7,-0.6994,0.0,0.34
176887.0,-0.7,-0.7,-0.6987,0.01,0.35
176888.0,-0.7,-0.7,-0.6958,0.02,0.36
176890.0,-0.7,-0.7,-0.7016,-0.0,-0.37
176891.0,-0.7,-0.7,-0.6965,0.02,0.36
176892.0,-0.7,-0.7,-0.7012,-0.0,-0.37
176893.0,-0.7,-0.7,-0.6972,0.01,0.35
176894.0,-0.7,-0.7,-0.6987,0.01,0.35
176895.0,-0.7,-0.7,-0.6987,0.01,0.35
176896.0,-0.7,-0.7,-0.7012,-0.0,-0.37
176897.0,-0.7,-0.7,-0.7016,-0.0,-0.37
176898.0,-0.7,-0.7,-0.6987,0.01,0.35
176899.0,-0.7,-0.7,-0.706,-0.02,-0.39
176901.0,-0.7,-0.7,-0.6842,0.06,0.4
176902.0,-0.7,-0.7,-0.6987,0.01,0.35
176903.0,-0.7,-0.7,-0.6965,0.02,0.36
176904.0,-0.7,-0.7,-0.6871,0.06,0.4
176905.0,-0.7,-0.7,-0.698,0.02,0.36
176906.0,-0.7,-0.7,-0.7023,-0.0,-0.37
176907.0,-0.7,-0.7,-0.6983,0.01,0.35
176908.0,-0.7,-0.7,-0.7056,-0.02,-0.39
176909.0,-0.7,-0.7,-0.6965,0.02,0.36
176910.0,-0.7,-0.7,-0.6987,0.01,0.35
176912.0,-0.7,-0.7,-0.6987,0.01,0.35
176913.0,-0.7,-0.7,-0.7074,-0.02,-0.39
176914.0,-0.7,-0.7,-0.7016,-0.0,-0.37
176915.0,-0.7,-0.7,-0.7002,0.0,0.34
176916.0,-0.7,-0.7,-0.6925,0.03,0.37
176917.0,-0.7,-0.7,-0.6994,0.01,0.35
176918.0,-0.7,-0.7,-0.6943,0.03,0.37
176919.0,-0.7,-0.7,-0.7002,0.0,0.34
176920.0,-0.7,-0.7,-0.6987,0.01,0.35
176921.0,-0.7,-0.7,-0.6987,0.01,0.35
176923.0,-0.7,-0.7,-0.7034,-0.01,-0.38
176924.0,-0.7,-0.7,-0.6998,0.0,0.34
176925.0,-0.7,-0.7,-0.7128,-0.05,-0.42
176926.0,-0.7,-0.7,-0.6987,0.0,0.34
176927.0,-0.7,-0.7,-0.698,0.01,0.35
176928.0,-0.7,-0.7,-0.702,-0.01,-0.38
176929.0,-0.7,-0.7,-0.7009,-0.0,-0.37
176930.0,-0.7,-0.7,-0.6991,0.0,0.34
176931.0,-0.7,-0.7,-0.7139,-0.06,-0.43
176932.0,-0.7,-0.7,-0.6911,0.03,0.37
176934.0,-0.7,-0.7,-0.7009,-0.01,-0.38
176935.0,-0.7,-0.7,-0.6983,0.0,0.34
176936.0,-0.7,-0.7,-0.6965,0.01,0.35
176937.0,-0.7,-0.7,-0.7045,-0.02,-0.39
176938.0,-0.7,-0.7,-0.7096,-0.04,-0.41
176939.0,-0.7,-0.7,-0.7012,-0.01,-0.38
176940.0,-0.7,-0.7,-0.7009,-0.01,-0.38
176941.0,-0.7,-0.7,-0.698,0.0,0.34
176942.0,-0.7,-0.7,-0.7034,-0.02,-0.39
176944.0,-0.7,-0.7,-0.7002,-0.0,-0.37
176945.0,-0.7,-0.7,-0.7081,-0.04,-0.41
176946.0,-0.7,-0.7,-0.7031,-0.02,-0.39
176947.0,-0.7,-0.7,-0.7067,-0.03,-0.4
176948.0,-0.7,-0.7,-0.7016,-0.02,-0.39
176949.0,-0.7,-0.7,-0.6962,0.01,0.35
176950.0,-0.7,-0.7,-0.6994,-0.0,-0.37
176952.0,-0.7,-0.7,-0.6987,-0.0,-0.37
176953.0,-0.7,-0.7,-0.6998,-0.0,-0.37
176954.0,-0.7,-0.7,-0.6987,0.0,0.34
176955.0,-0.7,-0.7,-0.6983,0.0,0.34
176956.0,-0.7,-0.7,-0.7023,-0.01,-0.38
176957.0,-0.7,-0.7,-0.7009,-0.01,-0.38
176958.0,-0.7,-0.7,-0.6972,0.01,0.35
176959.0,-0.7,-0.7,-0.6972,0.01,0.35
176960.0,-0.7,-0.7,-0.7016,-0.01,-0.38
176961.0,-0.7,-0.7,-0.7027,-0.01,-0.38
176963.0,-0.7,-0.7,-0.7002,-0.0,-0.37
176964.0,-0.7,-0.7,-0.694,0.02,0.36
176965.0,-0.7,-0.7,-0.6972,0.01,0.35
176966.0,-0.7,-0.7,-0.7009,-0.0,-0.37
176967.0,-0.7,-0.7,-0.7052,-0.02,-0.39
176968.0,-0.7,-0.7,-0.6994,0.0,0.34
176969.0,-0.7,-0.7,-0.6987,0.0,0.34
176970.0,-0.7,-0.7,-0.7002,-0.0,-0.37
176971.0,-0.7,-0.7,-0.6962,0.02,0.36
176973.0,-0.7,-0.7,-0.7023,-0.01,-0.38
176974.0,-0.7,-0.7,-0.7045,-0.02,-0.39
176975.0,-0.7,-0.7,-0.6958,0.02,0.36
176976.0,-0.7,-0.7,-0.7052,-0.02,-0.39
176977.0,-0.7,-0.7,-0.698,0.01,0.35
176978.0,-0.7,-0.7,-0.6936,0.03,0.37
176979.0,-0.7,-0.7,-0.6991,0.01,0.35
176980.0,-0.7,-0.7,-0.6962,0.02,0.36
176981.0,-0.7,-0.7,-0.6994,0.01,0.35
176983.0,-0.7,-0.7,-0.7005,0.0,0.34
176984.0,-0.7,-0.7,-0.7139,-0.06,-0.43
176985.0,-0.7,-0.7,-0.6987,0.0,0.34
176986.0,-0.7,-0.7,-0.6813,0.08,0.42
176987.0,-0.7,-0.7,-0.6987,0.01,0.35
176988.0,-0.7,-0.7,-0.7012,-0.0,-0.37
176989.0,-0.7,-0.7,-0.7012,-0.0,-0.37
176990.0,-0.7,-0.7,-0.6987,0.01,0.35
176991.0,-0.7,-0.7,-0.6987,0.01,0.35
176992.0,-0.7,-0.7,-0.7132,-0.05,-0.42
176994.0,-0.7,-0.7,-0.6798,0.08,0.42
176995.0,-0.7,-0.7,-0.6983,0.01,0.35
176996.0,-0.7,-0.7,-0.6998,0.01,0.35
176997.0,-0.7,-0.7,-0.69,0.05,0.39
176998.0,-0.7,-0.7,-0.7002,0.01,0.35
176999.0,-0.7,-0.7,-0.7012,0.0,0.34
177000.0,0.7,0.7,-0.7023,-5.78,-6.15
177001.0,0.7,0.7,-0.698,-6.24,-6.61
177002.0,0.7,0.7,-0.7255,-6.78,-7.15
177003.0,0.7,0.7,-0.7002,-7.08,-7.45
177005.0,0.7,0.7,-0.6991,-7.43,-7.8
177006.0,0.7,0.7,-0.6907,-7.72,-8.09
177007.0,0.7,0.7,-0.6954,-8.03,-8.4
177008.0,0.7,0.7,-0.6907,-8.28,-8.65
177009.0,0.7,0.7,-0.698,-8.55,-8.92
177010.0,0.7,0.7,-0.6849,-8.72,-9.09
177011.0,0.7,0.7,-0.6711,-8.86,-9.23
177012.0,0.7,0.7,-0.6849,-9.09,-9.46
177013.0,0.7,0.7,-0.6617,-9.16,-9.53
177014.0,0.7,0.7,-0.6617,-9.3,-9.67
177016.0,0.7,0.7,-0.7052,-9.61,-9.98
177017.0,0.7,0.7,-0.6544,-9.54,-9.91
177018.0,0.7,0.7,-0.6356,-9.56,-9.93
177019.0,0.7,0.7,-0.6396,-9.67,-10.04
177020.0,0.7,0.7,-0.6323,-9.72,-10.09
177021.0,0.7,0.7,-0.6251,-9.76,-10.13
177022.0,0.7,0.7,-0.6171,-9.79,-10.16
177023.0,0.7,0.7,-0.6087,-9.81,-10.18
177024.0,0.7,0.7,-0.6037,-9.83,-10.2
177025.0,0.7,0.7,-0.6055,-9.88,-10.25
177027.0,0.7,0.7,-0.5822,-9.82,-10.19
177028.0,0.7,0.7,-0.5703,-9.8,-10.17
177029.0,0.7,0.7,-0.5681,-9.81,-10.18
177030.0,0.7,0.7,-0.5532,-9.77,-10.14
177031.0,0.7,0.7,-0.5543,-9.79,-10.16
177032.0,0.7,0.7,-0.5427,-9.75,-10.12
177033.0,0.7,0.7,-0.5398,-9.74,-10.11
177034.0,0.7,0.7,-0.5253,-9.69,-10.06
177035.0,0.7,0.7,-0.5137,-9.64,-10.01
177036.0,0.7,0.7,-0.4984,-9.57,-9.94
177038.0,0.7,0.7,-0.4926,-9.53,-9.9
177039.0,0.7,0.7,-0.4807,-9.47,-9.84
177040.0,0.7,0.7,-0.4702,-9.42,-9.79
177041.0,0.7,0.7,-0.4662,-9.38,-9.75
177042.0,0.7,0.7,-0.4651,-9.36,-9.73
177043.0,0.7,0.7,-0.4433,-9.26,-9.63
177044.0,0.7,0.7,-0.4361,-9.21,-9.58
177045.0,0.7,0.7,-0.4273,-9.15,-9.52
177046.0,0.7,0.7,-0.4259,-9.12,-9.49
177047.0,0.7,0.7,-0.4041,-9.01,-9.38
177049.0,0.7,0.7,-0.3976,-8.96,-9.33
177050.0,0.7,0.7,-0.386,-8.88,-9.25
177051.0,0.7,0.7,-0.378,-8.82,-9.19
177052.0,0.7,0.7,-0.362,-8.73,-9.1
177053.0,0.7,0.7,-0.3512,-8.65,-9.02
177054.0,0.7,0.7,-0.3425,-8.59,-8.96
177055.0,0.7,0.7,-0.3294,-8.5,-8.87
177056.0,0.7,0.7,-0.3225,-8.44,-8.81
177057.0,0.7,0.7,-0.3134,-8.37,-8.74
177058.0,0.7,0.7,-0.296,-8.26,-8.63
177060.0,0.7,0.7,-0.2873,-8.19,-8.56
177061.0,0.7,0.7,-0.2793,-8.12,-8.49
177062.0,0.7,0.7,-0.267,-8.04,-8.41
177063.0,0.7,0.7,-0.2445,-7.91,-8.28
177064.0,0.7,0.7,-0.2434,-7.86,-8.23
177065.0,0.7,0.7,-0.2322,-7.78,-8.15
177066.0,0.7,0.7,-0.2271,-7.72,-8.09
177067.0,0.7,0.7,-0.2148,-7.63,-8.0
177068.0,0.7,0.7,-0.2068,-7.56,-7.93
177069.0,0.7,0.7,-0.1908,-7.46,-7.83
177071.0,0.7,0.7,-0.1818,-7.39,-7.76
177072.0,0.7,0.7,-0.1701,-7.3,-7.67
177073.0,0.7,0.7,-0.1709,-7.26,-7.63
177074.0,0.7,0.7,-0.148,-7.14,-7.51
177075.0,0.7,0.7,-0.1353,-7.04,-7.41
177076.0,0.7,0.7,-0.1248,-6.96,-7.33
177077.0,0.7,0.7,-0.127,-6.93,-7.3
177078.0,0.7,0.7,-0.1041,-6.8,-7.17
177079.0,0.7,0.7,-0.0892,-6.7,-7.07
177080.0,0.7,0.7,-0.0755,-6.6,-6.97
177082.0,0.7,0.7,-0.0729,-6.54,-6.91
177083.0,0.7,0.7,-0.0631,-6.46,-6.83
177084.0,0.7,0.7,-0.0486,-6.37,-6.74
177085.0,0.7,0.7,-0.0348,-6.27,-6.64
177086.0,0.7,0.7,-0.0261,-6.19,-6.56
177087.0,0.7,0.7,-0.0145,-6.1,-6.47
177088.0,0.7,0.7,-0.0022,-6.01,-6.38
177089.0,0.7,0.7,0.0065,-5.93,-6.3
177090.0,0.7,0.7,0.021,-5.83,-6.2
177091.0,0.7,0.7,0.0301,-5.75,-6.12
177092.0,0.7,0.7,0.0272,-5.72,-6.09
177094.0,0.7,0.7,0.053,-5.58,-5.95
177095.0,0.7,0.7,0.0638,-5.49,-5.86
177096.0,0.7,0.7,0.0726,-5.41,-5.78
177097.0,0.7,0.7,0.0892,-5.3,-5.67
177098.0,0.7,0.7,0.0987,-5.22,-5.59
177099.0,0.7,0.7,0.1081,-5.14,-5.51
177100.0,0.7,0.7,0.1172,-5.06,-5.43
177101.0,0.7,0.7,0.1299,-4.97,-5.34
177102.0,0.7,0.7,0.1408,-4.88,-5.25
177103.0,0.7,0.7,0.1516,-4.79,-5.16
177104.0,0.7,0.7,0.1625,-4.71,-5.08
177105.0,0.7,0.7,0.1778,-4.6,-4.97
177107.0,0.7,0.7,0.1814,-4.54,-4.91
177108.0,0.7,0.7,0.1937,-4.45,-4.82
177109.0,0.7,0.7,0.2061,-4.36,-4.73
177110.0,0.7,0.7,0.21,-4.3,-4.67
177111.0,0.7,0.7,0.2246,-4.2,-4.57
177112.0,0.7,0.7,0.2351,-4.12,-4.49
177113.0,0.7,0.7,0.2441,-4.04,-4.41
177114.0,0.7,0.7,0.2583,-3.94,-4.31
177115.0,0.7,0.7,0.267,-3.87,-4.24
177116.0,0.7,0.7,0.2909,-3.73,-4.1
177117.0,0.7,0.7,0.2808,-3.73,-4.1
177118.0,0.7,0.7,0.2935,-3.64,-4.01
177120.0,0.7,0.7,0.304,-3.55,-3.92
177121.0,0.7,0.7,0.3163,-3.47,-3.84
177122.0,0.7,0.7,0.3308,-3.37,-3.74
177123.0,0.7,0.7,0.3229,-3.36,-3.73
177124.0,0.7,0.7,0.3432,-3.24,-3.61
177125.0,0.7,0.7,0.357,-3.15,-3.52
177126.0,0.7,0.7,0.3678,-3.06,-3.43
177127.0,0.7,0.7,0.3697,-3.01,-3.38
177128.0,0.7,0.7,0.3798,-2.94,-3.31
177129.0,0.7,0.7,0.3867,-2.87,-3.24
177130.0,0.7,0.7,0.3958,-2.8,-3.17
177131.0,0.7,0.7,0.3918,-2.78,-3.15
177133.0,0.7,0.7,0.4121,-2.66,-3.03
177134.0,0.7,0.7,0.3976,-2.69,-3.06
177135.0,0.7,0.7,0.4273,-2.54,-2.91
177136.0,0.7,0.7,0.4295,-2.5,-2.87
177137.0,0.7,0.7,0.4448,-2.4,-2.77
177138.0,0.7,0.7,0.4527,-2.33,-2.7
177139.0,0.7,0.7,0.4622,-2.26,-2.63
177140.0,0.7,0.7,0.4741,-2.18,-2.55
177141.0,0.7,0.7,0.4781,-2.12,-2.49
177142.0,0.7,0.7,0.4974,-2.01,-2.38
177143.0,0.7,0.7,0.485,-2.03,-2.4
177145.0,0.7,0.7,0.4945,-1.96,-2.33
177146.0,0.7,0.7,0.4974,-1.92,-2.29
177147.0,0.7,0.7,0.5202,-1.79,-2.16
177148.0,0.7,0.7,0.5166,-1.77,-2.14
177149.0,0.7,0.7,0.5188,-1.74,-2.11
177150.0,0.7,0.7,0.526,-1.68,-2.05
177151.0,0.7,0.7,0.5601,-1.51,-1.88
177152.0,0.7,0.7,0.5427,-1.55,-1.92
177153.0,0.7,0.7,0.5463,-1.5,-1.87
177154.0,0.7,0.7,0.5514,-1.46,-1.83
177155.0,0.7,0.7,0.5521,-1.43,-1.8
177157.0,0.7,0.7,0.5608,-1.37,-1.74
177158.0,0.7,0.7,0.5688,-1.31,-1.68
177159.0,0.7,0.7,0.5746,-1.26,-1.63
177160.0,0.7,0.7,0.5815,-1.21,-1.58
177161.0,0.7,0.7,0.5949,-1.13,-1.5
177162.0,0.7,0.7,0.6153,-1.02,-1.39
177163.0,0.7,0.7,0.5949,-1.07,-1.44
177164.0,0.7,0.7,0.5949,-1.05,-1.42
177165.0,0.7,0.7,0.6044,-0.99,-1.36
177166.0,0.7,0.7,0.6095,-0.95,-1.32
177167.0,0.7,0.7,0.6066,-0.94,-1.31
177168.0,0.7,0.7,0.6066,-0.92,-1.29
177170.0,0.7,0.7,0.6211,-0.85,-1.22
177171.0,0.7,0.7,0.6247,-0.81,-1.18
177172.0,0.7,0.7,0.6298,-0.77,-1.14
177173.0,0.7,0.7,0.6327,-0.74,-1.11
177174.0,0.7,0.7,0.6363,-0.71,-1.08
177175.0,0.7,0.7,0.6396,-0.67,-1.04
177176.0,0.7,0.7,0.6428,-0.64,-1.01
177177.0,0.7,0.7,0.6363,-0.65,-1.02
177178.0,0.7,0.7,0.6515,-0.58,-0.95
177179.0,0.7,0.7,0.6523,-0.56,-0.93
177180.0,0.7,0.7,0.6588,-0.51,-0.88
177181.0,0.7,0.7,0.6617,-0.48,-0.85
177183.0,0.7,0.7,0.6639,-0.46,-0.83
177184.0,0.7,0.7,0.6689,-0.42,-0.79
177185.0,0.7,0.7,0.6689,-0.41,-0.78
177186.0,0.7,0.7,0.6733,-0.37,-0.74
177187.0,0.7,0.7,0.6733,-0.36,-0.73
177188.0,0.7,0.7,0.6831,-0.31,-0.68
177189.0,0.7,0.7,0.6762,-0.32,-0.69
177190.0,0.7,0.7,0.6733,-0.32,-0.69
177191.0,0.7,0.7,0.6849,-0.26,-0.63
177192.0,0.7,0.7,0.6885,-0.23,-0.6
177193.0,0.7,0.7,0.6871,-0.23,-0.6
177194.0,0.7,0.7,0.6947,-0.18,-0.55
177196.0,0.7,0.7,0.6907,-0.19,-0.56
177197.0,0.7,0.7,0.6965,-0.15,-0.52
177198.0,0.7,0.7,0.6958,-0.15,-0.52
177199.0,0.7,0.7,0.7023,-0.11,-0.48
177200.0,0.7,0.7,0.7023,-0.1,-0.47
177201.0,0.7,0.7,0.6976,-0.11,-0.48
177202.0,0.7,0.7,0.7052,-0.07,-0.44
177203.0,0.7,0.7,0.706,-0.05,-0.42
177204.0,0.7,0.7,0.7081,-0.04,-0.41
177205.0,0.7,0.7,0.7118,-0.01,-0.38
177206.0,0.7,0.7,0.7121,-0.0,-0.37
177207.0,0.7,0.7,0.7154,0.02,0.36
177208.0,0.7,0.7,0.7176,0.04,0.38
177210.0,0.7,0.7,0.7103,0.02,0.36
177211.0,0.7,0.7,0.7103,0.02,0.36
177212.0,0.7,0.7,0.7179,0.06,0.4
177213.0,0.7,0.7,0.7096,0.03,0.37
177214.0,0.7,0.7,0.7197,0.08,0.42
177215.0,0.7,0.7,0.7292,0.12,0.46
177216.0,0.7,0.7,0.711,0.06,0.4
177217.0,0.7,0.7,0.7284,0.13,0.47
177218.0,0.7,0.7,0.7052,0.05,0.39
177219.0,0.7,0.7,0.7255,0.13,0.47
177220.0,0.7,0.7,0.7226,0.12,0.46
177221.0,0.7,0.7,0.7052,0.06,0.4
177222.0,0.7,0.7,0.7147,0.09,0.43
177223.0,0.7,0.7,0.7226,0.13,0.47
177224.0,0.7,0.7,0.7226,0.13,0.47
177225.0,0.7,0.7,0.7255,0.15,0.49
177226.0,0.7,0.7,0.7165,0.12,0.46
177227.0,0.7,0.7,0.7292,0.17,0.51
177228.0,0.7,0.7,0.7234,0.15,0.49
177229.0,0.7,0.7,0.7241,0.16,0.5
177231.0,0.7,0.7,0.7139,0.12,0.46
177232.0,0.7,0.7,0.7183,0.14,0.48
177233.0,0.7,0.7,0.7248,0.16,0.5
177234.0,0.7,0.7,0.7284,0.18,0.52
177235.0,0.7,0.7,0.7255,0.17,0.51
177236.0,0.7,0.7,0.7197,0.15,0.49
177237.0,0.7,0.7,0.7241,0.17,0.51
177238.0,0.7,0.7,0.6972,0.06,0.4
177239.0,0.7,0.7,0.7168,0.13,0.47
177240.0,0.7,0.7,0.7197,0.15,0.49
177241.0,0.7,0.7,0.7208,0.15,0.49
177242.0,0.7,0.7,0.7255,0.17,0.51
177243.0,0.7,0.7,0.7208,0.16,0.5
177244.0,0.7,0.7,0.7219,0.16,0.5
177245.0,0.7,0.7,0.7197,0.15,0.49
177246.0,0.7,0.7,0.7277,0.19,0.53
177247.0,0.7,0.7,0.7139,0.13,0.47
177248.0,0.7,0.7,0.7197,0.15,0.49
177249.0,0.7,0.7,0.7205,0.16,0.5
177251.0,0.7,0.7,0.7052,0.09,0.43
177252.0,0.7,0.7,0.7321,0.2,0.54
177253.0,0.7,0.7,0.7121,0.12,0.46
177254.0,0.7,0.7,0.6472,-0.15,-0.52
177255.0,0.7,0.7,0.7139,0.1,0.44
177256.0,0.7,0.7,0.7074,0.08,0.42
177257.0,0.7,0.7,0.7147,0.11,0.45
177258.0,0.7,0.7,0.7147,0.11,0.45
177259.0,0.7,0.7,0.711,0.09,0.43
177260.0,0.7,0.7,0.7132,0.1,0.44
177261.0,0.7,0.7,0.7081,0.08,0.42
177262.0,0.7,0.7,0.7118,0.09,0.43
177263.0,0.7,0.7,0.7118,0.09,0.43
177264.0,0.7,0.7,0.6878,-0.01,-0.38
177265.0,0.7,0.7,0.7067,0.06,0.4
177266.0,0.7,0.7,0.7165,0.1,0.44
177267.0,0.7,0.7,0.7081,0.07,0.41
177268.0,0.7,0.7,0.7103,0.08,0.42
177269.0,0.7,0.7,0.711,0.08,0.42
177271.0,0.7,0.7,0.7001,0.04,0.38
177272.0,0.7,0.7,0.715,0.1,0.44
177273.0,0.7,0.7,0.703,0.05,0.39
177274.0,0.7,0.7,0.7139,0.09,0.43
177275.0,0.7,0.7,0.7074,0.07,0.41
177276.0,0.7,0.7,0.7063,0.06,0.4
177277.0,0.7,0.7,0.7081,0.07,0.41
177278.0,0.7,0.7,0.706,0.06,0.4
177279.0,0.7,0.7,0.7067,0.06,0.4
177280.0,0.7,0.7,0.703,0.04,0.38
177281.0,0.7,0.7,0.7038,0.05,0.39
177282.0,0.7,0.7,0.7023,0.04,0.38
177283.0,0.7,0.7,0.7078,0.06,0.4
177284.0,0.7,0.7,0.6965,0.01,0.35
177285.0,0.7,0.7,0.706,0.05,0.39
177286.0,0.7,0.7,0.7005,0.03,0.37
177287.0,0.7,0.7,0.7005,0.02,0.36
177288.0,0.7,0.7,0.7034,0.03,0.37
177289.0,0.7,0.7,0.7005,0.02,0.36
177290.0,0.7,0.7,0.6965,0.0,0.34
177291.0,0.7,0.7,0.7001,0.02,0.36
177292.0,0.7,0.7,0.6994,0.01,0.35
177293.0,0.7,0.7,0.6918,-0.02,-0.39
177295.0,0.7,0.7,0.6972,-0.0,-0.37
177296.0,0.7,0.7,0.6849,-0.06,-0.43
177297.0,0.7,0.7,0.6994,-0.0,-0.37
177298.0,0.7,0.7,0.7023,0.01,0.35
177299.0,0.7,0.7,0.6965,-0.01,-0.38
177300.0,0.7,0.7,0.6914,-0.04,-0.41
177301.0,0.7,0.7,0.7001,-0.0,-0.37
177302.0,0.7,0.7,0.6943,-0.03,-0.4
177303.0,0.7,0.7,0.6936,-0.03,-0.4
177304.0,0.7,0.7,0.6943,-0.03,-0.4
177305.0,0.7,0.7,0.6972,-0.02,-0.39
177306.0,0.7,0.7,0.6936,-0.03,-0.4
177307.0,0.7,0.7,0.6922,-0.04,-0.41
177309.0,0.7,0.7,0.7103,0.03,0.37
177310.0,0.7,0.7,0.7016,0.0,0.34
177311.0,0.7,0.7,0.6885,-0.05,-0.42
177312.0,0.7,0.7,0.6972,-0.02,-0.39
177313.0,0.7,0.7,0.6943,-0.03,-0.4
177314.0,0.7,0.7,0.6958,-0.03,-0.4
177315.0,0.7,0.7,0.6958,-0.03,-0.4
177316.0,0.7,0.7,0.6965,-0.03,-0.4
177317.0,0.7,0.7,0.6878,-0.06,-0.43
177318.0,0.7,0.7,0.6962,-0.03,-0.4
177319.0,0.7,0.7,0.6958,-0.03,-0.4
177320.0,0.7,0.7,0.6936,-0.04,-0.41
177321.0,0.7,0.7,0.7049,0.0,0.34
177322.0,0.7,0.7,0.6965,-0.03,-0.4
177323.0,0.7,0.7,0.7009,-0.01,-0.38
177325.0,0.7,0.7,0.6914,-0.05,-0.42
177326.0,0.7,0.7,0.6189,-0.35,-0.72
177327.0,0.7,0.7,0.6907,-0.08,-0.45
177328.0,0.7,0.7,0.6958,-0.06,-0.43
177329.0,0.7,0.7,0.6972,-0.05,-0.42
177330.0,0.7,0.7,0.6914,-0.07,-0.44
177331.0,0.7,0.7,0.6965,-0.05,-0.42
177332.0,0.7,0.7,0.698,-0.04,-0.41
177333.0,0.7,0.7,0.6987,-0.04,-0.41
177334.0,0.7,0.7,0.6994,-0.03,-0.4
177335.0,0.7,0.7,0.7009,-0.02,-0.39
177336.0,0.7,0.7,0.7034,-0.01,-0.38
177338.0,0.7,0.7,0.706,0.0,0.34
177339.0,0.7,0.7,0.7081,0.02,0.36
177340.0,0.7,0.7,0.703,0.0,0.34
177341.0,0.7,0.7,0.702,-0.0,-0.37
177342.0,0.7,0.7,0.7034,0.01,0.35
177343.0,0.7,0.7,0.703,0.01,0.35
177344.0,0.7,0.7,0.7045,0.01,0.35
177345.0,0.7,0.7,0.703,0.01,0.35
177346.0,0.7,0.7,0.7009,0.0,0.34
177347.0,0.7,0.7,0.6943,-0.02,-0.39
177348.0,0.7,0.7,0.7081,0.03,0.37
177349.0,0.7,0.7,0.6929,-0.03,-0.4
177350.0,0.7,0.7,0.7023,0.01,0.35
177351.0,0.7,0.7,0.7023,0.01,0.35
177352.0,0.7,0.7,0.7023,0.01,0.35
177353.0,0.7,0.7,0.6972,-0.01,-0.38
177354.0,0.7,0.7,0.7016,0.01,0.35
177355.0,0.7,0.7,0.7023,0.01,0.35
177356.0,0.7,0.7,0.7092,0.04,0.38
177358.0,0.7,0.7,0.6523,-0.19,-0.56
177359.0,0.7,0.7,0.703,-0.0,-0.37
177360.0,0.7,0.7,0.6871,-0.06,-0.43
177361.0,0.7,0.7,0.706,0.01,0.35
177362.0,0.7,0.7,0.7081,0.02,0.36
177363.0,0.7,0.7,0.6976,-0.02,-0.39
177364.0,0.7,0.7,0.7023,0.0,0.34
177365.0,0.7,0.7,0.7023,0.0,0.34
177366.0,0.7,0.7,0.7045,0.01,0.35
177367.0,0.7,0.7,0.7081,0.03,0.37
177368.0,0.7,0.7,0.7038,0.02,0.36
177369.0,0.7,0.7,0.7034,0.02,0.36
177370.0,0.7,0.7,0.7034,0.02,0.36
177371.0,0.7,0.7,0.6994,0.0,0.34
177372.0,0.7,0.7,0.7023,0.01,0.35
177373.0,0.7,0.7,0.7038,0.02,0.36
177374.0,0.7,0.7,0.7005,0.01,0.35
177375.0,0.7,0.7,0.7023,0.01,0.35
177376.0,0.7,0.7,0.7161,0.07,0.41
177378.0,0.7,0.7,0.706,0.03,0.37
177379.0,0.7,0.7,0.7074,0.04,0.38
177380.0,0.7,0.7,0.7009,0.02,0.36
177381.0,0.7,0.7,0.703,0.02,0.36
177382.0,0.7,0.7,0.6994,0.01,0.35
177383.0,0.7,0.7,0.6965,-0.0,-0.37
177384.0,0.7,0.7,0.703,0.02,0.36
177385.0,0.7,0.7,0.7001,0.01,0.35
177386.0,0.7,0.7,0.7045,0.03,0.37
177387.0,0.7,0.7,0.703,0.02,0.36
177388.0,0.7,0.7,0.6994,0.01,0.35
177389.0,0.7,0.7,0.6987,0.0,0.34
177390.0,0.7,0.7,0.706,0.03,0.37
177391.0,0.7,0.7,0.6943,-0.02,-0.39
177392.0,0.7,0.7,0.7023,0.02,0.36
177393.0,0.7,0.7,0.6987,0.0,0.34
177394.0,0.7,0.7,0.7056,0.03,0.37
177395.0,0.7,0.7,0.6972,-0.01,-0.38
177396.0,0.7,0.7,0.6972,-0.01,-0.38
177398.0,0.7,0.7,0.6871,-0.05,-0.42
177399.0,0.7,0.7,0.6965,-0.02,-0.39
177400.0,0.7,0.7,0.6907,-0.04,-0.41
177401.0,0.7,0.7,0.6987,-0.01,-0.38
177402.0,0.7,0.7,0.6958,-0.02,-0.39
177403.0,0.7,0.7,0.6907,-0.04,-0.41
177404.0,0.7,0.7,0.6976,-0.02,-0.39
177405.0,0.7,0.7,0.6951,-0.03,-0.4
177406.0,0.7,0.7,0.6965,-0.02,-0.39
177407.0,0.7,0.7,0.6914,-0.05,-0.42
177408.0,0.7,0.7,0.6965,-0.03,-0.4
177409.0,0.7,0.7,0.6943,-0.04,-0.41
177410.0,0.7,0.7,0.7009,-0.01,-0.38
177412.0,0.7,0.7,0.6972,-0.02,-0.39
177413.0,0.7,0.7,0.6994,-0.01,-0.38
177414.0,0.7,0.7,0.6994,-0.01,-0.38
177415.0,0.7,0.7,0.6943,-0.03,-0.4
177416.0,0.7,0.7,0.6965,-0.03,-0.4
177417.0,0.7,0.7,0.7016,-0.0,-0.37
177418.0,0.7,0.7,0.6965,-0.02,-0.39
177419.0,0.7,0.7,0.7052,0.01,0.35
177420.0,0.7,0.7,0.6907,-0.05,-0.42
177421.0,0.7,0.7,0.6987,-0.02,-0.39
177422.0,0.7,0.7,0.706,0.02,0.36
177423.0,0.7,0.7,0.698,-0.01,-0.38
177424.0,0.7,0.7,0.6994,-0.01,-0.38
177425.0,0.7,0.7,0.7034,0.01,0.35
177427.0,0.7,0.7,0.7081,0.03,0.37
177428.0,0.7,0.7,0.6994,-0.0,-0.37
177429.0,0.7,0.7,0.6987,-0.01,-0.38
177430.0,0.7,0.7,0.7001,-0.0,-0.37
177431.0,0.7,0.7,0.6994,-0.0,-0.37
177432.0,0.7,0.7,0.7038,0.01,0.35
177433.0,0.7,0.7,0.6965,-0.01,-0.38
177434.0,0.7,0.7,0.6965,-0.02,-0.39
177435.0,0.7,0.7,0.7074,0.03,0.37
177436.0,0.7,0.7,0.7023,0.01,0.35
177437.0,0.7,0.7,0.7001,0.0,0.34
177438.0,0.7,0.7,0.6914,-0.03,-0.4
177439.0,0.7,0.7,0.6972,-0.01,-0.38
177440.0,0.7,0.7,0.7023,0.01,0.35
177441.0,0.7,0.7,0.7089,0.03,0.37
177442.0,0.7,0.7,0.7023,0.01,0.35
177443.0,0.7,0.7,0.703,0.01,0.35
177445.0,0.7,0.7,0.6936,-0.02,-0.39
177446.0,0.7,0.7,0.6976,-0.01,-0.38
177447.0,0.7,0.7,0.7089,0.04,0.38
177448.0,0.7,0.7,0.7023,0.01,0.35
177449.0,0.7,0.7,0.6987,-0.0,-0.37
177450.0,0.7,0.7,0.7045,0.02,0.36
177451.0,0.7,0.7,0.6965,-0.01,-0.38
177452.0,0.7,0.7,0.7023,0.01,0.35
177453.0,0.7,0.7,0.7001,0.0,0.34
177454.0,0.7,0.7,0.6994,0.0,0.34
177455.0,0.7,0.7,0.7016,0.01,0.35
177456.0,0.7,0.7,0.6987,-0.0,-0.37
177457.0,0.7,0.7,0.6987,-0.0,-0.37
177458.0,0.7,0.7,0.703,0.01,0.35
177459.0,0.7,0.7,0.6972,-0.01,-0.38
177460.0,0.7,0.7,0.7023,0.01,0.35
177462.0,0.7,0.7,0.7103,0.04,0.38
177463.0,0.7,0.7,0.7023,0.01,0.35
177464.0,0.7,0.7,0.703,0.02,0.36
177465.0,0.7,0.7,0.7038,0.02,0.36
177466.0,0.7,0.7,0.703,0.02,0.36
177467.0,0.7,0.7,0.706,0.03,0.37
177468.0,0.7,0.7,0.7103,0.05,0.39
177469.0,0.7,0.7,0.7001,0.01,0.35
177470.0,0.7,0.7,0.6965,-0.0,-0.37
177471.0,0.7,0.7,0.703,0.02,0.36
177472.0,0.7,0.7,0.6994,0.01,0.35
177473.0,0.7,0.7,0.7001,0.01,0.35
177474.0,0.7,0.7,0.7081,0.04,0.38
177475.0,0.7,0.7,0.703,0.02,0.36
177476.0,0.7,0.7,0.7052,0.03,0.37
177477.0,0.7,0.7,0.7023,0.02,0.36
177478.0,0.7,0.7,0.6972,-0.0,-0.37
177479.0,0.7,0.7,0.7001,0.01,0.35
177480.0,0.7,0.7,0.7052,0.03,0.37
177481.0,0.7,0.7,0.6994,0.01,0.35
177482.0,0.7,0.7,0.6784,-0.08,-0.45
177484.0,0.7,0.7,0.7023,0.01,0.35
177485.0,0.7,0.7,0.6943,-0.02,-0.39
177486.0,0.7,0.7,0.698,-0.01,-0.38
177487.0,0.7,0.7,0.6987,-0.01,-0.38
177488.0,0.7,0.7,0.6994,-0.0,-0.37
177489.0,0.7,0.7,0.6972,-0.01,-0.38
177490.0,0.7,0.7,0.6972,-0.01,-0.38
177491.0,0.7,0.7,0.6929,-0.03,-0.4
177492.0,0.7,0.7,0.7081,0.03,0.37
177493.0,0.7,0.7,0.6943,-0.03,-0.4
177494.0,0.7,0.7,0.7001,-0.0,-0.37
177495.0,0.7,0.7,0.703,0.01,0.35
177496.0,0.7,0.7,0.7023,0.01,0.35
177497.0,0.7,0.7,0.6987,-0.01,-0.38
177499.0,0.7,0.7,0.7016,0.0,0.34
177500.0,0.7,0.7,0.6965,-0.02,-0.39
177501.0,0.7,0.7,0.6972,-0.01,-0.38
177502.0,0.7,0.7,0.6994,-0.01,-0.38
177503.0,0.7,0.7,0.6929,-0.03,-0.4
177504.0,0.7,0.7,0.6976,-0.01,-0.38
177505.0,0.7,0.7,0.7009,-0.0,-0.37
177506.0,0.7,0.7,0.6969,-0.02,-0.39
177507.0,0.7,0.7,0.698,-0.01,-0.38
177508.0,0.7,0.7,0.7001,-0.0,-0.37
177509.0,0.7,0.7,0.7063,0.02,0.36
177510.0,0.7,0.7,0.6994,-0.0,-0.37
177511.0,0.7,0.7,0.6965,-0.02,-0.39
177512.0,0.7,0.7,0.7023,0.01,0.35
177514.0,0.7,0.7,0.7023,0.01,0.35
177515.0,0.7,0.7,0.7052,0.02,0.36
177516.0,0.7,0.7,0.703,0.01,0.35
177517.0,0.7,0.7,0.6849,-0.06,-0.43
177518.0,0.7,0.7,0.6965,-0.02,-0.39
177519.0,0.7,0.7,0.6994,-0.01,-0.38
177520.0,0.7,0.7,0.6994,-0.01,-0.38
177521.0,0.7,0.7,0.6994,-0.01,-0.38
177522.0,0.7,0.7,0.7001,-0.0,-0.37
177523.0,0.7,0.7,0.6994,-0.01,-0.38
177524.0,0.7,0.7,0.7001,-0.0,-0.37
177525.0,0.7,0.7,0.7023,0.01,0.35
177526.0,0.7,0.7,0.6976,-0.01,-0.38
177527.0,0.7,0.7,0.6994,-0.0,-0.37
177528.0,0.7,0.7,0.7023,0.01,0.35
177530.0,0.7,0.7,0.6994,-0.0,-0.37
177531.0,0.7,0.7,0.6965,-0.02,-0.39
177532.0,0.7,0.7,0.6965,-0.02,-0.39
177533.0,0.7,0.7,0.703,0.01,0.35
177534.0,0.7,0.7,0.7001,-0.0,-0.37
177535.0,0.7,0.7,0.703,0.01,0.35
177536.0,0.7,0.7,0.6994,-0.0,-0.37
177537.0,0.7,0.7,0.7001,-0.0,-0.37
177538.0,0.7,0.7,0.7023,0.01,0.35
177539.0,0.7,0.7,0.7001,0.0,0.34
177540.0,0.7,0.7,0.7118,0.05,0.39
177541.0,0.7,0.7,0.703,0.02,0.36
177542.0,0.7,0.7,0.7089,0.04,0.38
177543.0,0.7,0.7,0.6922,-0.03,-0.4
177544.0,0.7,0.7,0.7027,0.02,0.36
177545.0,0.7,0.7,0.6987,-0.0,-0.37
177547.0,0.7,0.7,0.706,0.03,0.37
177548.0,0.7,0.7,0.6965,-0.01,-0.38
177549.0,0.7,0.7,0.703,0.02,0.36
177550.0,0.7,0.7,0.7118,0.05,0.39
177551.0,0.7,0.7,0.7023,0.02,0.36
177552.0,0.7,0.7,0.6918,-0.03,-0.4
177553.0,0.7,0.7,0.7009,0.01,0.35
177554.0,0.7,0.7,0.6943,-0.02,-0.39
177555.0,0.7,0.7,0.7023,0.01,0.35
177556.0,0.7,0.7,0.7023,0.01,0.35
177557.0,0.7,0.7,0.7063,0.03,0.37
177558.0,0.7,0.7,0.7023,0.01,0.35
177559.0,0.7,0.7,0.7023,0.02,0.36
177560.0,0.7,0.7,0.703,0.02,0.36
177561.0,0.7,0.7,0.7023,0.02,0.36
177562.0,0.7,0.7,0.7034,0.02,0.36
177563.0,0.7,0.7,0.7074,0.04,0.38
177564.0,0.7,0.7,0.7121,0.06,0.4
177565.0,0.7,0.7,0.7023,0.02,0.36
177566.0,0.7,0.7,0.7067,0.04,0.38
177568.0,0.7,0.7,0.7081,0.05,0.39
177569.0,0.7,0.7,0.7023,0.02,0.36
177570.0,0.7,0.7,0.7038,0.03,0.37
177571.0,0.7,0.7,0.703,0.03,0.37
177572.0,0.7,0.7,0.7001,0.01,0.35
177573.0,0.7,0.7,0.703,0.03,0.37
177574.0,0.7,0.7,0.698,0.0,0.34
177575.0,0.7,0.7,0.7023,0.02,0.36
177576.0,0.7,0.7,0.6922,-0.02,-0.39
177577.0,0.7,0.7,0.6831,-0.06,-0.43
177578.0,0.7,0.7,0.6976,-0.01,-0.38
177579.0,0.7,0.7,0.6947,-0.02,-0.39
177580.0,0.7,0.7,0.6965,-0.02,-0.39
177581.0,0.7,0.7,0.7045,0.02,0.36
177582.0,0.7,0.7,0.7023,0.01,0.35
177583.0,0.7,0.7,0.6871,-0.05,-0.42
177584.0,0.7,0.7,0.7001,-0.0,-0.37
177586.0,0.7,0.7,0.6994,-0.01,-0.38
177587.0,0.7,0.7,0.7001,-0.0,-0.37
177588.0,0.7,0.7,0.6885,-0.05,-0.42
177589.0,0.7,0.7,0.6994,-0.01,-0.38
177590.0,0.7,0.7,0.7023,0.0,0.34
177591.0,0.7,0.7,0.6976,-0.02,-0.39
177592.0,0.7,0.7,0.7049,0.01,0.35
177593.0,0.7,0.7,0.6987,-0.01,-0.38
177594.0,0.7,0.7,0.7023,0.01,0.35
177595.0,0.7,0.7,0.6987,-0.01,-0.38
177596.0,0.7,0.7,0.6951,-0.02,-0.39
177597.0,0.7,0.7,0.6936,-0.03,-0.4
177598.0,0.7,0.7,0.6987,-0.01,-0.38
177600.0,0.7,0.7,0.6987,-0.01,-0.38
177601.0,0.7,0.7,0.6965,-0.02,-0.39
177602.0,0.7,0.7,0.6849,-0.07,-0.44
177603.0,0.7,0.7,0.702,-0.0,-0.37
177604.0,0.7,0.7,0.6976,-0.02,-0.39
177605.0,0.7,0.7,0.6994,-0.01,-0.38
177606.0,0.7,0.7,0.6994,-0.01,-0.38
177607.0,0.7,0.7,0.6958,-0.03,-0.4
177608.0,0.7,0.7,0.6972,-0.02,-0.39
177609.0,0.7,0.7,0.6994,-0.01,-0.38
177610.0,0.7,0.7,0.6994,-0.01,-0.38
177611.0,0.7,0.7,0.6936,-0.03,-0.4
177612.0,0.7,0.7,0.715,0.05,0.39
177614.0,0.7,0.7,0.7001,-0.0,-0.37
177615.0,0.7,0.7,0.6987,-0.01,-0.38
177616.0,0.7,0.7,0.7023,0.01,0.35
177617.0,0.7,0.7,0.7023,0.01,0.35
177618.0,0.7,0.7,0.7023,0.01,0.35
177619.0,0.7,0.7,0.6958,-0.02,-0.39
177620.0,0.7,0.7,0.7016,0.0,0.34
177621.0,0.7,0.7,0.7023,0.01,0.35
177622.0,0.7,0.7,0.7023,0.01,0.35
177623.0,0.7,0.7,0.7005,0.0,0.34
177624.0,0.7,0.7,0.7023,0.01,0.35
177625.0,0.7,0.7,0.7023,0.01,0.35
177626.0,0.7,0.7,0.6972,-0.01,-0.38
177627.0,0.7,0.7,0.7045,0.02,0.36
177628.0,0.7,0.7,0.6838,-0.06,-0.43
177629.0,0.7,0.7,0.706,0.02,0.36
177630.0,0.7,0.7,0.7063,0.03,0.37
177631.0,0.7,0.7,0.7023,0.01,0.35
177632.0,0.7,0.7,0.6965,-0.01,-0.38
177634.0,0.7,0.7,0.6994,-0.0,-0.37
177635.0,0.7,0.7,0.6943,-0.02,-0.39
177636.0,0.7,0.7,0.6965,-0.02,-0.39
177637.0,0.7,0.7,0.7023,0.01,0.35
177638.0,0.7,0.7,0.6994,-0.0,-0.37
177639.0,0.7,0.7,0.6889,-0.05,-0.42
177640.0,0.7,0.7,0.7023,0.0,0.34
177641.0,0.7,0.7,0.7045,0.01,0.35
177642.0,0.7,0.7,0.6976,-0.01,-0.38
177643.0,0.7,0.7,0.703,0.01,0.35
177644.0,0.7,0.7,0.703,0.01,0.35
177645.0,0.7,0.7,0.7063,0.03,0.37
177646.0,0.7,0.7,0.7045,0.02,0.36
177647.0,0.7,0.7,0.7023,0.01,0.35
177648.0,0.7,0.7,0.7005,0.01,0.35
177649.0,0.7,0.7,0.7074,0.03,0.37
177651.0,0.7,0.7,0.7023,0.02,0.36
177652.0,0.7,0.7,0.7139,0.06,0.4
177653.0,0.7,0.7,0.7045,0.03,0.37
177654.0,0.7,0.7,0.6994,0.01,0.35
177655.0,0.7,0.7,0.7045,0.03,0.37
177656.0,0.7,0.7,0.706,0.03,0.37
177657.0,0.7,0.7,0.6907,-0.03,-0.4
177658.0,0.7,0.7,0.7023,0.02,0.36
177659.0,0.7,0.7,0.6849,-0.05,-0.42
177660.0,0.7,0.7,0.6943,-0.02,-0.39
177661.0,0.7,0.7,0.6965,-0.01,-0.38
177662.0,0.7,0.7,0.6972,-0.01,-0.38
177663.0,0.7,0.7,0.6987,-0.01,-0.38
177664.0,0.7,0.7,0.703,0.01,0.35
177665.0,0.7,0.7,0.6958,-0.02,-0.39
177666.0,0.7,0.7,0.7023,0.01,0.35
177667.0,0.7,0.7,0.7234,0.09,0.43
177669.0,0.7,0.7,0.6994,0.0,0.34
177670.0,0.7,0.7,0.7023,0.02,0.36
177671.0,0.7,0.7,0.706,0.03,0.37
177672.0,0.7,0.7,0.703,0.02,0.36
177673.0,0.7,0.7,0.7001,0.01,0.35
177674.0,0.7,0.7,0.706,0.03,0.37
177675.0,0.7,0.7,0.7034,0.02,0.36
177676.0,0.7,0.7,0.6994,0.01,0.35
177677.0,0.7,0.7,0.7023,0.02,0.36
177678.0,0.7,0.7,0.6994,0.01,0.35
177679.0,0.7,0.7,0.6994,0.0,0.34
177680.0,0.7,0.7,0.7001,0.01,0.35
177681.0,0.7,0.7,0.6827,-0.07,-0.44
177682.0,0.7,0.7,0.6947,-0.02,-0.39
177683.0,0.7,0.7,0.7001,-0.0,-0.37
177684.0,0.7,0.7,0.703,0.01,0.35
177685.0,0.7,0.7,0.694,-0.03,-0.4
177686.0,0.7,0.7,0.7001,-0.0,-0.37
177687.0,0.7,0.7,0.7001,-0.0,-0.37
177689.0,0.7,0.7,0.6965,-0.02,-0.39
177690.0,0.7,0.7,0.6972,-0.01,-0.38
177691.0,0.7,0.7,0.703,0.01,0.35
177692.0,0.7,0.7,0.6972,-0.01,-0.38
177693.0,0.7,0.7,0.6943,-0.03,-0.4
177694.0,0.7,0.7,0.6976,-0.01,-0.38
177695.0,0.7,0.7,0.7005,-0.0,-0.37
177696.0,0.7,0.7,0.702,0.0,0.34
177697.0,0.7,0.7,0.7005,-0.0,-0.37
177698.0,0.7,0.7,0.7023,0.01,0.35
177699.0,0.7,0.7,0.6972,-0.01,-0.38
177700.0,0.7,0.7,0.6943,-0.03,-0.4
177701.0,0.7,0.7,0.6972,-0.02,-0.39
177702.0,0.7,0.7,0.698,-0.01,-0.38
177704.0,0.7,0.7,0.7027,0.01,0.35
177705.0,0.7,0.7,0.7001,-0.0,-0.37
177706.0,0.7,0.7,0.7052,0.02,0.36
177707.0,0.7,0.7,0.6987,-0.01,-0.38
177708.0,0.7,0.7,0.6994,-0.0,-0.37
177709.0,0.7,0.7,0.6936,-0.03,-0.4
177710.0,0.7,0.7,0.6994,-0.01,-0.38
177711.0,0.7,0.7,0.6994,-0.01,-0.38
177712.0,0.7,0.7,0.7016,0.0,0.34
177713.0,0.7,0.7,0.706,0.02,0.36
177714.0,0.7,0.7,0.6965,-0.01,-0.38
177715.0,0.7,0.7,0.7023,0.01,0.35
177716.0,0.7,0.7,0.7143,0.06,0.4
177717.0,0.7,0.7,0.7052,0.03,0.37
177718.0,0.7,0.7,0.7001,0.01,0.35
177719.0,0.7,0.7,0.711,0.05,0.39
177721.0,0.7,0.7,0.6994,0.01,0.35
177722.0,0.7,0.7,0.7001,0.01,0.35
177723.0,0.7,0.7,0.7074,0.04,0.38
177724.0,0.7,0.7,0.7081,0.04,0.38
177725.0,0.7,0.7,0.7023,0.02,0.36
177726.0,0.7,0.7,0.6976,0.0,0.34
177727.0,0.7,0.7,0.6784,-0.08,-0.45
177728.0,0.7,0.7,0.7045,0.02,0.36
177729.0,0.7,0.7,0.6994,-0.0,-0.37
177730.0,0.7,0.7,0.7001,0.0,0.34
177731.0,0.7,0.7,0.6994,-0.0,-0.37
177732.0,0.7,0.7,0.711,0.05,0.39
177733.0,0.7,0.7,0.7023,0.01,0.35
177734.0,0.7,0.7,0.6987,-0.0,-0.37
177735.0,0.7,0.7,0.7001,0.0,0.34
177736.0,0.7,0.7,0.7001,0.0,0.34
177737.0,0.7,0.7,0.7023,0.01,0.35
177738.0,0.7,0.7,0.7001,0.0,0.34
177739.0,0.7,0.7,0.706,0.03,0.37
177741.0,0.7,0.7,0.6965,-0.01,-0.38
177742.0,0.7,0.7,0.7139,0.06,0.4
177743.0,0.7,0.7,0.6965,-0.01,-0.38
177744.0,0.7,0.7,0.7001,0.01,0.35
177745.0,0.7,0.7,0.7081,0.04,0.38
177746.0,0.7,0.7,0.703,0.02,0.36
177747.0,0.7,0.7,0.6972,-0.0,-0.37
177748.0,0.7,0.7,0.6994,0.0,0.34
177749.0,0.7,0.7,0.6994,0.0,0.34
177750.0,0.7,0.7,0.6994,0.0,0.34
177751.0,0.7,0.7,0.6733,-0.11,-0.48
177752.0,0.7,0.7,0.6994,-0.01,-0.38
177753.0,0.7,0.7,0.7023,0.0,0.34
177754.0,0.7,0.7,0.7176,0.07,0.41
177755.0,0.7,0.7,0.6972,-0.01,-0.38
177756.0,0.7,0.7,0.6972,-0.01,-0.38
177757.0,0.7,0.7,0.6943,-0.02,-0.39
177759.0,0.7,0.7,0.6914,-0.04,-0.41
177760.0,0.7,0.7,0.6943,-0.03,-0.4
177761.0,0.7,0.7,0.6994,-0.01,-0.38
177762.0,0.7,0.7,0.6929,-0.03,-0.4
177763.0,0.7,0.7,0.6972,-0.02,-0.39
177764.0,0.7,0.7,0.6965,-0.02,-0.39
177765.0,0.7,0.7,0.6987,-0.01,-0.38
177766.0,0.7,0.7,0.6965,-0.02,-0.39
177767.0,0.7,0.7,0.6958,-0.03,-0.4
177768.0,0.7,0.7,0.7139,0.05,0.39
177769.0,0.7,0.7,0.7107,0.04,0.38
177770.0,0.7,0.7,0.6994,-0.0,-0.37
177771.0,0.7,0.7,0.7016,0.01,0.35
177773.0,0.7,0.7,0.6987,-0.0,-0.37
177774.0,0.7,0.7,0.7001,0.0,0.34
177775.0,0.7,0.7,0.6987,-0.01,-0.38
177776.0,0.7,0.7,0.6965,-0.01,-0.38
177777.0,0.7,0.7,0.7045,0.02,0.36
177778.0,0.7,0.7,0.7023,0.01,0.35
177779.0,0.7,0.7,0.7049,0.02,0.36
177780.0,0.7,0.7,0.7009,0.01,0.35
177781.0,0.7,0.7,0.7168,0.07,0.41
177782.0,0.7,0.7,0.6994,0.01,0.35
177783.0,0.7,0.7,0.6994,0.0,0.34
177784.0,0.7,0.7,0.6987,0.0,0.34
177785.0,0.7,0.7,0.6914,-0.03,-0.4
177786.0,0.7,0.7,0.7001,0.0,0.34
177787.0,0.7,0.7,0.7081,0.04,0.38
177788.0,0.7,0.7,0.6943,-0.02,-0.39
177789.0,0.7,0.7,0.7023,0.01,0.35
177791.0,0.7,0.7,0.6972,-0.01,-0.38
177792.0,0.7,0.7,0.703,0.01,0.35
177793.0,0.7,0.7,0.6827,-0.07,-0.44
177794.0,0.7,0.7,0.6936,-0.03,-0.4
177795.0,0.7,0.7,0.6994,-0.01,-0.38
177796.0,0.7,0.7,0.6994,-0.01,-0.38
177797.0,0.7,0.7,0.7001,-0.0,-0.37
177798.0,0.7,0.7,0.7045,0.01,0.35
177799.0,0.7,0.7,0.7034,0.01,0.35
177800.0,0.7,0.7,0.6965,-0.02,-0.39
177801.0,0.7,0.7,0.7001,-0.0,-0.37
177802.0,0.7,0.7,0.6972,-0.01,-0.38
177803.0,0.7,0.7,0.6994,-0.01,-0.38
177804.0,0.7,0.7,0.6987,-0.01,-0.38
177806.0,0.7,0.7,0.6972,-0.01,-0.38
177807.0,0.7,0.7,0.6936,-0.03,-0.4
177808.0,0.7,0.7,0.6972,-0.02,-0.39
177809.0,0.7,0.7,0.7045,0.01,0.35
177810.0,0.7,0.7,0.6951,-0.02,-0.39
177811.0,0.7,0.7,0.6965,-0.02,-0.39
177812.0,0.7,0.7,0.7023,0.0,0.34
177813.0,0.7,0.7,0.6987,-0.01,-0.38
177814.0,0.7,0.7,0.6972,-0.02,-0.39
177815.0,0.7,0.7,0.6965,-0.02,-0.39
177816.0,0.7,0.7,0.703,0.01,0.35
177817.0,0.7,0.7,0.7023,0.01,0.35
177818.0,0.7,0.7,0.6686,-0.13,-0.5
177819.0,0.7,0.7,0.7009,-0.01,-0.38
177820.0,0.7,0.7,0.7089,0.02,0.36
177822.0,0.7,0.7,0.6994,-0.01,-0.38
177823.0,0.7,0.7,0.7023,0.0,0.34
177824.0,0.7,0.7,0.6951,-0.03,-0.4
177825.0,0.7,0.7,0.7016,-0.0,-0.37
177826.0,0.7,0.7,0.7023,0.0,0.34
177827.0,0.7,0.7,0.703,0.01,0.35
177828.0,0.7,0.7,0.703,0.01,0.35
177829.0,0.7,0.7,0.7001,-0.0,-0.37
177830.0,0.7,0.7,0.7034,0.01,0.35
177831.0,0.7,0.7,0.7005,0.0,0.34
177832.0,0.7,0.7,0.7052,0.02,0.36
177833.0,0.7,0.7,0.7001,0.0,0.34
177834.0,0.7,0.7,0.7052,0.02,0.36
177835.0,0.7,0.7,0.7001,0.0,0.34
177836.0,0.7,0.7,0.7089,0.04,0.38
177837.0,0.7,0.7,0.6878,-0.04,-0.41
177838.0,0.7,0.7,0.7001,0.0,0.34
177839.0,0.7,0.7,0.698,-0.01,-0.38
177841.0,0.7,0.7,0.6994,-0.0,-0.37
177842.0,0.7,0.7,0.711,0.05,0.39
177843.0,0.7,0.7,0.6914,-0.03,-0.4
177844.0,0.7,0.7,0.6791,-0.09,-0.46
177845.0,0.7,0.7,0.6987,-0.01,-0.38
177846.0,0.7,0.7,0.6976,-0.02,-0.39
177847.0,0.7,0.7,0.7103,0.04,0.38
177848.0,0.7,0.7,0.7023,0.01,0.35
177849.0,0.7,0.7,0.7023,0.01,0.35
177850.0,0.7,0.7,0.6972,-0.01,-0.38
177851.0,0.7,0.7,0.7001,-0.0,-0.37
177852.0,0.7,0.7,0.7052,0.02,0.36
177853.0,0.7,0.7,0.6947,-0.02,-0.39
177854.0,0.7,0.7,0.7023,0.01,0.35
177855.0,0.7,0.7,0.7023,0.01,0.35
177857.0,0.7,0.7,0.6972,-0.01,-0.38
177858.0,0.7,0.7,0.7081,0.03,0.37
177859.0,0.7,0.7,0.6914,-0.03,-0.4
177860.0,0.7,0.7,0.6994,-0.0,-0.37
177861.0,0.7,0.7,0.6994,-0.0,-0.37
177862.0,0.7,0.7,0.7016,0.01,0.35
177863.0,0.7,0.7,0.7023,0.01,0.35
177864.0,0.7,0.7,0.703,0.01,0.35
177865.0,0.7,0.7,0.7089,0.04,0.38
177866.0,0.7,0.7,0.7023,0.01,0.35
177867.0,0.7,0.7,0.7023,0.01,0.35
177868.0,0.7,0.7,0.703,0.02,0.36
177869.0,0.7,0.7,0.7023,0.02,0.36
177870.0,0.7,0.7,0.6943,-0.02,-0.39
177871.0,0.7,0.7,0.7023,0.01,0.35
177872.0,0.7,0.7,0.706,0.03,0.37
177873.0,0.7,0.7,0.6994,0.0,0.34
177874.0,0.7,0.7,0.6918,-0.03,-0.4
177876.0,0.7,0.7,0.7089,0.04,0.38
177877.0,0.7,0.7,0.6947,-0.02,-0.39
177878.0,0.7,0.7,0.706,0.03,0.37
177879.0,0.7,0.7,0.7023,0.01,0.35
177880.0,0.7,0.7,0.7023,0.01,0.35
177881.0,0.7,0.7,0.7023,0.01,0.35
177882.0,0.7,0.7,0.7023,0.01,0.35
177883.0,0.7,0.7,0.6907,-0.03,-0.4
177884.0,0.7,0.7,0.6965,-0.01,-0.38
177885.0,0.7,0.7,0.6994,-0.0,-0.37
177886.0,0.7,0.7,0.7034,0.01,0.35
177887.0,0.7,0.7,0.7023,0.01,0.35
177888.0,0.7,0.7,0.7023,0.01,0.35
177889.0,0.7,0.7,0.7052,0.02,0.36
177890.0,0.7,0.7,0.6994,0.0,0.34
177891.0,0.7,0.7,0.6994,0.0,0.34
177892.0,0.7,0.7,0.6965,-0.01,-0.38
177893.0,0.7,0.7,0.6914,-0.03,-0.4
177895.0,0.7,0.7,0.6929,-0.03,-0.4
177896.0,0.7,0.7,0.7023,0.01,0.35
177897.0,0.7,0.7,0.7001,-0.0,-0.37
177898.0,0.7,0.7,0.6976,-0.01,-0.38
177899.0,0.7,0.7,0.7009,0.0,0.34
177900.0,0.7,0.7,0.6965,-0.02,-0.39
177901.0,0.7,0.7,0.7546,0.22,0.56
177902.0,0.7,0.7,0.7001,0.02,0.36
177903.0,0.7,0.7,0.7001,0.01,0.35
177904.0,0.7,0.7,0.7001,0.01,0.35
177905.0,0.7,0.7,0.6965,-0.0,-0.37
177906.0,0.7,0.7,0.6987,0.0,0.34
177907.0,0.7,0.7,0.7001,0.01,0.35
177908.0,0.7,0.7,0.6987,0.0,0.34
177909.0,0.7,0.7,0.6994,0.0,0.34
177910.0,0.7,0.7,0.7034,0.02,0.36
177911.0,0.7,0.7,0.6951,-0.01,-0.38
177913.0,0.7,0.7,0.6972,-0.01,-0.38
177914.0,0.7,0.7,0.7001,0.0,0.34
177915.0,0.7,0.7,0.6987,-0.0,-0.37
177916.0,0.7,0.7,0.7005,0.0,0.34
177917.0,0.7,0.7,0.6936,-0.02,-0.39
177918.0,0.7,0.7,0.6972,-0.01,-0.38
177919.0,0.7,0.7,0.6994,-0.0,-0.37
177920.0,0.7,0.7,0.6965,-0.02,-0.39
177921.0,0.7,0.7,0.7001,-0.0,-0.37
177922.0,0.7,0.7,0.7023,0.01,0.35
177923.0,0.7,0.7,0.7023,0.01,0.35
177924.0,0.7,0.7,0.7023,0.01,0.35
177925.0,0.7,0.7,0.6987,-0.0,-0.37
177926.0,0.7,0.7,0.6972,-0.01,-0.38
177927.0,0.7,0.7,0.7023,0.01,0.35
177929.0,0.7,0.7,0.6994,-0.0,-0.37
177930.0,0.7,0.7,0.698,-0.01,-0.38
177931.0,0.7,0.7,0.698,-0.01,-0.38
177932.0,0.7,0.7,0.7205,0.08,0.42
177933.0,0.7,0.7,0.7034,0.02,0.36
177934.0,0.7,0.7,0.6965,-0.01,-0.38
177935.0,0.7,0.7,0.6943,-0.02,-0.39
177936.0,0.7,0.7,0.7114,0.05,0.39
177937.0,0.7,0.7,0.6972,-0.01,-0.38
177938.0,0.7,0.7,0.7023,0.01,0.35
177939.0,0.7,0.7,0.6994,0.0,0.34
177940.0,0.7,0.7,0.6994,0.0,0.34
177941.0,0.7,0.7,0.7023,0.01,0.35
177942.0,0.7,0.7,0.6878,-0.05,-0.42
177943.0,0.7,0.7,0.698,-0.01,-0.38
177944.0,0.7,0.7,0.7052,0.02,0.36
177946.0,0.7,0.7,0.7023,0.01,0.35
177947.0,0.7,0.7,0.678,-0.09,-0.46
177948.0,0.7,0.7,0.7001,-0.01,-0.38
177949.0,0.7,0.7,0.6936,-0.03,-0.4
177950.0,0.7,0.7,0.6987,-0.01,-0.38
177951.0,0.7,0.7,0.6965,-0.02,-0.39
177952.0,0.7,0.7,0.7001,-0.01,-0.38
177953.0,0.7,0.7,0.6994,-0.01,-0.38
177954.0,0.7,0.7,0.7371,0.15,0.49
177955.0,0.7,0.7,0.6936,-0.02,-0.39
177956.0,0.7,0.7,0.6972,-0.01,-0.38
177957.0,0.7,0.7,0.6972,-0.01,-0.38
177958.0,0.7,0.7,0.703,0.01,0.35
177959.0,0.7,0.7,0.7023,0.01,0.35
177961.0,0.7,0.7,0.6929,-0.03,-0.4
177962.0,0.7,0.7,0.6936,-0.03,-0.4
177963.0,0.7,0.7,0.7023,0.01,0.35
177964.0,0.7,0.7,0.7023,0.01,0.35
177965.0,0.7,0.7,0.7023,0.01,0.35
177966.0,0.7,0.7,0.6791,-0.09,-0.46
177967.0,0.7,0.7,0.6965,-0.02,-0.39
177968.0,0.7,0.7,0.6933,-0.03,-0.4
177969.0,0.7,0.7,0.7001,-0.01,-0.38
177970.0,0.7,0.7,0.6976,-0.02,-0.39
177971.0,0.7,0.7,0.6994,-0.01,-0.38
177972.0,0.7,0.7,0.7034,0.01,0.35
177973.0,0.7,0.7,0.6976,-0.02,-0.39
177974.0,0.7,0.7,0.7089,0.03,0.37
177975.0,0.7,0.7,0.6994,-0.0,-0.37
177977.0,0.7,0.7,0.7023,0.01,0.35
177978.0,0.7,0.7,0.7023,0.01,0.35
177979.0,0.7,0.7,0.6972,-0.01,-0.38
177980.0,0.7,0.7,0.7034,0.01,0.35
177981.0,0.7,0.7,0.6994,-0.0,-0.37
177982.0,0.7,0.7,0.7045,0.02,0.36
177983.0,0.7,0.7,0.7001,0.0,0.34
177984.0,0.7,0.7,0.7052,0.02,0.36
177985.0,0.7,0.7,0.7081,0.04,0.38
177986.0,0.7,0.7,0.6972,-0.01,-0.38
177987.0,0.7,0.7,0.7005,0.01,0.35
177988.0,0.7,0.7,0.6972,-0.01,-0.38
177989.0,0.7,0.7,0.7005,0.0,0.34
177990.0,0.7,0.7,0.7081,0.04,0.38
177991.0,0.7,0.7,0.7023,0.01,0.35
177992.0,0.7,0.7,0.6976,-0.0,-0.37
177993.0,0.7,0.7,0.7023,0.01,0.35
177995.0,0.7,0.7,0.6965,-0.01,-0.38
177996.0,0.7,0.7,0.7023,0.01,0.35
177997.0,0.7,0.7,0.6947,-0.02,-0.39
177998.0,0.7,0.7,0.698,-0.01,-0.38
177999.0,0.7,0.7,0.703,0.01,0.35
178000.0,-0.7,-0.7,0.6994,5.78,6.12
178001.0,-0.7,-0.7,0.7023,6.26,6.6
178002.0,-0.7,-0.7,0.6994,6.68,7.02
178003.0,-0.7,-0.7,0.7001,7.07,7.41
178004.0,-0.7,-0.7,0.6972,7.42,7.76
178005.0,-0.7,-0.7,0.6878,7.7,8.04
178006.0,-0.7,-0.7,0.6914,8.01,8.35
178007.0,-0.7,-0.7,0.6965,8.3,8.64
178008.0,-0.7,-0.7,0.6878,8.51,8.85
178010.0,-0.7,-0.7,0.686,8.72,9.06
178011.0,-0.7,-0.7,0.6769,8.88,9.22
178012.0,-0.7,-0.7,0.6802,9.07,9.41
178013.0,-0.7,-0.7,0.6675,9.18,9.52
178014.0,-0.7,-0.7,0.6617,9.3,9.64
178015.0,-0.7,-0.7,0.6566,9.41,9.75
178016.0,-0.7,-0.7,0.6559,9.52,9.86
178017.0,-0.7,-0.7,0.6443,9.58,9.92
178018.0,-0.7,-0.7,0.6472,9.69,10.03
178019.0,-0.7,-0.7,0.6298,9.7,10.04
178020.0,-0.7,-0.7,0.6254,9.75,10.09
178021.0,-0.7,-0.7,0.6182,9.79,10.13
178023.0,-0.7,-0.7,0.6095,9.81,10.15
178024.0,-0.7,-0.7,0.6036,9.83,10.17
178025.0,-0.7,-0.7,0.5953,9.84,10.18
178026.0,-0.7,-0.7,0.5891,9.85,10.19
178027.0,-0.7,-0.7,0.5746,9.82,10.16
178028.0,-0.7,-0.7,0.5717,9.83,10.17
178029.0,-0.7,-0.7,0.563,9.81,10.15
178030.0,-0.7,-0.7,0.5579,9.8,10.14
178031.0,-0.7,-0.7,0.542,9.75,10.09
178032.0,-0.7,-0.7,0.5637,9.84,10.18
178033.0,-0.7,-0.7,0.5282,9.71,10.05
178034.0,-0.7,-0.7,0.5246,9.69,10.03
178036.0,-0.7,-0.7,0.5061,9.61,9.95
178037.0,-0.7,-0.7,0.5166,9.65,9.99
178038.0,-0.7,-0.7,0.4897,9.53,9.87
178039.0,-0.7,-0.7,0.481,9.48,9.82
178040.0,-0.7,-0.7,0.4701,9.43,9.77
178041.0,-0.7,-0.7,0.4596,9.37,9.71
178042.0,-0.7,-0.7,0.4477,9.3,9.64
178043.0,-0.7,-0.7,0.4451,9.27,9.61
178044.0,-0.7,-0.7,0.4317,9.19,9.53
178045.0,-0.7,-0.7,0.4237,9.13,9.47
178046.0,-0.7,-0.7,0.4121,9.06,9.4
178047.0,-0.7,-0.7,0.4045,9.01,9.35
178049.0,-0.7,-0.7,0.4005,8.96,9.3
178050.0,-0.7,-0.7,0.3831,8.87,9.21
178051.0,-0.7,-0.7,0.3751,8.81,9.15
178052.0,-0.7,-0.7,0.3649,8.74,9.08
178053.0,-0.7,-0.7,0.3522,8.65,8.99
178054.0,-0.7,-0.7,0.3435,8.59,8.93
178055.0,-0.7,-0.7,0.3316,8.51,8.85
178056.0,-0.7,-0.7,0.3192,8.42,8.76
178057.0,-0.7,-0.7,0.3134,8.36,8.7
178058.0,-0.7,-0.7,0.3025,8.29,8.63
178059.0,-0.7,-0.7,0.2902,8.2,8.54
178060.0,-0.7,-0.7,0.2826,8.14,8.48
178062.0,-0.7,-0.7,0.2706,8.05,8.39
178063.0,-0.7,-0.7,0.2583,7.97,8.31
178064.0,-0.7,-0.7,0.2518,7.9,8.24
178065.0,-0.7,-0.7,0.2409,7.82,8.16
178066.0,-0.7,-0.7,0.2264,7.73,8.07
178067.0,-0.7,-0.7,0.1915,7.55,7.89
178068.0,-0.7,-0.7,0.2053,7.56,7.9
178069.0,-0.7,-0.7,0.1944,7.48,7.82
178070.0,-0.7,-0.7,0.1836,7.4,7.74
178071.0,-0.7,-0.7,0.1694,7.3,7.64
178072.0,-0.7,-0.7,0.1632,7.23,7.57
178073.0,-0.7,-0.7,0.1509,7.15,7.49
178075.0,-0.7,-0.7,0.1429,7.07,7.41
178076.0,-0.7,-0.7,0.1299,6.98,7.32
178077.0,-0.7,-0.7,0.1197,6.9,7.24
178078.0,-0.7,-0.7,0.1088,6.82,7.16
178079.0,-0.7,-0.7,0.0958,6.73,7.07
178080.0,-0.7,-0.7,0.0871,6.65,6.99
178081.0,-0.7,-0.7,0.0805,6.58,6.92
178082.0,-0.7,-0.7,0.0631,6.47,6.81
178083.0,-0.7,-0.7,0.0522,6.39,6.73
178084.0,-0.7,-0.7,0.0428,6.31,6.65
178085.0,-0.7,-0.7,0.0316,6.22,6.56
178086.0,-0.7,-0.7,0.0214,6.14,6.48
178088.0,-0.7,-0.7,0.0127,6.07,6.41
178089.0,-0.7,-0.7,-0.0018,5.97,6.31
178090.0,-0.7,-0.7,-0.0232,5.84,6.18
178091.0,-0.7,-0.7,-0.0232,5.79,6.13
178092.0,-0.7,-0.7,-0.0366,5.7,6.04
178093.0,-0.7,-0.7,-0.0435,5.63,5.97
178094.0,-0.7,-0.7,-0.0631,5.51,5.85
178095.0,-0.7,-0.7,-0.0675,5.45,5.79
178096.0,-0.7,-0.7,-0.0813,5.35,5.69
178097.0,-0.7,-0.7,-0.0805,5.31,5.65
178099.0,-0.7,-0.7,-0.1045,5.17,5.51
178100.0,-0.7,-0.7,-0.1074,5.12,5.46
178101.0,-0.7,-0.7,-0.1219,5.02,5.36
178102.0,-0.7,-0.7,-0.1364,4.92,5.26
178103.0,-0.7,-0.7,-0.1393,4.87,5.21
178104.0,-0.7,-0.7,-0.1531,4.77,5.11
178105.0,-0.7,-0.7,-0.1701,4.66,5.0
178106.0,-0.7,-0.7,-0.1821,4.57,4.91
178107.0,-0.7,-0.7,-0.185,4.51,4.85
178108.0,-0.7,-0.7,-0.2024,4.4,4.74
178110.0,-0.7,-0.7,-0.2061,4.34,4.68
178111.0,-0.7,-0.7,-0.2177,4.25,4.59
178112.0,-0.7,-0.7,-0.2285,4.17,4.51
178113.0,-0.7,-0.7,-0.2434,4.07,4.41
178114.0,-0.7,-0.7,-0.2554,3.98,4.32
178115.0,-0.7,-0.7,-0.2619,3.91,4.25
178116.0,-0.7,-0.7,-0.2692,3.84,4.18
178117.0,-0.7,-0.7,-0.2822,3.75,4.09
178118.0,-0.7,-0.7,-0.263,3.78,4.12
178119.0,-0.7,-0.7,-0.3055,3.58,3.92
178121.0,-0.7,-0.7,-0.3156,3.5,3.84
178122.0,-0.7,-0.7,-0.3308,3.39,3.73
178123.0,-0.7,-0.7,-0.3388,3.32,3.66
178124.0,-0.7,-0.7,-0.3472,3.24,3.58
178125.0,-0.7,-0.7,-0.3519,3.18,3.52
178126.0,-0.7,-0.7,-0.3573,3.12,3.46
178127.0,-0.7,-0.7,-0.3711,3.02,3.36
178128.0,-0.7,-0.7,-0.3762,2.97,3.31
178129.0,-0.7,-0.7,-0.3838,2.9,3.24
178130.0,-0.7,-0.7,-0.3976,2.8,3.14
178132.0,-0.7,-0.7,-0.4052,2.74,3.08
178133.0,-0.7,-0.7,-0.4273,2.61,2.95
178134.0,-0.7,-0.7,-0.4255,2.57,2.91
178135.0,-0.7,-0.7,-0.4259,2.54,2.88
178136.0,-0.7,-0.7,-0.4375,2.46,2.8
178137.0,-0.7,-0.7,-0.4462,2.38,2.72
178138.0,-0.7,-0.7,-0.4458,2.35,2.69
178139.0,-0.7,-0.7,-0.4604,2.26,2.6
178140.0,-0.7,-0.7,-0.5209,1.98,2.32
178141.0,-0.7,-0.7,-0.4673,2.15,2.49
178143.0,-0.7,-0.7,-0.4876,2.04,2.38
178144.0,-0.7,-0.7,-0.4897,2.0,2.34
178145.0,-0.7,-0.7,-0.4955,1.94,2.28
178146.0,-0.7,-0.7,-0.505,1.87,2.21
178147.0,-0.7,-0.7,-0.5101,1.82,2.16
178148.0,-0.7,-0.7,-0.513,1.78,2.12
178149.0,-0.7,-0.7,-0.5224,1.72,2.06
178150.0,-0.7,-0.7,-0.5326,1.65,1.99
178151.0,-0.7,-0.7,-0.5362,1.6,1.94
178152.0,-0.7,-0.7,-0.542,1.55,1.89
178154.0,-0.7,-0.7,-0.5456,1.51,1.85
178155.0,-0.7,-0.7,-0.5485,1.47,1.81
178156.0,-0.7,-0.7,-0.5608,1.39,1.73
178157.0,-0.7,-0.7,-0.5688,1.34,1.68
178158.0,-0.7,-0.7,-0.5706,1.3,1.64
178159.0,-0.7,-0.7,-0.5793,1.24,1.58
178160.0,-0.7,-0.7,-0.5783,1.22,1.56
178161.0,-0.7,-0.7,-0.5852,1.17,1.51
178162.0,-0.7,-0.7,-0.6037,1.07,1.41
178163.0,-0.7,-0.7,-0.5935,1.08,1.42
178165.0,-0.7,-0.7,-0.6,1.03,1.37
178166.0,-0.7,-0.7,-0.6113,0.97,1.31
178167.0,-0.7,-0.7,-0.6185,0.91,1.25
178168.0,-0.7,-0.7,-0.6153,0.9,1.24
178169.0,-0.7,-0.7,-0.616,0.88,1.22
178170.0,-0.7,-0.7,-0.6229,0.83,1.17
178171.0,-0.7,-0.7,-0.6229,0.81,1.15
178172.0,-0.7,-0.7,-0.629,0.77,1.11
178173.0,-0.7,-0.7,-0.6323,0.73,1.07
178174.0,-0.7,-0.7,-0.6385,0.69,1.03
178176.0,-0.7,-0.7,-0.6392,0.67,1.01
178177.0,-0.7,-0.7,-0.6523,0.6,0.94
178178.0,-0.7,-0.7,-0.6573,0.56,0.9
178179.0,-0.7,-0.7,-0.6501,0.57,0.91
178180.0,-0.7,-0.7,-0.6544,0.53,0.87
178181.0,-0.7,-0.7,-0.6577,0.51,0.85
178182.0,-0.7,-0.7,-0.6595,0.48,0.82
178183.0,-0.7,-0.7,-0.6635,0.45,0.79
178184.0,-0.7,-0.7,-0.6534,0.48,0.82
178185.0,-0.7,-0.7,-0.6682,0.41,0.75
178186.0,-0.7,-0.7,-0.6722,0.38,0.72
178188.0,-0.7,-0.7,-0.6777,0.34,0.68
178189.0,-0.7,-0.7,-0.6827,0.3,0.64
178190.0,-0.7,-0.7,-0.6798,0.3,0.64
178191.0,-0.7,-0.7,-0.6856,0.26,0.6
178192.0,-0.7,-0.7,-0.6849,0.25,0.59
178193.0,-0.7,-0.7,-0.6878,0.23,0.57
178194.0,-0.7,-0.7,-0.6922,0.2,0.54
178195.0,-0.7,-0.7,-0.6929,0.18,0.52
178196.0,-0.7,-0.7,-0.6947,0.17,0.51
178197.0,-0.7,-0.7,-0.686,0.19,0.53
178198.0,-0.7,-0.7,-0.6965,0.14,0.48
178200.0,-0.7,-0.7,-0.6958,0.13,0.47
178201.0,-0.7,-0.7,-0.6936,0.13,0.47
178202.0,-0.7,-0.7,-0.7078,0.07,0.41
178203.0,-0.7,-0.7,-0.7107,0.04,0.38
178204.0,-0.7,-0.7,-0.7081,0.04,0.38
178205.0,-0.7,-0.7,-0.711,0.02,0.36
178206.0,-0.7,-0.7,-0.7074,0.03,0.37
178207.0,-0.7,-0.7,-0.7103,0.01,0.35
178208.0,-0.7,-0.7,-0.7154,-0.02,-0.39
178209.0,-0.7,-0.7,-0.7136,-0.02,-0.39
178211.0,-0.7,-0.7,-0.7147,-0.04,-0.41
178212.0,-0.7,-0.7,-0.7147,-0.04,-0.41
178213.0,-0.7,-0.7,-0.7183,-0.06,-0.43
178214.0,-0.7,-0.7,-0.7168,-0.07,-0.44
178215.0,-0.7,-0.7,-0.7147,-0.06,-0.43
178216.0,-0.7,-0.7,-0.7234,-0.1,-0.47
178217.0,-0.7,-0.7,-0.7114,-0.06,-0.43
178218.0,-0.7,-0.7,-0.7219,-0.11,-0.48
178220.0,-0.7,-0.7,-0.7219,-0.11,-0.48
178221.0,-0.7,-0.7,-0.7183,-0.1,-0.47
178222.0,-0.7,-0.7,-0.7248,-0.13,-0.5
178223.0,-0.7,-0.7,-0.7157,-0.1,-0.47
178224.0,-0.7,-0.7,-0.7255,-0.14,-0.51
178225.0,-0.7,-0.7,-0.7234,-0.14,-0.51
178226.0,-0.7,-0.7,-0.7241,-0.15,-0.52
178227.0,-0.7,-0.7,-0.7277,-0.17,-0.54
178229.0,-0.7,-0.7,-0.7255,-0.16,-0.53
178230.0,-0.7,-0.7,-0.719,-0.14,-0.51
178231.0,-0.7,-0.7,-0.7216,-0.15,-0.52
178232.0,-0.7,-0.7,-0.7183,-0.14,-0.51
178233.0,-0.7,-0.7,-0.7219,-0.15,-0.52
178234.0,-0.7,-0.7,-0.7226,-0.16,-0.53
178235.0,-0.7,-0.7,-0.7219,-0.16,-0.53
178236.0,-0.7,-0.7,-0.7241,-0.17,-0.54
178238.0,-0.7,-0.7,-0.7216,-0.16,-0.53
178239.0,-0.7,-0.7,-0.7208,-0.16,-0.53
178240.0,-0.7,-0.7,-0.7306,-0.2,-0.57
178241.0,-0.7,-0.7,-0.7183,-0.15,-0.52
178242.0,-0.7,-0.7,-0.7245,-0.18,-0.55
178243.0,-0.7,-0.7,-0.7219,-0.17,-0.54
178244.0,-0.7,-0.7,-0.7161,-0.14,-0.51
178245.0,-0.7,-0.7,-0.7212,-0.16,-0.53
178247.0,-0.7,-0.7,-0.7161,-0.14,-0.51
178248.0,-0.7,-0.7,-0.7168,-0.14,-0.51
178249.0,-0.7,-0.7,-0.7161,-0.14,-0.51
178250.0,-0.7,-0.7,-0.7067,-0.1,-0.47
178251.0,-0.7,-0.7,-0.7168,-0.14,-0.51
178252.0,-0.7,-0.7,-0.7201,-0.15,-0.52
178253.0,-0.7,-0.7,-0.7176,-0.14,-0.51
178254.0,-0.7,-0.7,-0.711,-0.11,-0.48
178256.0,-0.7,-0.7,-0.7179,-0.14,-0.51
178257.0,-0.7,-0.7,-0.711,-0.11,-0.48
178258.0,-0.7,-0.7,-0.7219,-0.15,-0.52
178259.0,-0.7,-0.7,-0.715,-0.13,-0.5
178260.0,-0.7,-0.7,-0.7132,-0.12,-0.49
178261.0,-0.7,-0.7,-0.7118,-0.11,-0.48
178262.0,-0.7,-0.7,-0.7118,-0.11,-0.48
178263.0,-0.7,-0.7,-0.7031,-0.07,-0.44
178265.0,-0.7,-0.7,-0.7052,-0.08,-0.45
178266.0,-0.7,-0.7,-0.7045,-0.07,-0.44
178267.0,-0.7,-0.7,-0.719,-0.13,-0.5
178268.0,-0.7,-0.7,-0.7038,-0.07,-0.44
178269.0,-0.7,-0.7,-0.7099,-0.09,-0.46
178270.0,-0.7,-0.7,-0.7045,-0.07,-0.44
178271.0,-0.7,-0.7,-0.7081,-0.08,-0.45
178272.0,-0.7,-0.7,-0.6943,-0.02,-0.39
178274.0,-0.7,-0.7,-0.706,-0.06,-0.43
178275.0,-0.7,-0.7,-0.6947,-0.01,-0.38
178276.0,-0.7,-0.7,-0.7045,-0.05,-0.42
178277.0,-0.7,-0.7,-0.7002,-0.03,-0.4
178278.0,-0.7,-0.7,-0.7836,-0.37,-0.74
178279.0,-0.7,-0.7,-0.6994,-0.05,-0.42
178280.0,-0.7,-0.7,-0.6972,-0.04,-0.41
178281.0,-0.7,-0.7,-0.7016,-0.05,-0.42
178283.0,-0.7,-0.7,-0.698,-0.03,-0.4
178284.0,-0.7,-0.7,-0.7012,-0.04,-0.41
178285.0,-0.7,-0.7,-0.6929,-0.0,-0.37
178286.0,-0.7,-0.7,-0.7016,-0.03,-0.4
178287.0,-0.7,-0.7,-0.6972,-0.01,-0.38
178288.0,-0.7,-0.7,-0.6849,0.04,0.38
178289.0,-0.7,-0.7,-0.6951,0.01,0.35
178290.0,-0.7,-0.7,-0.6936,0.01,0.35
178291.0,-0.7,-0.7,-0.6933,0.02,0.36
178293.0,-0.7,-0.7,-0.6755,0.1,0.44
178294.0,-0.7,-0.7,-0.6951,0.02,0.36
178295.0,-0.7,-0.7,-0.6885,0.05,0.39
178296.0,-0.7,-0.7,-0.6929,0.04,0.38
178297.0,-0.7,-0.7,-0.6911,0.05,0.39
178298.0,-0.7,-0.7,-0.6958,0.03,0.37
178299.0,-0.7,-0.7,-0.69,0.05,0.39
178300.0,-0.7,-0.7,-0.7016,0.01,0.35
178301.0,-0.7,-0.7,-0.6929,0.04,0.38
178302.0,-0.7,-0.7,-0.6882,0.06,0.4
178303.0,-0.7,-0.7,-0.6624,0.17,0.51
178305.0,-0.7,-0.7,-0.6762,0.13,0.47
178306.0,-0.7,-0.7,-0.6983,0.04,0.38
178307.0,-0.7,-0.7,-0.6929,0.06,0.4
178308.0,-0.7,-0.7,-0.6907,0.07,0.41
178309.0,-0.7,-0.7,-0.7045,0.01,0.35
178310.0,-0.7,-0.7,-0.6922,0.06,0.4
178311.0,-0.7,-0.7,-0.69,0.07,0.41
178312.0,-0.7,-0.7,-0.6867,0.08,0.42
178313.0,-0.7,-0.7,-0.69,0.07,0.41
178314.0,-0.7,-0.7,-0.6907,0.07,0.41
178315.0,-0.7,-0.7,-0.6907,0.07,0.41
178317.0,-0.7,-0.7,-0.7012,0.03,0.37
178318.0,-0.7,-0.7,-0.6972,0.04,0.38
178319.0,-0.7,-0.7,-0.6943,0.05,0.39
178320.0,-0.7,-0.7,-0.6835,0.09,0.43
178321.0,-0.7,-0.7,-0.7125,-0.02,-0.39
178322.0,-0.7,-0.7,-0.6933,0.05,0.39
178323.0,-0.7,-0.7,-0.6918,0.06,0.4
178324.0,-0.7,-0.7,-0.6925,0.05,0.39
178325.0,-0.7,-0.7,-0.6904,0.06,0.4
178326.0,-0.7,-0.7,-0.6922,0.06,0.4
178327.0,-0.7,-0.7,-0.6929,0.05,0.39
178329.0,-0.7,-0.7,-0.6987,0.03,0.37
178330.0,-0.7,-0.7,-0.698,0.03,0.37
178331.0,-0.7,-0.7,-0.7052,0.0,0.34
178332.0,-0.7,-0.7,-0.6958,0.04,0.38
178333.0,-0.7,-0.7,-0.6943,0.04,0.38
178334.0,-0.7,-0.7,-0.6842,0.08,0.42
178335.0,-0.7,-0.7,-0.6965,0.04,0.38
178336.0,-0.7,-0.7,-0.6987,0.03,0.37
178337.0,-0.7,-0.7,-0.7009,0.02,0.36
178338.0,-0.7,-0.7,-0.6987,0.02,0.36
178339.0,-0.7,-0.7,-0.7005,0.01,0.35
178341.0,-0.7,-0.7,-0.6954,0.03,0.37
178342.0,-0.7,-0.7,-0.702,0.01,0.35
178343.0,-0.7,-0.7,-0.7031,0.0,0.34
178344.0,-0.7,-0.7,-0.7157,-0.05,-0.42
178345.0,-0.7,-0.7,-0.6965,0.02,0.36
178346.0,-0.7,-0.7,-0.7103,-0.04,-0.41
178347.0,-0.7,-0.7,-0.7045,-0.02,-0.39
178348.0,-0.7,-0.7,-0.7023,-0.01,-0.38
178349.0,-0.7,-0.7,-0.7045,-0.02,-0.39
178351.0,-0.7,-0.7,-0.7052,-0.02,-0.39
178352.0,-0.7,-0.7,-0.7045,-0.02,-0.39
178353.0,-0.7,-0.7,-0.7056,-0.03,-0.4
178354.0,-0.7,-0.7,-0.7063,-0.03,-0.4
178355.0,-0.7,-0.7,-0.7041,-0.03,-0.4
178356.0,-0.7,-0.7,-0.7016,-0.02,-0.39
178357.0,-0.7,-0.7,-0.707,-0.04,-0.41
178358.0,-0.7,-0.7,-0.7125,-0.06,-0.43
178360.0,-0.7,-0.7,-0.7031,-0.03,-0.4
178361.0,-0.7,-0.7,-0.7078,-0.05,-0.42
178362.0,-0.7,-0.7,-0.706,-0.04,-0.41
178363.0,-0.7,-0.7,-0.7002,-0.02,-0.39
178364.0,-0.7,-0.7,-0.7063,-0.04,-0.41
178365.0,-0.7,-0.7,-0.7041,-0.03,-0.4
178366.0,-0.7,-0.7,-0.7023,-0.02,-0.39
178367.0,-0.7,-0.7,-0.707,-0.04,-0.41
178369.0,-0.7,-0.7,-0.6994,-0.01,-0.38
178370.0,-0.7,-0.7,-0.7052,-0.04,-0.41
178371.0,-0.7,-0.7,-0.7009,-0.02,-0.39
178372.0,-0.7,-0.7,-0.7139,-0.07,-0.44
178373.0,-0.7,-0.7,-0.706,-0.04,-0.41
178374.0,-0.7,-0.7,-0.7023,-0.03,-0.4
178375.0,-0.7,-0.7,-0.7023,-0.03,-0.4
178376.0,-0.7,-0.7,-0.6994,-0.01,-0.38
178378.0,-0.7,-0.7,-0.7045,-0.03,-0.4
178379.0,-0.7,-0.7,-0.7031,-0.03,-0.4
178380.0,-0.7,-0.7,-0.7002,-0.01,-0.38
178381.0,-0.7,-0.7,-0.7031,-0.03,-0.4
178382.0,-0.7,-0.7,-0.7002,-0.01,-0.38
178383.0,-0.7,-0.7,-0.6943,0.01,0.35
178384.0,-0.7,-0.7,-0.7074,-0.04,-0.41
178385.0,-0.7,-0.7,-0.6972,0.0,0.34
178386.0,-0.7,-0.7,-0.698,-0.0,-0.37
178388.0,-0.7,-0.7,-0.7056,-0.03,-0.4
178389.0,-0.7,-0.7,-0.7027,-0.02,-0.39
178390.0,-0.7,-0.7,-0.6943,0.01,0.35
178391.0,-0.7,-0.7,-0.6962,0.01,0.35
178392.0,-0.7,-0.7,-0.7009,-0.01,-0.38
178393.0,-0.7,-0.7,-0.6972,0.01,0.35
178394.0,-0.7,-0.7,-0.6965,0.01,0.35
178395.0,-0.7,-0.7,-0.698,0.01,0.35
178396.0,-0.7,-0.7,-0.6954,0.02,0.36
178398.0,-0.7,-0.7,-0.6842,0.07,0.41
178399.0,-0.7,-0.7,-0.7027,-0.0,-0.37
178400.0,-0.7,-0.7,-0.6936,0.03,0.37
178401.0,-0.7,-0.7,-0.6809,0.09,0.43
178402.0,-0.7,-0.7,-0.6947,0.03,0.37
178403.0,-0.7,-0.7,-0.6972,0.02,0.36
178404.0,-0.7,-0.7,-0.6987,0.02,0.36
178405.0,-0.7,-0.7,-0.6972,0.02,0.36
178406.0,-0.7,-0.7,-0.7125,-0.04,-0.41
178407.0,-0.7,-0.7,-0.6947,0.03,0.37
178408.0,-0.7,-0.7,-0.6889,0.05,0.39
178410.0,-0.7,-0.7,-0.6933,0.04,0.38
178411.0,-0.7,-0.7,-0.6951,0.03,0.37
178412.0,-0.7,-0.7,-0.6972,0.02,0.36
178413.0,-0.7,-0.7,-0.6947,0.03,0.37
178414.0,-0.7,-0.7,-0.6929,0.04,0.38
178415.0,-0.7,-0.7,-0.6954,0.03,0.37
178416.0,-0.7,-0.7,-0.6936,0.04,0.38
178417.0,-0.7,-0.7,-0.6896,0.06,0.4
178418.0,-0.7,-0.7,-0.6972,0.03,0.37
178419.0,-0.7,-0.7,-0.6954,0.04,0.38
178421.0,-0.7,-0.7,-0.6936,0.04,0.38
178422.0,-0.7,-0.7,-0.6958,0.03,0.37
178423.0,-0.7,-0.7,-0.7067,-0.01,-0.38
178424.0,-0.7,-0.7,-0.7041,-0.0,-0.37
178425.0,-0.7,-0.7,-0.698,0.02,0.36
178426.0,-0.7,-0.7,-0.7041,-0.01,-0.38
178427.0,-0.7,-0.7,-0.6972,0.02,0.36
178428.0,-0.7,-0.7,-0.7038,-0.01,-0.38
178429.0,-0.7,-0.7,-0.6983,0.01,0.35
178430.0,-0.7,-0.7,-0.7009,0.0,0.34
178432.0,-0.7,-0.7,-0.694,0.03,0.37
178433.0,-0.7,-0.7,-0.6958,0.02,0.36
178434.0,-0.7,-0.7,-0.6885,0.06,0.4
178435.0,-0.7,-0.7,-0.706,-0.01,-0.38
178436.0,-0.7,-0.7,-0.6972,0.02,0.36
178437.0,-0.7,-0.7,-0.6983,0.02,0.36
178438.0,-0.7,-0.7,-0.69,0.05,0.39
178439.0,-0.7,-0.7,-0.6965,0.03,0.37
178440.0,-0.7,-0.7,-0.698,0.02,0.36
178441.0,-0.7,-0.7,-0.7016,0.0,0.34
178442.0,-0.7,-0.7,-0.6994,0.01,0.35
178444.0,-0.7,-0.7,-0.7031,-0.0,-0.37
178445.0,-0.7,-0.7,-0.6929,0.04,0.38
178446.0,-0.7,-0.7,-0.7005,0.01,0.35
178447.0,-0.7,-0.7,-0.7031,-0.01,-0.38
178448.0,-0.7,-0.7,-0.6885,0.05,0.39
178449.0,-0.7,-0.7,-0.6987,0.01,0.35
178450.0,-0.7,-0.7,-0.6983,0.02,0.36
178451.0,-0.7,-0.7,-0.7009,0.0,0.34
178452.0,-0.7,-0.7,-0.7023,-0.0,-0.37
178454.0,-0.7,-0.7,-0.6972,0.02,0.36
178455.0,-0.7,-0.7,-0.7005,0.0,0.34
178456.0,-0.7,-0.7,-0.7067,-0.02,-0.39
178457.0,-0.7,-0.7,-0.69,0.04,0.38
178458.0,-0.7,-0.7,-0.7045,-0.01,-0.38
178459.0,-0.7,-0.7,-0.7041,-0.01,-0.38
178460.0,-0.7,-0.7,-0.7009,-0.0,-0.37
178461.0,-0.7,-0.7,-0.7023,-0.01,-0.38
178462.0,-0.7,-0.7,-0.6965,0.02,0.36
178463.0,-0.7,-0.7,-0.7009,-0.0,-0.37
178465.0,-0.7,-0.7,-0.711,-0.04,-0.41
178466.0,-0.7,-0.7,-0.706,-0.03,-0.4
178467.0,-0.7,-0.7,-0.6994,-0.0,-0.37
178468.0,-0.7,-0.7,-0.6994,-0.0,-0.37
178469.0,-0.7,-0.7,-0.7139,-0.06,-0.43
178470.0,-0.7,-0.7,-0.7012,-0.01,-0.38
178471.0,-0.7,-0.7,-0.7056,-0.03,-0.4
178472.0,-0.7,-0.7,-0.6983,-0.0,-0.37
178474.0,-0.7,-0.7,-0.7045,-0.03,-0.4
178475.0,-0.7,-0.7,-0.6994,-0.01,-0.38
178476.0,-0.7,-0.7,-0.7038,-0.02,-0.39
178477.0,-0.7,-0.7,-0.7023,-0.02,-0.39
178478.0,-0.7,-0.7,-0.7041,-0.02,-0.39
178479.0,-0.7,-0.7,-0.7023,-0.02,-0.39
178480.0,-0.7,-0.7,-0.7132,-0.06,-0.43
178481.0,-0.7,-0.7,-0.7016,-0.02,-0.39
178483.0,-0.7,-0.7,-0.7016,-0.02,-0.39
178484.0,-0.7,-0.7,-0.7074,-0.04,-0.41
178485.0,-0.7,-0.7,-0.6933,0.02,0.36
178486.0,-0.7,-0.7,-0.6991,-0.01,-0.38
178487.0,-0.7,-0.7,-0.7016,-0.01,-0.38
178488.0,-0.7,-0.7,-0.6987,-0.0,-0.37
178489.0,-0.7,-0.7,-0.7005,-0.01,-0.38
178490.0,-0.7,-0.7,-0.6994,-0.0,-0.37
178492.0,-0.7,-0.7,-0.6972,0.01,0.35
178493.0,-0.7,-0.7,-0.6929,0.03,0.37
178494.0,-0.7,-0.7,-0.6965,0.01,0.35
178495.0,-0.7,-0.7,-0.6983,0.01,0.35
178496.0,-0.7,-0.7,-0.69,0.04,0.38
178497.0,-0.7,-0.7,-0.6998,0.0,0.34
178498.0,-0.7,-0.7,-0.6925,0.03,0.37
178499.0,-0.7,-0.7,-0.6958,0.02,0.36
178500.0,-0.7,-0.7,-0.6918,0.04,0.38
178501.0,-0.7,-0.7,-0.7009,0.01,0.35
178502.0,-0.7,-0.7,-0.6972,0.02,0.36
178504.0,-0.7,-0.7,-0.6958,0.03,0.37
178505.0,-0.7,-0.7,-0.7002,0.01,0.35
178506.0,-0.7,-0.7,-0.7023,-0.0,-0.37
178507.0,-0.7,-0.7,-0.7009,0.0,0.34
178508.0,-0.7,-0.7,-0.7096,-0.03,-0.4
178509.0,-0.7,-0.7,-0.6958,0.02,0.36
178510.0,-0.7,-0.7,-0.6907,0.04,0.38
178511.0,-0.7,-0.7,-0.6969,0.02,0.36
178512.0,-0.7,-0.7,-0.6983,0.01,0.35
178513.0,-0.7,-0.7,-0.6602,0.17,0.51
178515.0,-0.7,-0.7,-0.7023,0.01,0.35
178516.0,-0.7,-0.7,-0.7023,0.01,0.35
178517.0,-0.7,-0.7,-0.6849,0.08,0.42
178518.0,-0.7,-0.7,-0.69,0.06,0.4
178519.0,-0.7,-0.7,-0.6936,0.05,0.39
178520.0,-0.7,-0.7,-0.6965,0.03,0.37
178521.0,-0.7,-0.7,-0.6983,0.03,0.37
178522.0,-0.7,-0.7,-0.6943,0.04,0.38
178523.0,-0.7,-0.7,-0.6991,0.02,0.36
178524.0,-0.7,-0.7,-0.7012,0.01,0.35
178525.0,-0.7,-0.7,-0.7016,0.01,0.35
178527.0,-0.7,-0.7,-0.6929,0.04,0.38
178528.0,-0.7,-0.7,-0.6987,0.02,0.36
178529.0,-0.7,-0.7,-0.6994,0.02,0.36
178530.0,-0.7,-0.7,-0.7009,0.01,0.35
178531.0,-0.7,-0.7,-0.6965,0.03,0.37
178532.0,-0.7,-0.7,-0.7031,-0.0,-0.37
178533.0,-0.7,-0.7,-0.7009,0.01,0.35
178534.0,-0.7,-0.7,-0.7002,0.01,0.35
178535.0,-0.7,-0.7,-0.7016,0.0,0.34
178536.0,-0.7,-0.7,-0.7023,-0.0,-0.37
178537.0,-0.7,-0.7,-0.7034,-0.01,-0.38
178539.0,-0.7,-0.7,-0.7074,-0.03,-0.4
178540.0,-0.7,-0.7,-0.7041,-0.02,-0.39
178541.0,-0.7,-0.7,-0.7067,-0.03,-0.4
178542.0,-0.7,-0.7,-0.7208,-0.09,-0.46
178543.0,-0.7,-0.7,-0.7045,-0.03,-0.4
178544.0,-0.7,-0.7,-0.7009,-0.01,-0.38
178545.0,-0.7,-0.7,-0.6936,0.02,0.36
178546.0,-0.7,-0.7,-0.7118,-0.06,-0.43
178547.0,-0.7,-0.7,-0.7052,-0.03,-0.4
178549.0,-0.7,-0.7,-0.7045,-0.03,-0.4
178550.0,-0.7,-0.7,-0.7052,-0.03,-0.4
178551.0,-0.7,-0.7,-0.7038,-0.03,-0.4
178552.0,-0.7,-0.7,-0.6951,0.01,0.35
178553.0,-0.7,-0.7,-0.7016,-0.02,-0.39
178554.0,-0.7,-0.7,-0.7052,-0.03,-0.4
178555.0,-0.7,-0.7,-0.7067,-0.04,-0.41
178556.0,-0.7,-0.7,-0.7052,-0.03,-0.4
178558.0,-0.7,-0.7,-0.7052,-0.03,-0.4
178559.0,-0.7,-0.7,-0.7092,-0.05,-0.42
178560.0,-0.7,-0.7,-0.6983,-0.01,-0.38
178561.0,-0.7,-0.7,-0.6929,0.02,0.36
178562.0,-0.7,-0.7,-0.7041,-0.03,-0.4
178563.0,-0.7,-0.7,-0.6994,-0.01,-0.38
178564.0,-0.7,-0.7,-0.6907,0.03,0.37
178565.0,-0.7,-0.7,-0.7023,-0.01,-0.38
178566.0,-0.7,-0.7,-0.7052,-0.03,-0.4
178568.0,-0.7,-0.7,-0.7016,-0.01,-0.38
178569.0,-0.7,-0.7,-0.6969,0.01,0.35
178570.0,-0.7,-0.7,-0.6914,0.03,0.37
178571.0,-0.7,-0.7,-0.7002,-0.0,-0.37
178572.0,-0.7,-0.7,-0.7002,-0.0,-0.37
178573.0,-0.7,-0.7,-0.6969,0.01,0.35
178574.0,-0.7,-0.7,-0.7009,-0.0,-0.37
178575.0,-0.7,-0.7,-0.707,-0.03,-0.4
178576.0,-0.7,-0.7,-0.7023,-0.01,-0.38
178578.0,-0.7,-0.7,-0.707,-0.03,-0.4
178579.0,-0.7,-0.7,-0.707,-0.03,-0.4
178580.0,-0.7,-0.7,-0.6958,0.01,0.35
178581.0,-0.7,-0.7,-0.6987,0.0,0.34
178582.0,-0.7,-0.7,-0.706,-0.03,-0.4
178583.0,-0.7,-0.7,-0.6991,-0.0,-0.37
178584.0,-0.7,-0.7,-0.6994,-0.0,-0.37
178585.0,-0.7,-0.7,-0.7114,-0.05,-0.42
178587.0,-0.7,-0.7,-0.698,0.0,0.34
178588.0,-0.7,-0.7,-0.7016,-0.01,-0.38
178589.0,-0.7,-0.7,-0.7005,-0.01,-0.38
178590.0,-0.7,-0.7,-0.6943,0.02,0.36
178591.0,-0.7,-0.7,-0.6976,0.01,0.35
178592.0,-0.7,-0.7,-0.7016,-0.01,-0.38
178593.0,-0.7,-0.7,-0.6954,0.02,0.36
178594.0,-0.7,-0.7,-0.6954,0.02,0.36
178595.0,-0.7,-0.7,-0.7205,-0.08,-0.45
178596.0,-0.7,-0.7,-0.694,0.02,0.36
178598.0,-0.7,-0.7,-0.6954,0.02,0.36
178599.0,-0.7,-0.7,-0.694,0.02,0.36
178600.0,-0.7,-0.7,-0.706,-0.02,-0.39
178601.0,-0.7,-0.7,-0.6965,0.01,0.35
178602.0,-0.7,-0.7,-0.6965,0.01,0.35
178603.0,-0.7,-0.7,-0.7045,-0.02,-0.39
178604.0,-0.7,-0.7,-0.698,0.01,0.35
178605.0,-0.7,-0.7,-0.6987,0.01,0.35
178606.0,-0.7,-0.7,-0.6987,0.01,0.35
178607.0,-0.7,-0.7,-0.6951,0.02,0.36
178609.0,-0.7,-0.7,-0.6962,0.02,0.36
178610.0,-0.7,-0.7,-0.6972,0.01,0.35
178611.0,-0.7,-0.7,-0.6965,0.02,0.36
178612.0,-0.7,-0.7,-0.6965,0.02,0.36
178613.0,-0.7,-0.7,-0.6951,0.03,0.37
178614.0,-0.7,-0.7,-0.6965,0.02,0.36
178615.0,-0.7,-0.7,-0.6885,0.05,0.39
178616.0,-0.7,-0.7,-0.6994,0.01,0.35
178617.0,-0.7,-0.7,-0.6983,0.02,0.36
178618.0,-0.7,-0.7,-0.7016,0.0,0.34
178619.0,-0.7,-0.7,-0.698,0.02,0.36
178621.0,-0.7,-0.7,-0.6835,0.08,0.42
178622.0,-0.7,-0.7,-0.6965,0.03,0.37
178623.0,-0.7,-0.7,-0.7031,0.0,0.34
178624.0,-0.7,-0.7,-0.6922,0.04,0.38
178625.0,-0.7,-0.7,-0.702,0.0,0.34
178626.0,-0.7,-0.7,-0.7081,-0.02,-0.39
178627.0,-0.7,-0.7,-0.6987,0.01,0.35
178628.0,-0.7,-0.7,-0.7009,0.0,0.34
178629.0,-0.7,-0.7,-0.7009,0.0,0.34
178630.0,-0.7,-0.7,-0.7002,0.0,0.34
178631.0,-0.7,-0.7,-0.6987,0.01,0.35
178632.0,-0.7,-0.7,-0.6929,0.03,0.37
178634.0,-0.7,-0.7,-0.6951,0.03,0.37
178635.0,-0.7,-0.7,-0.7002,0.01,0.35
178636.0,-0.7,-0.7,-0.6994,0.01,0.35
178637.0,-0.7,-0.7,-0.706,-0.02,-0.39
178638.0,-0.7,-0.7,-0.707,-0.03,-0.4
178639.0,-0.7,-0.7,-0.7009,-0.0,-0.37
178640.0,-0.7,-0.7,-0.7031,-0.01,-0.38
178641.0,-0.7,-0.7,-0.7023,-0.01,-0.38
178642.0,-0.7,-0.7,-0.7002,-0.0,-0.37
178644.0,-0.7,-0.7,-0.698,0.01,0.35
178645.0,-0.7,-0.7,-0.706,-0.02,-0.39
178646.0,-0.7,-0.7,-0.7045,-0.02,-0.39
178647.0,-0.7,-0.7,-0.7002,-0.0,-0.37
178648.0,-0.7,-0.7,-0.6972,0.01,0.35
178649.0,-0.7,-0.7,-0.7012,-0.01,-0.38
178650.0,-0.7,-0.7,-0.7074,-0.03,-0.4
178651.0,-0.7,-0.7,-0.698,0.0,0.34
178652.0,-0.7,-0.7,-0.711,-0.05,-0.42
178653.0,-0.7,-0.7,-0.7023,-0.02,-0.39
178655.0,-0.7,-0.7,-0.7031,-0.02,-0.39
178656.0,-0.7,-0.7,-0.6994,-0.01,-0.38
178657.0,-0.7,-0.7,-0.7034,-0.02,-0.39
178658.0,-0.7,-0.7,-0.7081,-0.04,-0.41
178659.0,-0.7,-0.7,-0.7002,-0.01,-0.38
178660.0,-0.7,-0.7,-0.7016,-0.02,-0.39
178661.0,-0.7,-0.7,-0.7016,-0.01,-0.38
178663.0,-0.7,-0.7,-0.7023,-0.02,-0.39
178664.0,-0.7,-0.7,-0.7041,-0.03,-0.4
178665.0,-0.7,-0.7,-0.707,-0.04,-0.41
178666.0,-0.7,-0.7,-0.7031,-0.02,-0.39
178667.0,-0.7,-0.7,-0.7103,-0.05,-0.42
178668.0,-0.7,-0.7,-0.7052,-0.03,-0.4
178669.0,-0.7,-0.7,-0.7023,-0.02,-0.39
178670.0,-0.7,-0.7,-0.6994,-0.01,-0.38
178672.0,-0.7,-0.7,-0.6958,0.01,0.35
178673.0,-0.7,-0.7,-0.7002,-0.01,-0.38
178674.0,-0.7,-0.7,-0.7023,-0.02,-0.39
178675.0,-0.7,-0.7,-0.7016,-0.02,-0.39
178676.0,-0.7,-0.7,-0.7034,-0.02,-0.39
178677.0,-0.7,-0.7,-0.698,-0.0,-0.37
178678.0,-0.7,-0.7,-0.6994,-0.0,-0.37
178679.0,-0.7,-0.7,-0.6983,0.0,0.34
178680.0,-0.7,-0.7,-0.6943,0.02,0.36
178682.0,-0.7,-0.7,-0.6954,0.02,0.36
178683.0,-0.7,-0.7,-0.6965,0.01,0.35
178684.0,-0.7,-0.7,-0.6954,0.02,0.36
178685.0,-0.7,-0.7,-0.6983,0.01,0.35
178686.0,-0.7,-0.7,-0.6994,0.0,0.34
178687.0,-0.7,-0.7,-0.6965,0.02,0.36
178688.0,-0.7,-0.7,-0.6929,0.03,0.37
178689.0,-0.7,-0.7,-0.7157,-0.06,-0.43
178690.0,-0.7,-0.7,-0.6929,0.03,0.37
178691.0,-0.7,-0.7,-0.698,0.01,0.35
178693.0,-0.7,-0.7,-0.698,0.01,0.35
178694.0,-0.7,-0.7,-0.6936,0.03,0.37
178695.0,-0.7,-0.7,-0.7016,-0.0,-0.37
178696.0,-0.7,-0.7,-0.694,0.03,0.37
178697.0,-0.7,-0.7,-0.6958,0.02,0.36
178698.0,-0.7,-0.7,-0.6878,0.06,0.4
178699.0,-0.7,-0.7,-0.702,0.0,0.34
178700.0,-0.7,-0.7,-0.69,0.05,0.39
178701.0,-0.7,-0.7,-0.7234,-0.09,-0.46
178702.0,-0.7,-0.7,-0.6907,0.04,0.38
178704.0,-0.7,-0.7,-0.6809,0.08,0.42
178705.0,-0.7,-0.7,-0.7622,-0.25,-0.62
178706.0,-0.7,-0.7,-0.7056,-0.03,-0.4
178707.0,-0.7,-0.7,-0.6918,0.02,0.36
178708.0,-0.7,-0.7,-0.6907,0.03,0.37
178709.0,-0.7,-0.7,-0.7052,-0.03,-0.4
178710.0,-0.7,-0.7,-0.6958,0.01,0.35
178711.0,-0.7,-0.7,-0.6958,0.01,0.35
178712.0,-0.7,-0.7,-0.7005,-0.0,-0.37
178713.0,-0.7,-0.7,-0.6969,0.01,0.35
178715.0,-0.7,-0.7,-0.6962,0.02,0.36
178716.0,-0.7,-0.7,-0.706,-0.02,-0.39
178717.0,-0.7,-0.7,-0.7002,-0.0,-0.37
178718.0,-0.7,-0.7,-0.6987,0.0,0.34
178719.0,-0.7,-0.7,-0.6994,0.0,0.34
178720.0,-0.7,-0.7,-0.6972,0.01,0.35
178721.0,-0.7,-0.7,-0.6943,0.02,0.36
178722.0,-0.7,-0.7,-0.6925,0.03,0.37
178723.0,-0.7,-0.7,-0.6987,0.01,0.35
178724.0,-0.7,-0.7,-0.6987,0.01,0.35
178726.0,-0.7,-0.7,-0.6856,0.06,0.4
178727.0,-0.7,-0.7,-0.6878,0.06,0.4
178728.0,-0.7,-0.7,-0.6871,0.07,0.41
178729.0,-0.7,-0.7,-0.6987,0.02,0.36
178730.0,-0.7,-0.7,-0.6983,0.02,0.36
178731.0,-0.7,-0.7,-0.6976,0.02,0.36
178732.0,-0.7,-0.7,-0.6987,0.02,0.36
178733.0,-0.7,-0.7,-0.707,-0.02,-0.39
178734.0,-0.7,-0.7,-0.698,0.02,0.36
178735.0,-0.7,-0.7,-0.7045,-0.01,-0.38
178736.0,-0.7,-0.7,-0.6987,0.01,0.35
178738.0,-0.7,-0.7,-0.6965,0.02,0.36
178739.0,-0.7,-0.7,-0.6951,0.03,0.37
178740.0,-0.7,-0.7,-0.7012,0.0,0.34
178741.0,-0.7,-0.7,-0.7052,-0.01,-0.38
178742.0,-0.7,-0.7,-0.6889,0.05,0.39
178743.0,-0.7,-0.7,-0.6893,0.05,0.39
178744.0,-0.7,-0.7,-0.6987,0.02,0.36
178745.0,-0.7,-0.7,-0.7016,0.0,0.34
178746.0,-0.7,-0.7,-0.6983,0.02,0.36
178747.0,-0.7,-0.7,-0.6965,0.02,0.36
178749.0,-0.7,-0.7,-0.6987,0.01,0.35
178750.0,-0.7,-0.7,-0.7107,-0.04,-0.41
178751.0,-0.7,-0.7,-0.7081,-0.03,-0.4
178752.0,-0.7,-0.7,-0.7081,-0.03,-0.4
178753.0,-0.7,-0.7,-0.6918,0.03,0.37
178754.0,-0.7,-0.7,-0.7023,-0.01,-0.38
178755.0,-0.7,-0.7,-0.706,-0.02,-0.39
178756.0,-0.7,-0.7,-0.7002,-0.0,-0.37
178757.0,-0.7,-0.7,-0.7038,-0.02,-0.39
178758.0,-0.7,-0.7,-0.7045,-0.02,-0.39
178760.0,-0.7,-0.7,-0.7016,-0.01,-0.38
178761.0,-0.7,-0.7,-0.6965,0.01,0.35
178762.0,-0.7,-0.7,-0.6983,0.0,0.34
178763.0,-0.7,-0.7,-0.7031,-0.01,-0.38
178764.0,-0.7,-0.7,-0.698,0.01,0.35
178765.0,-0.7,-0.7,-0.7023,-0.01,-0.38
178766.0,-0.7,-0.7,-0.7023,-0.01,-0.38
178767.0,-0.7,-0.7,-0.7096,-0.04,-0.41
178769.0,-0.7,-0.7,-0.7038,-0.02,-0.39
178770.0,-0.7,-0.7,-0.6972,0.0,0.34
178771.0,-0.7,-0.7,-0.7132,-0.06,-0.43
178772.0,-0.7,-0.7,-0.7031,-0.02,-0.39
178773.0,-0.7,-0.7,-0.6987,-0.0,-0.37
178774.0,-0.7,-0.7,-0.7009,-0.01,-0.38
178775.0,-0.7,-0.7,-0.7031,-0.02,-0.39
178776.0,-0.7,-0.7,-0.7009,-0.01,-0.38
178778.0,-0.7,-0.7,-0.7002,-0.01,-0.38
178779.0,-0.7,-0.7,-0.7023,-0.02,-0.39
178780.0,-0.7,-0.7,-0.7016,-0.01,-0.38
178781.0,-0.7,-0.7,-0.7067,-0.03,-0.4
178782.0,-0.7,-0.7,-0.7197,-0.09,-0.46
178783.0,-0.7,-0.7,-0.7147,-0.08,-0.45
178784.0,-0.7,-0.7,-0.6972,-0.01,-0.38
178785.0,-0.7,-0.7,-0.6976,-0.01,-0.38
178787.0,-0.7,-0.7,-0.7005,-0.02,-0.39
178788.0,-0.7,-0.7,-0.7038,-0.03,-0.4
178789.0,-0.7,-0.7,-0.7096,-0.05,-0.42
178790.0,-0.7,-0.7,-0.698,-0.01,-0.38
178791.0,-0.7,-0.7,-0.698,-0.0,-0.37
178792.0,-0.7,-0.7,-0.6871,0.04,0.38
178793.0,-0.7,-0.7,-0.6987,-0.0,-0.37
178794.0,-0.7,-0.7,-0.698,0.0,0.34
178795.0,-0.7,-0.7,-0.6969,0.01,0.35
178797.0,-0.7,-0.7,-0.6951,0.02,0.36
178798.0,-0.7,-0.7,-0.6951,0.02,0.36
178799.0,-0.7,-0.7,-0.6791,0.09,0.43
178800.0,-0.7,-0.7,-0.7002,0.01,0.35
178801.0,-0.7,-0.7,-0.6962,0.02,0.36
178802.0,-0.7,-0.7,-0.6965,0.02,0.36
178803.0,-0.7,-0.7,-0.698,0.02,0.36
178804.0,-0.7,-0.7,-0.7052,-0.01,-0.38
178805.0,-0.7,-0.7,-0.7045,-0.01,-0.38
178806.0,-0.7,-0.7,-0.6972,0.02,0.36
178808.0,-0.7,-0.7,-0.6929,0.03,0.37
178809.0,-0.7,-0.7,-0.698,0.01,0.35
178810.0,-0.7,-0.7,-0.698,0.01,0.35
178811.0,-0.7,-0.7,-0.6972,0.02,0.36
178812.0,-0.7,-0.7,-0.6954,0.03,0.37
178813.0,-0.7,-0.7,-0.6918,0.04,0.38
178814.0,-0.7,-0.7,-0.6965,0.02,0.36
178815.0,-0.7,-0.7,-0.7002,0.01,0.35
178816.0,-0.7,-0.7,-0.6947,0.03,0.37
178817.0,-0.7,-0.7,-0.6987,0.02,0.36
178819.0,-0.7,-0.7,-0.6911,0.05,0.39
178820.0,-0.7,-0.7,-0.6987,0.02,0.36
178821.0,-0.7,-0.7,-0.6983,0.02,0.36
178822.0,-0.7,-0.7,-0.6965,0.03,0.37
178823.0,-0.7,-0.7,-0.6936,0.04,0.38
178824.0,-0.7,-0.7,-0.6965,0.03,0.37
178825.0,-0.7,-0.7,-0.6951,0.03,0.37
178826.0,-0.7,-0.7,-0.6947,0.03,0.37
178827.0,-0.7,-0.7,-0.6972,0.02,0.36
178828.0,-0.7,-0.7,-0.7161,-0.05,-0.42
178829.0,-0.7,-0.7,-0.6987,0.01,0.35
178831.0,-0.7,-0.7,-0.6987,0.01,0.35
178832.0,-0.7,-0.7,-0.7031,-0.01,-0.38
178833.0,-0.7,-0.7,-0.6987,0.01,0.35
178834.0,-0.7,-0.7,-0.6965,0.02,0.36
178835.0,-0.7,-0.7,-0.7023,-0.0,-0.37
178836.0,-0.7,-0.7,-0.7005,0.0,0.34
178837.0,-0.7,-0.7,-0.7016,-0.0,-0.37
178838.0,-0.7,-0.7,-0.7002,0.0,0.34
178839.0,-0.7,-0.7,-0.7038,-0.01,-0.38
178840.0,-0.7,-0.7,-0.7016,-0.01,-0.38
178842.0,-0.7,-0.7,-0.698,0.01,0.35
178843.0,-0.7,-0.7,-0.7002,0.0,0.34
178844.0,-0.7,-0.7,-0.6994,0.0,0.34
178845.0,-0.7,-0.7,-0.6958,0.02,0.36
178846.0,-0.7,-0.7,-0.7274,-0.11,-0.48
178847.0,-0.7,-0.7,-0.7045,-0.03,-0.4
178848.0,-0.7,-0.7,-0.661,0.15,0.49
178849.0,-0.7,-0.7,-0.7041,-0.01,-0.38
178850.0,-0.7,-0.7,-0.694,0.03,0.37
178852.0,-0.7,-0.7,-0.7136,-0.05,-0.42
178853.0,-0.7,-0.7,-0.698,0.01,0.35
178854.0,-0.7,-0.7,-0.7012,-0.0,-0.37
178855.0,-0.7,-0.7,-0.6987,0.01,0.35
178856.0,-0.7,-0.7,-0.7023,-0.01,-0.38
178857.0,-0.7,-0.7,-0.7009,-0.0,-0.37
178858.0,-0.7,-0.7,-0.7074,-0.03,-0.4
178859.0,-0.7,-0.7,-0.7038,-0.02,-0.39
178860.0,-0.7,-0.7,-0.7165,-0.07,-0.44
178862.0,-0.7,-0.7,-0.7009,-0.01,-0.38
178863.0,-0.7,-0.7,-0.6867,0.05,0.39
178864.0,-0.7,-0.7,-0.7052,-0.02,-0.39
178865.0,-0.7,-0.7,-0.6831,0.07,0.41
178866.0,-0.7,-0.7,-0.7002,0.0,0.34
178867.0,-0.7,-0.7,-0.6958,0.02,0.36
178868.0,-0.7,-0.7,-0.7081,-0.03,-0.4
178869.0,-0.7,-0.7,-0.7002,-0.0,-0.37
178870.0,-0.7,-0.7,-0.6972,0.01,0.35
178872.0,-0.7,-0.7,-0.6936,0.03,0.37
178873.0,-0.7,-0.7,-0.7031,-0.01,-0.38
178874.0,-0.7,-0.7,-0.7012,-0.0,-0.37
178875.0,-0.7,-0.7,-0.6958,0.02,0.36
178876.0,-0.7,-0.7,-0.7052,-0.02,-0.39
178877.0,-0.7,-0.7,-0.7041,-0.02,-0.39
178878.0,-0.7,-0.7,-0.7136,-0.06,-0.43
178879.0,-0.7,-0.7,-0.7034,-0.02,-0.39
178881.0,-0.7,-0.7,-0.6907,0.03,0.37
178882.0,-0.7,-0.7,-0.6991,0.0,0.34
178883.0,-0.7,-0.7,-0.7303,-0.13,-0.5
178884.0,-0.7,-0.7,-0.6976,-0.0,-0.37
178885.0,-0.7,-0.7,-0.7016,-0.02,-0.39
178886.0,-0.7,-0.7,-0.698,-0.0,-0.37
178887.0,-0.7,-0.7,-0.6972,0.0,0.34
178888.0,-0.7,-0.7,-0.6922,0.03,0.37
178889.0,-0.7,-0.7,-0.7023,-0.01,-0.38
178890.0,-0.7,-0.7,-0.7009,-0.01,-0.38
178892.0,-0.7,-0.7,-0.6925,0.03,0.37
178893.0,-0.7,-0.7,-0.7016,-0.01,-0.38
178894.0,-0.7,-0.7,-0.6972,0.01,0.35
178895.0,-0.7,-0.7,-0.7023,-0.01,-0.38
178896.0,-0.7,-0.7,-0.702,-0.01,-0.38
178897.0,-0.7,-0.7,-0.7016,-0.01,-0.38
178898.0,-0.7,-0.7,-0.7194,-0.08,-0.45
178899.0,-0.7,-0.7,-0.6972,0.0,0.34
178900.0,-0.7,-0.7,-0.698,0.0,0.34
178902.0,-0.7,-0.7,-0.7012,-0.01,-0.38
178903.0,-0.7,-0.7,-0.6994,-0.0,-0.37
178904.0,-0.7,-0.7,-0.7136,-0.06,-0.43
178905.0,-0.7,-0.7,-0.6987,-0.0,-0.37
178906.0,-0.7,-0.7,-0.69,0.03,0.37
178907.0,-0.7,-0.7,-0.7016,-0.01,-0.38
178908.0,-0.7,-0.7,-0.7041,-0.02,-0.39
178909.0,-0.7,-0.7,-0.698,0.0,0.34
178910.0,-0.7,-0.7,-0.698,0.0,0.34
178912.0,-0.7,-0.7,-0.7038,-0.02,-0.39
178913.0,-0.7,-0.7,-0.7023,-0.01,-0.38
178914.0,-0.7,-0.7,-0.6929,0.03,0.37
178915.0,-0.7,-0.7,-0.6991,0.0,0.34
178916.0,-0.7,-0.7,-0.7016,-0.01,-0.38
178917.0,-0.7,-0.7,-0.7016,-0.01,-0.38
178918.0,-0.7,-0.7,-0.7009,-0.01,-0.38
178919.0,-0.7,-0.7,-0.7045,-0.02,-0.39
178921.0,-0.7,-0.7,-0.7023,-0.01,-0.38
178922.0,-0.7,-0.7,-0.7005,-0.01,-0.38
178923.0,-0.7,-0.7,-0.7016,-0.01,-0.38
178924.0,-0.7,-0.7,-0.6936,0.02,0.36
178925.0,-0.7,-0.7,-0.7012,-0.01,-0.38
178926.0,-0.7,-0.7,-0.698,0.01,0.35
178927.0,-0.7,-0.7,-0.6987,0.0,0.34
178928.0,-0.7,-0.7,-0.6972,0.01,0.35
178929.0,-0.7,-0.7,-0.6965,0.02,0.36
178930.0,-0.7,-0.7,-0.6965,0.02,0.36
178932.0,-0.7,-0.7,-0.7002,0.0,0.34
178933.0,-0.7,-0.7,-0.6983,0.01,0.35
178934.0,-0.7,-0.7,-0.6958,0.02,0.36
178935.0,-0.7,-0.7,-0.7002,0.0,0.34
178936.0,-0.7,-0.7,-0.6987,0.01,0.35
178937.0,-0.7,-0.7,-0.698,0.01,0.35
178938.0,-0.7,-0.7,-0.6991,0.01,0.35
178939.0,-0.7,-0.7,-0.6987,0.01,0.35
178940.0,-0.7,-0.7,-0.7031,-0.01,-0.38
178941.0,-0.7,-0.7,-0.6994,0.01,0.35
178943.0,-0.7,-0.7,-0.6972,0.01,0.35
178944.0,-0.7,-0.7,-0.7016,-0.0,-0.37
178945.0,-0.7,-0.7,-0.6987,0.01,0.35
178946.0,-0.7,-0.7,-0.6987,0.01,0.35
178947.0,-0.7,-0.7,-0.7092,-0.04,-0.41
178948.0,-0.7,-0.7,-0.698,0.01,0.35
178949.0,-0.7,-0.7,-0.7027,-0.01,-0.38
178950.0,-0.7,-0.7,-0.6976,0.01,0.35
178951.0,-0.7,-0.7,-0.7023,-0.01,-0.38
178952.0,-0.7,-0.7,-0.698,0.01,0.35
178954.0,-0.7,-0.7,-0.6972,0.01,0.35
178955.0,-0.7,-0.7,-0.6972,0.01,0.35
178956.0,-0.7,-0.7,-0.6987,0.01,0.35
178957.0,-0.7,-0.7,-0.7074,-0.03,-0.4
178958.0,-0.7,-0.7,-0.7023,-0.01,-0.38
178959.0,-0.7,-0.7,-0.6994,0.0,0.34
178960.0,-0.7,-0.7,-0.6983,0.01,0.35
178961.0,-0.7,-0.7,-0.7154,-0.06,-0.43
178962.0,-0.7,-0.7,-0.6965,0.01,0.35
178964.0,-0.7,-0.7,-0.698,0.0,0.34
178965.0,-0.7,-0.7,-0.7252,-0.11,-0.48
178966.0,-0.7,-0.7,-0.6472,0.21,0.55
178967.0,-0.7,-0.7,-0.6922,0.04,0.38
178968.0,-0.7,-0.7,-0.7038,-0.01,-0.38
178969.0,-0.7,-0.7,-0.6943,0.03,0.37
178970.0,-0.7,-0.7,-0.6994,0.01,0.35
178971.0,-0.7,-0.7,-0.6954,0.03,0.37
178972.0,-0.7,-0.7,-0.698,0.02,0.36
178973.0,-0.7,-0.7,-0.7089,-0.03,-0.4
178975.0,-0.7,-0.7,-0.7023,-0.0,-0.37
178976.0,-0.7,-0.7,-0.6965,0.02,0.36
178977.0,-0.7,-0.7,-0.7041,-0.01,-0.38
178978.0,-0.7,-0.7,-0.7009,-0.0,-0.37
178979.0,-0.7,-0.7,-0.6943,0.03,0.37
178980.0,-0.7,-0.7,-0.6998,0.0,0.34
178981.0,-0.7,-0.7,-0.6994,0.01,0.35
178982.0,-0.7,-0.7,-0.6987,0.01,0.35
178983.0,-0.7,-0.7,-0.7654,-0.27,-0.64
178984.0,-0.7,-0.7,-0.6936,0.01,0.35
178986.0,-0.7,-0.7,-0.6998,-0.01,-0.38
178987.0,-0.7,-0.7,-0.6991,-0.01,-0.38
178988.0,-0.7,-0.7,-0.7038,-0.03,-0.4
178989.0,-0.7,-0.7,-0.6907,0.03,0.37
178990.0,-0.7,-0.7,-0.6994,-0.01,-0.38
178991.0,-0.7,-0.7,-0.7041,-0.02,-0.39
178992.0,-0.7,-0.7,-0.7045,-0.03,-0.4
178993.0,-0.7,-0.7,-0.6965,0.01,0.35
178994.0,-0.7,-0.7,-0.6987,-0.0,-0.37
178996.0,-0.7,-0.7,-0.7002,-0.01,-0.38
178997.0,-0.7,-0.7,-0.6987,0.0,0.34
178998.0,-0.7,-0.7,-0.6991,-0.0,-0.37
178999.0,-0.7,-0.7,-0.6965,0.01,0.35
179000.0,0.7,0.7,-0.702,-5.79,-6.16
179001.0,0.7,0.7,-0.7045,-6.27,-6.64
179002.0,0.7,0.7,-0.6987,-6.68,-7.05
179003.0,0.7,0.7,-0.7292,-7.2,-7.57
179004.0,0.7,0.7,-0.6929,-7.41,-7.78
179006.0,0.7,0.7,-0.6958,-7.75,-8.12
179007.0,0.7,0.7,-0.6936,-8.03,-8.4
179008.0,0.7,0.7,-0.6951,-8.3,-8.67
179009.0,0.7,0.7,-0.6827,-8.49,-8.86
179010.0,0.7,0.7,-0.6813,-8.7,-9.07
179011.0,0.7,0.7,-0.674,-8.87,-9.24
179012.0,0.7,0.7,-0.6762,-9.06,-9.43
179013.0,0.7,0.7,-0.6639,-9.17,-9.54
179014.0,0.7,0.7,-0.6559,-9.28,-9.65
179015.0,0.7,0.7,-0.6595,-9.42,-9.79
179017.0,0.7,0.7,-0.6294,-9.41,-9.78
179018.0,0.7,0.7,-0.6436,-9.57,-9.94
179019.0,0.7,0.7,-0.6211,-9.57,-9.94
179020.0,0.7,0.7,-0.6251,-9.66,-10.03
179021.0,0.7,0.7,-0.616,-9.7,-10.07
179022.0,0.7,0.7,-0.6193,-9.77,-10.14
179023.0,0.7,0.7,-0.6087,-9.79,-10.16
179024.0,0.7,0.7,-0.6008,-9.8,-10.17
179025.0,0.7,0.7,-0.5768,-9.74,-10.11
179026.0,0.7,0.7,-0.5812,-9.79,-10.16
179028.0,0.7,0.7,-0.5717,-9.78,-10.15
179029.0,0.7,0.7,-0.5652,-9.78,-10.15
179030.0,0.7,0.7,-0.5536,-9.75,-10.12
179031.0,0.7,0.7,-0.5235,-9.64,-10.01
179032.0,0.7,0.7,-0.534,-9.68,-10.05
179033.0,0.7,0.7,-0.5249,-9.65,-10.02
179034.0,0.7,0.7,-0.5217,-9.64,-10.01
179035.0,0.7,0.7,-0.472,-9.43,-9.8
179036.0,0.7,0.7,-0.4934,-9.51,-9.88
179037.0,0.7,0.7,-0.4912,-9.49,-9.86
179039.0,0.7,0.7,-0.4781,-9.43,-9.8
179040.0,0.7,0.7,-0.4673,-9.37,-9.74
179041.0,0.7,0.7,-0.4604,-9.33,-9.7
179042.0,0.7,0.7,-0.4527,-9.28,-9.65
179043.0,0.7,0.7,-0.4404,-9.22,-9.59
179044.0,0.7,0.7,-0.4288,-9.15,-9.52
179045.0,0.7,0.7,-0.415,-9.07,-9.44
179046.0,0.7,0.7,-0.4143,-9.04,-9.41
179047.0,0.7,0.7,-0.3932,-8.93,-9.3
179048.0,0.7,0.7,-0.3896,-8.89,-9.26
179050.0,0.7,0.7,-0.3791,-8.82,-9.19
179051.0,0.7,0.7,-0.3675,-8.75,-9.12
179052.0,0.7,0.7,-0.3628,-8.7,-9.07
179053.0,0.7,0.7,-0.3657,-8.68,-9.05
179054.0,0.7,0.7,-0.3381,-8.55,-8.92
179055.0,0.7,0.7,-0.3279,-8.47,-8.84
179056.0,0.7,0.7,-0.3142,-8.38,-8.75
179057.0,0.7,0.7,-0.3058,-8.32,-8.69
179058.0,0.7,0.7,-0.2946,-8.24,-8.61
179059.0,0.7,0.7,-0.2837,-8.16,-8.53
179061.0,0.7,0.7,-0.2746,-8.08,-8.45
179062.0,0.7,0.7,-0.2699,-8.03,-8.4
179063.0,0.7,0.7,-0.2514,-7.92,-8.29
179064.0,0.7,0.7,-0.2373,-7.82,-8.19
179065.0,0.7,0.7,-0.2322,-7.77,-8.14
179066.0,0.7,0.7,-0.2148,-7.66,-8.03
179067.0,0.7,0.7,-0.2039,-7.57,-7.94
179068.0,0.7,0.7,-0.2166,-7.59,-7.96
179069.0,0.7,0.7,-0.1433,-7.25,-7.62
179070.0,0.7,0.7,-0.1741,-7.33,-7.7
179072.0,0.7,0.7,-0.1672,-7.26,-7.63
179073.0,0.7,0.7,-0.1117,-6.99,-7.36
179074.0,0.7,0.7,-0.1408,-7.06,-7.43
179075.0,0.7,0.7,-0.1335,-6.99,-7.36
179076.0,0.7,0.7,-0.1226,-6.91,-7.28
179077.0,0.7,0.7,-0.1067,-6.81,-7.18
179078.0,0.7,0.7,-0.1016,-6.75,-7.12
179079.0,0.7,0.7,-0.086,-6.65,-7.02
179080.0,0.7,0.7,-0.0969,-6.65,-7.02
179081.0,0.7,0.7,-0.0631,-6.48,-6.85
179083.0,0.7,0.7,-0.0486,-6.38,-6.75
179084.0,0.7,0.7,-0.0453,-6.32,-6.69
179085.0,0.7,0.7,-0.0174,-6.17,-6.54
179086.0,0.7,0.7,-0.025,-6.15,-6.52
179087.0,0.7,0.7,-0.0087,-6.05,-6.42
179088.0,0.7,0.7,0.0036,-5.96,-6.33
179089.0,0.7,0.7,0.0094,-5.89,-6.26
179090.0,0.7,0.7,0.0283,-5.77,-6.14
179091.0,0.7,0.7,0.0348,-5.71,-6.08
179092.0,0.7,0.7,0.0479,-5.61,-5.98
179093.0,0.7,0.7,0.0577,-5.53,-5.9
179095.0,0.7,0.7,0.0609,-5.47,-5.84
179096.0,0.7,0.7,0.0791,-5.36,-5.73
179097.0,0.7,0.7,0.0969,-5.25,-5.62
179098.0,0.7,0.7,0.1027,-5.18,-5.55
179099.0,0.7,0.7,0.1139,-5.09,-5.46
179100.0,0.7,0.7,0.1219,-5.02,-5.39
179101.0,0.7,0.7,0.1346,-4.92,-5.29
179102.0,0.7,0.7,0.1451,-4.84,-5.21
179103.0,0.7,0.7,0.1567,-4.75,-5.12
179104.0,0.7,0.7,0.1672,-4.67,-5.04
179105.0,0.7,0.7,0.1799,-4.57,-4.94
179107.0,0.7,0.7,0.1836,-4.52,-4.89
179108.0,0.7,0.7,0.1981,-4.42,-4.79
179109.0,0.7,0.7,0.23,-4.24,-4.61
179110.0,0.7,0.7,0.2242,-4.22,-4.59
179111.0,0.7,0.7,0.2343,-4.14,-4.51
179112.0,0.7,0.7,0.2431,-4.06,-4.43
179113.0,0.7,0.7,0.2521,-3.98,-4.35
179114.0,0.7,0.7,0.2619,-3.9,-4.27
179115.0,0.7,0.7,0.2714,-3.82,-4.19
179116.0,0.7,0.7,0.2822,-3.74,-4.11
179117.0,0.7,0.7,0.2931,-3.65,-4.02
179118.0,0.7,0.7,0.3033,-3.57,-3.94
179120.0,0.7,0.7,0.32,-3.46,-3.83
179121.0,0.7,0.7,0.2989,-3.51,-3.88
179122.0,0.7,0.7,0.3287,-3.36,-3.73
179123.0,0.7,0.7,0.3403,-3.27,-3.64
179124.0,0.7,0.7,0.3483,-3.2,-3.57
179125.0,0.7,0.7,0.3577,-3.12,-3.49
179126.0,0.7,0.7,0.3671,-3.05,-3.42
179127.0,0.7,0.7,0.3755,-2.97,-3.34
179128.0,0.7,0.7,0.3885,-2.88,-3.25
179129.0,0.7,0.7,0.3918,-2.83,-3.2
179130.0,0.7,0.7,0.4012,-2.76,-3.13
179131.0,0.7,0.7,0.39,-2.77,-3.14
179133.0,0.7,0.7,0.4215,-2.61,-2.98
179134.0,0.7,0.7,0.4295,-2.54,-2.91
179135.0,0.7,0.7,0.4353,-2.48,-2.85
179136.0,0.7,0.7,0.4419,-2.42,-2.79
179137.0,0.7,0.7,0.4469,-2.36,-2.73
179138.0,0.7,0.7,0.4556,-2.29,-2.66
179139.0,0.7,0.7,0.4593,-2.25,-2.62
179140.0,0.7,0.7,0.4701,-2.17,-2.54
179141.0,0.7,0.7,0.4741,-2.12,-2.49
179142.0,0.7,0.7,0.4854,-2.04,-2.41
179143.0,0.7,0.7,0.5003,-1.95,-2.32
179145.0,0.7,0.7,0.4999,-1.92,-2.29
179146.0,0.7,0.7,0.5438,-1.71,-2.08
179147.0,0.7,0.7,0.5137,-1.79,-2.16
179148.0,0.7,0.7,0.5166,-1.75,-2.12
179149.0,0.7,0.7,0.5264,-1.68,-2.05
179150.0,0.7,0.7,0.5612,-1.51,-1.88
179151.0,0.7,0.7,0.5405,-1.56,-1.93
179152.0,0.7,0.7,0.5514,-1.49,-1.86
179153.0,0.7,0.7,0.5514,-1.46,-1.83
179154.0,0.7,0.7,0.555,-1.42,-1.79
179155.0,0.7,0.7,0.5601,-1.37,-1.74
179156.0,0.7,0.7,0.5688,-1.31,-1.68
179158.0,0.7,0.7,0.5717,-1.28,-1.65
179159.0,0.7,0.7,0.5812,-1.21,-1.58
179160.0,0.7,0.7,0.5812,-1.19,-1.56
179161.0,0.7,0.7,0.5862,-1.15,-1.52
179162.0,0.7,0.7,0.5906,-1.11,-1.48
179163.0,0.7,0.7,0.5957,-1.06,-1.43
179164.0,0.7,0.7,0.6007,-1.02,-1.39
179165.0,0.7,0.7,0.6192,-0.92,-1.29
179166.0,0.7,0.7,0.6076,-0.95,-1.32
179167.0,0.7,0.7,0.6124,-0.91,-1.28
179168.0,0.7,0.7,0.6018,-0.93,-1.3
179170.0,0.7,0.7,0.6218,-0.83,-1.2
179171.0,0.7,0.7,0.6269,-0.79,-1.16
179172.0,0.7,0.7,0.6356,-0.74,-1.11
179173.0,0.7,0.7,0.6327,-0.73,-1.1
179174.0,0.7,0.7,0.6385,-0.69,-1.06
179175.0,0.7,0.7,0.6472,-0.63,-1.0
179176.0,0.7,0.7,0.645,-0.62,-0.99
179177.0,0.7,0.7,0.6494,-0.59,-0.96
179178.0,0.7,0.7,0.653,-0.56,-0.93
179179.0,0.7,0.7,0.6559,-0.53,-0.9
179180.0,0.7,0.7,0.6595,-0.5,-0.87
179181.0,0.7,0.7,0.6653,-0.46,-0.83
179183.0,0.7,0.7,0.6675,-0.43,-0.8
179184.0,0.7,0.7,0.6675,-0.42,-0.79
179185.0,0.7,0.7,0.6733,-0.38,-0.75
179186.0,0.7,0.7,0.674,-0.36,-0.73
179187.0,0.7,0.7,0.6762,-0.34,-0.71
179188.0,0.7,0.7,0.6827,-0.3,-0.67
179189.0,0.7,0.7,0.6791,-0.3,-0.67
179190.0,0.7,0.7,0.6943,-0.22,-0.59
179191.0,0.7,0.7,0.6835,-0.25,-0.62
179192.0,0.7,0.7,0.6849,-0.23,-0.6
179193.0,0.7,0.7,0.6907,-0.2,-0.57
179194.0,0.7,0.7,0.6889,-0.2,-0.57
179196.0,0.7,0.7,0.6914,-0.18,-0.55
179197.0,0.7,0.7,0.6918,-0.17,-0.54
179198.0,0.7,0.7,0.6987,-0.13,-0.5
179199.0,0.7,0.7,0.6976,-0.12,-0.49
179200.0,0.7,0.7,0.703,-0.09,-0.46
179201.0,0.7,0.7,0.6994,-0.09,-0.46
179202.0,0.7,0.7,0.7001,-0.08,-0.45
179203.0,0.7,0.7,0.6943,-0.1,-0.47
179204.0,0.7,0.7,0.7081,-0.04,-0.41
179205.0,0.7,0.7,0.706,-0.04,-0.41
179206.0,0.7,0.7,0.711,-0.01,-0.38
179207.0,0.7,0.7,0.7089,-0.01,-0.38
179208.0,0.7,0.7,0.7176,0.03,0.37
179209.0,0.7,0.7,0.7168,0.04,0.38
179211.0,0.7,0.7,0.7205,0.06,0.4
179212.0,0.7,0.7,0.7346,0.13,0.47
179213.0,0.7,0.7,0.7161,0.07,0.41
179214.0,0.7,0.7,0.7161,0.07,0.41
179215.0,0.7,0.7,0.7197,0.09,0.43
179216.0,0.7,0.7,0.7205,0.1,0.44
179217.0,0.7,0.7,0.7161,0.09,0.43
179218.0,0.7,0.7,0.7226,0.12,0.46
179219.0,0.7,0.7,0.7263,0.14,0.48
179220.0,0.7,0.7,0.7219,0.13,0.47
179221.0,0.7,0.7,0.7234,0.14,0.48
179222.0,0.7,0.7,0.7237,0.14,0.48
179223.0,0.7,0.7,0.7237,0.15,0.49
179224.0,0.7,0.7,0.7234,0.15,0.49
179225.0,0.7,0.7,0.7277,0.17,0.51
179226.0,0.7,0.7,0.7212,0.15,0.49
179227.0,0.7,0.7,0.7168,0.13,0.47
179228.0,0.7,0.7,0.7248,0.16,0.5
179229.0,0.7,0.7,0.7284,0.18,0.52
179230.0,0.7,0.7,0.7237,0.17,0.51
179232.0,0.7,0.7,0.7205,0.15,0.49
179233.0,0.7,0.7,0.7241,0.17,0.51
179234.0,0.7,0.7,0.7299,0.2,0.54
179235.0,0.7,0.7,0.7234,0.17,0.51
179236.0,0.7,0.7,0.7248,0.18,0.52
179237.0,0.7,0.7,0.7284,0.2,0.54
179238.0,0.7,0.7,0.7234,0.18,0.52
179239.0,0.7,0.7,0.7248,0.18,0.52
179240.0,0.7,0.7,0.7176,0.16,0.5
179241.0,0.7,0.7,0.7226,0.17,0.51
179242.0,0.7,0.7,0.7208,0.17,0.51
179243.0,0.7,0.7,0.7212,0.17,0.51
179244.0,0.7,0.7,0.7197,0.16,0.5
179245.0,0.7,0.7,0.719,0.16,0.5
179246.0,0.7,0.7,0.7255,0.19,0.53
179247.0,0.7,0.7,0.7147,0.14,0.48
179248.0,0.7,0.7,0.7212,0.17,0.51
179249.0,0.7,0.7,0.7161,0.15,0.49
179250.0,0.7,0.7,0.7176,0.15,0.49
179251.0,0.7,0.7,0.7118,0.12,0.46
179253.0,0.7,0.7,0.7118,0.12,0.46
179254.0,0.7,0.7,0.7205,0.16,0.5
179255.0,0.7,0.7,0.7168,0.14,0.48
179256.0,0.7,0.7,0.7168,0.14,0.48
179257.0,0.7,0.7,0.7161,0.14,0.48
179258.0,0.7,0.7,0.7063,0.1,0.44
179259.0,0.7,0.7,0.7139,0.12,0.46
179260.0,0.7,0.7,0.7139,0.12,0.46
179261.0,0.7,0.7,0.7063,0.09,0.43
179262.0,0.7,0.7,0.6987,0.05,0.39
179263.0,0.7,0.7,0.711,0.1,0.44
179264.0,0.7,0.7,0.711,0.1,0.44
179265.0,0.7,0.7,0.7121,0.1,0.44
179266.0,0.7,0.7,0.7074,0.08,0.42
179267.0,0.7,0.7,0.703,0.06,0.4
179268.0,0.7,0.7,0.7089,0.08,0.42
179269.0,0.7,0.7,0.711,0.09,0.43
179270.0,0.7,0.7,0.7125,0.1,0.44
179271.0,0.7,0.7,0.7081,0.08,0.42
179272.0,0.7,0.7,0.7023,0.05,0.39
179273.0,0.7,0.7,0.6972,0.03,0.37
179275.0,0.7,0.7,0.7056,0.06,0.4
179276.0,0.7,0.7,0.7001,0.03,0.37
179277.0,0.7,0.7,0.7034,0.05,0.39
179278.0,0.7,0.7,0.7023,0.04,0.38
179279.0,0.7,0.7,0.7074,0.06,0.4
179280.0,0.7,0.7,0.703,0.04,0.38
179281.0,0.7,0.7,0.7023,0.04,0.38
179282.0,0.7,0.7,0.6943,0.0,0.34
179283.0,0.7,0.7,0.7023,0.03,0.37
179284.0,0.7,0.7,0.6936,-0.01,-0.38
179285.0,0.7,0.7,0.6987,0.01,0.35
179286.0,0.7,0.7,0.6987,0.01,0.35
179287.0,0.7,0.7,0.6827,-0.06,-0.43
179288.0,0.7,0.7,0.7034,0.02,0.36
179289.0,0.7,0.7,0.6987,0.0,0.34
179290.0,0.7,0.7,0.6972,-0.01,-0.38
179291.0,0.7,0.7,0.6907,-0.03,-0.4
179292.0,0.7,0.7,0.6943,-0.02,-0.39
179293.0,0.7,0.7,0.6936,-0.03,-0.4
179295.0,0.7,0.7,0.6958,-0.02,-0.39
179296.0,0.7,0.7,0.698,-0.01,-0.38
179297.0,0.7,0.7,0.711,0.04,0.38
179298.0,0.7,0.7,0.6914,-0.04,-0.41
179299.0,0.7,0.7,0.7005,-0.0,-0.37
179300.0,0.7,0.7,0.6965,-0.02,-0.39
179301.0,0.7,0.7,0.6907,-0.04,-0.41
179302.0,0.7,0.7,0.6914,-0.04,-0.41
179303.0,0.7,0.7,0.682,-0.08,-0.45
179304.0,0.7,0.7,0.711,0.03,0.37
179305.0,0.7,0.7,0.6922,-0.04,-0.41
179306.0,0.7,0.7,0.7023,-0.0,-0.37
179307.0,0.7,0.7,0.6936,-0.04,-0.41
179308.0,0.7,0.7,0.6911,-0.05,-0.42
179310.0,0.7,0.7,0.6943,-0.04,-0.41
179311.0,0.7,0.7,0.6965,-0.03,-0.4
179312.0,0.7,0.7,0.6965,-0.03,-0.4
179313.0,0.7,0.7,0.6987,-0.02,-0.39
179314.0,0.7,0.7,0.6936,-0.04,-0.41
179315.0,0.7,0.7,0.6943,-0.04,-0.41
179316.0,0.7,0.7,0.6965,-0.03,-0.4
179317.0,0.7,0.7,0.6965,-0.03,-0.4
179318.0,0.7,0.7,0.6943,-0.04,-0.41
179319.0,0.7,0.7,0.6965,-0.03,-0.4
179320.0,0.7,0.7,0.6994,-0.02,-0.39
179321.0,0.7,0.7,0.6976,-0.02,-0.39
179323.0,0.7,0.7,0.6972,-0.02,-0.39
179324.0,0.7,0.7,0.6896,-0.06,-0.43
179325.0,0.7,0.7,0.6958,-0.03,-0.4
179326.0,0.7,0.7,0.7001,-0.01,-0.38
179327.0,0.7,0.7,0.6994,-0.02,-0.39
179328.0,0.7,0.7,0.7016,-0.01,-0.38
179329.0,0.7,0.7,0.706,0.01,0.35
179330.0,0.7,0.7,0.6965,-0.02,-0.39
179331.0,0.7,0.7,0.7001,-0.01,-0.38
179332.0,0.7,0.7,0.7023,0.0,0.34
179333.0,0.7,0.7,0.7001,-0.01,-0.38
179334.0,0.7,0.7,0.7005,-0.0,-0.37
179335.0,0.7,0.7,0.7023,0.0,0.34
179336.0,0.7,0.7,0.7023,0.01,0.35
179337.0,0.7,0.7,0.6965,-0.02,-0.39
179339.0,0.7,0.7,0.7001,-0.0,-0.37
179340.0,0.7,0.7,0.7052,0.02,0.36
179341.0,0.7,0.7,0.7023,0.01,0.35
179342.0,0.7,0.7,0.7092,0.04,0.38
179343.0,0.7,0.7,0.6831,-0.07,-0.44
179344.0,0.7,0.7,0.7027,0.01,0.35
179345.0,0.7,0.7,0.7081,0.03,0.37
179346.0,0.7,0.7,0.7194,0.08,0.42
179347.0,0.7,0.7,0.703,0.02,0.36
179348.0,0.7,0.7,0.7034,0.02,0.36
179349.0,0.7,0.7,0.69,-0.03,-0.4
179350.0,0.7,0.7,0.7045,0.02,0.36
179351.0,0.7,0.7,0.7052,0.03,0.37
179352.0,0.7,0.7,0.703,0.02,0.36
179353.0,0.7,0.7,0.7023,0.02,0.36
179354.0,0.7,0.7,0.6987,0.0,0.34
179355.0,0.7,0.7,0.7005,0.01,0.35
179356.0,0.7,0.7,0.6972,-0.01,-0.38
179357.0,0.7,0.7,0.703,0.02,0.36
179359.0,0.7,0.7,0.6943,-0.02,-0.39
179360.0,0.7,0.7,0.7074,0.03,0.37
179361.0,0.7,0.7,0.6947,-0.02,-0.39
179362.0,0.7,0.7,0.7052,0.02,0.36
179363.0,0.7,0.7,0.6965,-0.01,-0.38
179364.0,0.7,0.7,0.703,0.02,0.36
179365.0,0.7,0.7,0.703,0.02,0.36
179366.0,0.7,0.7,0.7081,0.04,0.38
179367.0,0.7,0.7,0.703,0.02,0.36
179368.0,0.7,0.7,0.703,0.02,0.36
179369.0,0.7,0.7,0.7023,0.02,0.36
179370.0,0.7,0.7,0.7081,0.04,0.38
179371.0,0.7,0.7,0.7034,0.02,0.36
179372.0,0.7,0.7,0.7023,0.02,0.36
179373.0,0.7,0.7,0.6994,0.01,0.35
179374.0,0.7,0.7,0.7118,0.06,0.4
179375.0,0.7,0.7,0.7052,0.03,0.37
179376.0,0.7,0.7,0.6943,-0.01,-0.38
179378.0,0.7,0.7,0.6972,-0.0,-0.37
179379.0,0.7,0.7,0.6987,0.0,0.34
179380.0,0.7,0.7,0.7052,0.03,0.37
179381.0,0.7,0.7,0.7023,0.02,0.36
179382.0,0.7,0.7,0.6994,0.01,0.35
179383.0,0.7,0.7,0.7382,0.16,0.5
179384.0,0.7,0.7,0.6798,-0.06,-0.43
179385.0,0.7,0.7,0.7023,0.02,0.36
179386.0,0.7,0.7,0.6918,-0.02,-0.39
179387.0,0.7,0.7,0.6994,0.0,0.34
179388.0,0.7,0.7,0.6994,0.0,0.34
179389.0,0.7,0.7,0.6972,-0.01,-0.38
179390.0,0.7,0.7,0.6972,-0.01,-0.38
179391.0,0.7,0.7,0.6994,0.0,0.34
179392.0,0.7,0.7,0.6856,-0.06,-0.43
179393.0,0.7,0.7,0.6965,-0.02,-0.39
179395.0,0.7,0.7,0.7023,0.01,0.35
179396.0,0.7,0.7,0.7045,0.02,0.36
179397.0,0.7,0.7,0.6976,-0.01,-0.38
179398.0,0.7,0.7,0.6994,-0.0,-0.37
179399.0,0.7,0.7,0.6994,-0.0,-0.37
179400.0,0.7,0.7,0.7089,0.03,0.37
179401.0,0.7,0.7,0.6976,-0.01,-0.38
179402.0,0.7,0.7,0.6994,-0.0,-0.37
179403.0,0.7,0.7,0.6994,-0.0,-0.37
179404.0,0.7,0.7,0.6936,-0.03,-0.4
179405.0,0.7,0.7,0.706,0.02,0.36
179406.0,0.7,0.7,0.6965,-0.01,-0.38
179407.0,0.7,0.7,0.6936,-0.03,-0.4
179408.0,0.7,0.7,0.6947,-0.03,-0.4
179409.0,0.7,0.7,0.6856,-0.06,-0.43
179411.0,0.7,0.7,0.6994,-0.01,-0.38
179412.0,0.7,0.7,0.7277,0.11,0.45
179413.0,0.7,0.7,0.6972,-0.01,-0.38
179414.0,0.7,0.7,0.6914,-0.03,-0.4
179415.0,0.7,0.7,0.6987,-0.01,-0.38
179416.0,0.7,0.7,0.7023,0.01,0.35
179417.0,0.7,0.7,0.6965,-0.02,-0.39
179418.0,0.7,0.7,0.7161,0.06,0.4
179419.0,0.7,0.7,0.7016,0.01,0.35
179420.0,0.7,0.7,0.7023,0.01,0.35
179421.0,0.7,0.7,0.6965,-0.01,-0.38
179422.0,0.7,0.7,0.7063,0.03,0.37
179423.0,0.7,0.7,0.6885,-0.04,-0.41
179424.0,0.7,0.7,0.6994,-0.0,-0.37
179425.0,0.7,0.7,0.7045,0.02,0.36
179427.0,0.7,0.7,0.6972,-0.01,-0.38
179428.0,0.7,0.7,0.6951,-0.02,-0.39
179429.0,0.7,0.7,0.7023,0.01,0.35
179430.0,0.7,0.7,0.6972,-0.01,-0.38
179431.0,0.7,0.7,0.6994,-0.0,-0.37
179432.0,0.7,0.7,0.6994,-0.0,-0.37
179433.0,0.7,0.7,0.6994,-0.0,-0.37
179434.0,0.7,0.7,0.6994,-0.0,-0.37
179435.0,0.7,0.7,0.6849,-0.06,-0.43
179436.0,0.7,0.7,0.7023,0.0,0.34
179437.0,0.7,0.7,0.7034,0.01,0.35
179438.0,0.7,0.7,0.6871,-0.06,-0.43
179439.0,0.7,0.7,0.6958,-0.02,-0.39
179440.0,0.7,0.7,0.702,-0.0,-0.37
179442.0,0.7,0.7,0.6972,-0.02,-0.39
179443.0,0.7,0.7,0.6951,-0.03,-0.4
179444.0,0.7,0.7,0.6976,-0.02,-0.39
179445.0,0.7,0.7,0.7023,0.0,0.34
179446.0,0.7,0.7,0.7023,0.0,0.34
179447.0,0.7,0.7,0.7009,-0.0,-0.37
179448.0,0.7,0.7,0.703,0.01,0.35
179449.0,0.7,0.7,0.7038,0.01,0.35
179450.0,0.7,0.7,0.7045,0.02,0.36
179451.0,0.7,0.7,0.7038,0.02,0.36
179452.0,0.7,0.7,0.703,0.01,0.35
179453.0,0.7,0.7,0.7023,0.01,0.35
179454.0,0.7,0.7,0.703,0.02,0.36
179455.0,0.7,0.7,0.7103,0.05,0.39
179456.0,0.7,0.7,0.7023,0.02,0.36
179457.0,0.7,0.7,0.7023,0.02,0.36
179458.0,0.7,0.7,0.698,-0.0,-0.37
179459.0,0.7,0.7,0.7038,0.02,0.36
179461.0,0.7,0.7,0.7001,0.01,0.35
179462.0,0.7,0.7,0.7139,0.06,0.4
179463.0,0.7,0.7,0.7034,0.02,0.36
179464.0,0.7,0.7,0.703,0.02,0.36
179465.0,0.7,0.7,0.7023,0.02,0.36
179466.0,0.7,0.7,0.7023,0.02,0.36
179467.0,0.7,0.7,0.7023,0.02,0.36
179468.0,0.7,0.7,0.7023,0.02,0.36
179469.0,0.7,0.7,0.7023,0.02,0.36
179470.0,0.7,0.7,0.703,0.02,0.36
179471.0,0.7,0.7,0.7005,0.01,0.35
179472.0,0.7,0.7,0.7023,0.02,0.36
179473.0,0.7,0.7,0.6994,0.01,0.35
179474.0,0.7,0.7,0.7023,0.02,0.36
179475.0,0.7,0.7,0.6965,-0.01,-0.38
179476.0,0.7,0.7,0.6972,-0.01,-0.38
179477.0,0.7,0.7,0.706,0.03,0.37
179478.0,0.7,0.7,0.6983,-0.0,-0.37
179479.0,0.7,0.7,0.6994,0.0,0.34
179480.0,0.7,0.7,0.6965,-0.01,-0.38
179482.0,0.7,0.7,0.6994,0.0,0.34
179483.0,0.7,0.7,0.6998,0.0,0.34
179484.0,0.7,0.7,0.6976,-0.01,-0.38
179485.0,0.7,0.7,0.694,-0.02,-0.39
179486.0,0.7,0.7,0.7197,0.08,0.42
179487.0,0.7,0.7,0.6976,-0.0,-0.37
179488.0,0.7,0.7,0.6958,-0.01,-0.38
179489.0,0.7,0.7,0.6929,-0.03,-0.4
179490.0,0.7,0.7,0.6965,-0.01,-0.38
179491.0,0.7,0.7,0.6994,-0.0,-0.37
179492.0,0.7,0.7,0.698,-0.01,-0.38
179493.0,0.7,0.7,0.6965,-0.02,-0.39
179494.0,0.7,0.7,0.7023,0.01,0.35
179495.0,0.7,0.7,0.6943,-0.03,-0.4
179496.0,0.7,0.7,0.7118,0.05,0.39
179498.0,0.7,0.7,0.6972,-0.01,-0.38
179499.0,0.7,0.7,0.6958,-0.02,-0.39
179500.0,0.7,0.7,0.7001,-0.0,-0.37
179501.0,0.7,0.7,0.6987,-0.01,-0.38
179502.0,0.7,0.7,0.6965,-0.02,-0.39
179503.0,0.7,0.7,0.6987,-0.01,-0.38
179504.0,0.7,0.7,0.6943,-0.03,-0.4
179505.0,0.7,0.7,0.6987,-0.01,-0.38
179506.0,0.7,0.7,0.6918,-0.04,-0.41
179507.0,0.7,0.7,0.6972,-0.02,-0.39
179508.0,0.7,0.7,0.698,-0.02,-0.39
179509.0,0.7,0.7,0.6994,-0.01,-0.38
179510.0,0.7,0.7,0.6994,-0.01,-0.38
179512.0,0.7,0.7,0.6943,-0.03,-0.4
179513.0,0.7,0.7,0.6965,-0.02,-0.39
179514.0,0.7,0.7,0.6972,-0.02,-0.39
179515.0,0.7,0.7,0.7001,-0.01,-0.38
179516.0,0.7,0.7,0.6976,-0.02,-0.39
179517.0,0.7,0.7,0.7023,0.0,0.34
179518.0,0.7,0.7,0.6914,-0.04,-0.41
179519.0,0.7,0.7,0.6972,-0.02,-0.39
179520.0,0.7,0.7,0.7023,0.0,0.34
179521.0,0.7,0.7,0.7092,0.03,0.37
179522.0,0.7,0.7,0.703,0.01,0.35
179523.0,0.7,0.7,0.706,0.02,0.36
179524.0,0.7,0.7,0.703,0.01,0.35
179525.0,0.7,0.7,0.7045,0.02,0.36
179526.0,0.7,0.7,0.6972,-0.01,-0.38
179527.0,0.7,0.7,0.7016,0.01,0.35
179529.0,0.7,0.7,0.7023,0.01,0.35
179530.0,0.7,0.7,0.6994,0.0,0.34
179531.0,0.7,0.7,0.7081,0.04,0.38
179532.0,0.7,0.7,0.7023,0.01,0.35
179533.0,0.7,0.7,0.7023,0.01,0.35
179534.0,0.7,0.7,0.7023,0.01,0.35
179535.0,0.7,0.7,0.7038,0.02,0.36
179536.0,0.7,0.7,0.7023,0.02,0.36
179537.0,0.7,0.7,0.703,0.02,0.36
179538.0,0.7,0.7,0.7023,0.02,0.36
179539.0,0.7,0.7,0.7001,0.01,0.35
179540.0,0.7,0.7,0.7034,0.02,0.36
179541.0,0.7,0.7,0.703,0.02,0.36
179542.0,0.7,0.7,0.7063,0.03,0.37
179543.0,0.7,0.7,0.7078,0.04,0.38
179544.0,0.7,0.7,0.7023,0.02,0.36
179545.0,0.7,0.7,0.7027,0.02,0.36
179546.0,0.7,0.7,0.706,0.04,0.38
179547.0,0.7,0.7,0.7005,0.01,0.35
179548.0,0.7,0.7,0.7001,0.01,0.35
179549.0,0.7,0.7,0.6972,-0.0,-0.37
179550.0,0.7,0.7,0.7023,0.02,0.36
179552.0,0.7,0.7,0.6885,-0.04,-0.41
179553.0,0.7,0.7,0.6581,-0.17,-0.54
179554.0,0.7,0.7,0.7023,-0.0,-0.37
179555.0,0.7,0.7,0.6965,-0.02,-0.39
179556.0,0.7,0.7,0.6976,-0.02,-0.39
179557.0,0.7,0.7,0.6994,-0.01,-0.38
179558.0,0.7,0.7,0.7034,0.01,0.35
179559.0,0.7,0.7,0.7005,-0.0,-0.37
179560.0,0.7,0.7,0.6987,-0.01,-0.38
179561.0,0.7,0.7,0.703,0.01,0.35
179562.0,0.7,0.7,0.6972,-0.02,-0.39
179563.0,0.7,0.7,0.6994,-0.01,-0.38
179564.0,0.7,0.7,0.6994,-0.01,-0.38
179566.0,0.7,0.7,0.7081,0.03,0.37
179567.0,0.7,0.7,0.7081,0.03,0.37
179568.0,0.7,0.7,0.7001,0.0,0.34
179569.0,0.7,0.7,0.706,0.03,0.37
179570.0,0.7,0.7,0.7005,0.01,0.35
179571.0,0.7,0.7,0.7001,0.0,0.34
179572.0,0.7,0.7,0.6965,-0.01,-0.38
179573.0,0.7,0.7,0.6972,-0.01,-0.38
179574.0,0.7,0.7,0.7081,0.03,0.37
179575.0,0.7,0.7,0.6994,0.0,0.34
179576.0,0.7,0.7,0.7001,0.0,0.34
179577.0,0.7,0.7,0.7001,0.0,0.34
179578.0,0.7,0.7,0.6994,-0.0,-0.37
179579.0,0.7,0.7,0.7001,0.0,0.34
179580.0,0.7,0.7,0.7045,0.02,0.36
179581.0,0.7,0.7,0.6965,-0.01,-0.38
179582.0,0.7,0.7,0.6987,-0.0,-0.37
179583.0,0.7,0.7,0.6994,-0.0,-0.37
179584.0,0.7,0.7,0.7038,0.02,0.36
179586.0,0.7,0.7,0.7005,0.0,0.34
179587.0,0.7,0.7,0.6994,-0.0,-0.37
179588.0,0.7,0.7,0.6994,-0.0,-0.37
179589.0,0.7,0.7,0.6994,-0.0,-0.37
179590.0,0.7,0.7,0.7023,0.01,0.35
179591.0,0.7,0.7,0.6994,-0.0,-0.37
179592.0,0.7,0.7,0.6987,-0.0,-0.37
179593.0,0.7,0.7,0.6878,-0.05,-0.42
179594.0,0.7,0.7,0.7089,0.03,0.37
179595.0,0.7,0.7,0.7045,0.02,0.36
179596.0,0.7,0.7,0.6994,-0.0,-0.37
179597.0,0.7,0.7,0.6958,-0.02,-0.39
179598.0,0.7,0.7,0.6936,-0.03,-0.4
179599.0,0.7,0.7,0.6965,-0.02,-0.39
179601.0,0.7,0.7,0.6936,-0.03,-0.4
179602.0,0.7,0.7,0.6914,-0.04,-0.41
179603.0,0.7,0.7,0.6976,-0.02,-0.39
179604.0,0.7,0.7,0.6987,-0.01,-0.38
179605.0,0.7,0.7,0.7034,0.01,0.35
179606.0,0.7,0.7,0.7023,0.0,0.34
179607.0,0.7,0.7,0.703,0.01,0.35
179608.0,0.7,0.7,0.6972,-0.01,-0.38
179609.0,0.7,0.7,0.6987,-0.01,-0.38
179610.0,0.7,0.7,0.7103,0.04,0.38
179611.0,0.7,0.7,0.7001,0.0,0.34
179612.0,0.7,0.7,0.6994,-0.0,-0.37
179613.0,0.7,0.7,0.7005,0.0,0.34
179614.0,0.7,0.7,0.706,0.02,0.36
179615.0,0.7,0.7,0.6987,-0.0,-0.37
179616.0,0.7,0.7,0.706,0.03,0.37
179618.0,0.7,0.7,0.6987,-0.0,-0.37
179619.0,0.7,0.7,0.6994,0.0,0.34
179620.0,0.7,0.7,0.6885,-0.05,-0.42
179621.0,0.7,0.7,0.703,0.01,0.35
179622.0,0.7,0.7,0.6972,-0.01,-0.38
179623.0,0.7,0.7,0.7038,0.01,0.35
179624.0,0.7,0.7,0.694,-0.03,-0.4
179625.0,0.7,0.7,0.7001,-0.0,-0.37
179626.0,0.7,0.7,0.7016,0.0,0.34
179627.0,0.7,0.7,0.7001,-0.0,-0.37
179628.0,0.7,0.7,0.7005,0.0,0.34
179629.0,0.7,0.7,0.7005,0.0,0.34
179630.0,0.7,0.7,0.6994,-0.0,-0.37
179631.0,0.7,0.7,0.7023,0.01,0.35
179632.0,0.7,0.7,0.7023,0.01,0.35
179633.0,0.7,0.7,0.703,0.01,0.35
179634.0,0.7,0.7,0.6907,-0.04,-0.41
179636.0,0.7,0.7,0.7023,0.01,0.35
179637.0,0.7,0.7,0.6965,-0.01,-0.38
179638.0,0.7,0.7,0.7001,-0.0,-0.37
179639.0,0.7,0.7,0.6976,-0.01,-0.38
179640.0,0.7,0.7,0.6929,-0.03,-0.4
179641.0,0.7,0.7,0.6965,-0.02,-0.39
179642.0,0.7,0.7,0.7001,-0.0,-0.37
179643.0,0.7,0.7,0.703,0.01,0.35
179644.0,0.7,0.7,0.711,0.04,0.38
179645.0,0.7,0.7,0.7063,0.03,0.37
179646.0,0.7,0.7,0.7074,0.03,0.37
179647.0,0.7,0.7,0.6994,0.0,0.34
179648.0,0.7,0.7,0.7052,0.03,0.37
179649.0,0.7,0.7,0.6972,-0.01,-0.38
179650.0,0.7,0.7,0.7005,0.01,0.35
179651.0,0.7,0.7,0.6943,-0.02,-0.39
179652.0,0.7,0.7,0.7009,0.01,0.35
179654.0,0.7,0.7,0.7038,0.02,0.36
179655.0,0.7,0.7,0.7001,0.0,0.34
179656.0,0.7,0.7,0.6965,-0.01,-0.38
179657.0,0.7,0.7,0.6994,-0.0,-0.37
179658.0,0.7,0.7,0.6849,-0.06,-0.43
179659.0,0.7,0.7,0.6976,-0.01,-0.38
179660.0,0.7,0.7,0.6994,-0.01,-0.38
179661.0,0.7,0.7,0.7001,-0.0,-0.37
179662.0,0.7,0.7,0.6994,-0.01,-0.38
179663.0,0.7,0.7,0.6987,-0.01,-0.38
179664.0,0.7,0.7,0.6998,-0.0,-0.37
179665.0,0.7,0.7,0.6954,-0.02,-0.39
179666.0,0.7,0.7,0.7005,-0.0,-0.37
179667.0,0.7,0.7,0.7001,-0.0,-0.37
179669.0,0.7,0.7,0.6987,-0.01,-0.38
179670.0,0.7,0.7,0.6994,-0.01,-0.38
179671.0,0.7,0.7,0.7096,0.04,0.38
179672.0,0.7,0.7,0.6994,-0.0,-0.37
179673.0,0.7,0.7,0.7005,0.0,0.34
179674.0,0.7,0.7,0.7023,0.01,0.35
179675.0,0.7,0.7,0.7045,0.02,0.36
179676.0,0.7,0.7,0.6784,-0.09,-0.46
179677.0,0.7,0.7,0.7023,0.0,0.34
179678.0,0.7,0.7,0.6849,-0.07,-0.44
179679.0,0.7,0.7,0.703,0.0,0.34
179680.0,0.7,0.7,0.7081,0.03,0.37
179681.0,0.7,0.7,0.7045,0.01,0.35
179682.0,0.7,0.7,0.706,0.02,0.36
179683.0,0.7,0.7,0.6994,-0.0,-0.37
179684.0,0.7,0.7,0.703,0.01,0.35
179685.0,0.7,0.7,0.7001,0.0,0.34
179686.0,0.7,0.7,0.7103,0.04,0.38
179688.0,0.7,0.7,0.7005,0.01,0.35
179689.0,0.7,0.7,0.6933,-0.02,-0.39
179690.0,0.7,0.7,0.7001,0.0,0.34
179691.0,0.7,0.7,0.7063,0.03,0.37
179692.0,0.7,0.7,0.6994,0.0,0.34
179693.0,0.7,0.7,0.6987,-0.0,-0.37
179694.0,0.7,0.7,0.7078,0.03,0.37
179695.0,0.7,0.7,0.7052,0.03,0.37
179696.0,0.7,0.7,0.7023,0.02,0.36
179697.0,0.7,0.7,0.703,0.02,0.36
179698.0,0.7,0.7,0.7023,0.02,0.36
179699.0,0.7,0.7,0.7045,0.03,0.37
179700.0,0.7,0.7,0.7001,0.01,0.35
179701.0,0.7,0.7,0.7081,0.04,0.38
179702.0,0.7,0.7,0.703,0.02,0.36
179703.0,0.7,0.7,0.6994,0.01,0.35
179704.0,0.7,0.7,0.7052,0.03,0.37
179705.0,0.7,0.7,0.703,0.02,0.36
179706.0,0.7,0.7,0.7081,0.04,0.38
179707.0,0.7,0.7,0.7016,0.02,0.36
179708.0,0.7,0.7,0.7001,0.01,0.35
179710.0,0.7,0.7,0.6936,-0.02,-0.39
179711.0,0.7,0.7,0.6976,-0.0,-0.37
179712.0,0.7,0.7,0.703,0.02,0.36
179713.0,0.7,0.7,0.7023,0.02,0.36
179714.0,0.7,0.7,0.7001,0.01,0.35
179715.0,0.7,0.7,0.6965,-0.01,-0.38
179716.0,0.7,0.7,0.6907,-0.03,-0.4
179717.0,0.7,0.7,0.6965,-0.01,-0.38
179718.0,0.7,0.7,0.6972,-0.01,-0.38
179719.0,0.7,0.7,0.6994,-0.0,-0.37
179720.0,0.7,0.7,0.6951,-0.02,-0.39
179721.0,0.7,0.7,0.7038,0.01,0.35
179722.0,0.7,0.7,0.6994,-0.0,-0.37
179723.0,0.7,0.7,0.6965,-0.02,-0.39
179724.0,0.7,0.7,0.6965,-0.02,-0.39
179726.0,0.7,0.7,0.6994,-0.01,-0.38
179727.0,0.7,0.7,0.6972,-0.01,-0.38
179728.0,0.7,0.7,0.698,-0.01,-0.38
179729.0,0.7,0.7,0.6972,-0.02,-0.39
179730.0,0.7,0.7,0.6929,-0.03,-0.4
179731.0,0.7,0.7,0.6972,-0.02,-0.39
179732.0,0.7,0.7,0.6972,-0.02,-0.39
179733.0,0.7,0.7,0.703,0.01,0.35
179734.0,0.7,0.7,0.7001,-0.01,-0.38
179735.0,0.7,0.7,0.7001,-0.0,-0.37
179736.0,0.7,0.7,0.7089,0.03,0.37
179737.0,0.7,0.7,0.6885,-0.05,-0.42
179738.0,0.7,0.7,0.7081,0.03,0.37
179740.0,0.7,0.7,0.7001,-0.0,-0.37
179741.0,0.7,0.7,0.6976,-0.01,-0.38
179742.0,0.7,0.7,0.6994,-0.0,-0.37
179743.0,0.7,0.7,0.6972,-0.01,-0.38
179744.0,0.7,0.7,0.7052,0.02,0.36
179745.0,0.7,0.7,0.6994,-0.0,-0.37
179746.0,0.7,0.7,0.7089,0.04,0.38
179747.0,0.7,0.7,0.7001,0.0,0.34
179748.0,0.7,0.7,0.7034,0.02,0.36
179749.0,0.7,0.7,0.7001,0.0,0.34
179750.0,0.7,0.7,0.703,0.02,0.36
179751.0,0.7,0.7,0.6994,0.0,0.34
179752.0,0.7,0.7,0.6994,0.0,0.34
179753.0,0.7,0.7,0.6994,0.0,0.34
179754.0,0.7,0.7,0.7001,0.0,0.34
179755.0,0.7,0.7,0.7038,0.02,0.36
179756.0,0.7,0.7,0.703,0.02,0.36
179757.0,0.7,0.7,0.7023,0.01,0.35
179758.0,0.7,0.7,0.6965,-0.01,-0.38
179760.0,0.7,0.7,0.6965,-0.01,-0.38
179761.0,0.7,0.7,0.6987,-0.0,-0.37
179762.0,0.7,0.7,0.6987,-0.0,-0.37
179763.0,0.7,0.7,0.706,0.02,0.36
179764.0,0.7,0.7,0.7001,0.0,0.34
179765.0,0.7,0.7,0.6936,-0.02,-0.39
179766.0,0.7,0.7,0.6958,-0.02,-0.39
179767.0,0.7,0.7,0.7001,-0.0,-0.37
179768.0,0.7,0.7,0.7001,-0.0,-0.37
179769.0,0.7,0.7,0.7001,-0.0,-0.37
179770.0,0.7,0.7,0.7023,0.01,0.35
179771.0,0.7,0.7,0.6918,-0.03,-0.4
179772.0,0.7,0.7,0.7045,0.02,0.36
179773.0,0.7,0.7,0.6907,-0.04,-0.41
179775.0,0.7,0.7,0.7096,0.04,0.38
179776.0,0.7,0.7,0.7001,-0.0,-0.37
179777.0,0.7,0.7,0.7023,0.01,0.35
179778.0,0.7,0.7,0.7023,0.01,0.35
179779.0,0.7,0.7,0.7023,0.01,0.35
179780.0,0.7,0.7,0.7081,0.04,0.38
179781.0,0.7,0.7,0.6947,-0.02,-0.39
179782.0,0.7,0.7,0.7049,0.02,0.36
179783.0,0.7,0.7,0.6965,-0.01,-0.38
179784.0,0.7,0.7,0.7016,0.01,0.35
179785.0,0.7,0.7,0.6994,0.0,0.34
179786.0,0.7,0.7,0.6972,-0.01,-0.38
179787.0,0.7,0.7,0.7005,0.0,0.34
179788.0,0.7,0.7,0.703,0.01,0.35
179789.0,0.7,0.7,0.6965,-0.01,-0.38
179790.0,0.7,0.7,0.7023,0.01,0.35
179791.0,0.7,0.7,0.7001,0.0,0.34
179792.0,0.7,0.7,0.6987,-0.0,-0.37
179794.0,0.7,0.7,0.6943,-0.02,-0.39
179795.0,0.7,0.7,0.7005,0.0,0.34
179796.0,0.7,0.7,0.703,0.01,0.35
179797.0,0.7,0.7,0.698,-0.01,-0.38
179798.0,0.7,0.7,0.6994,-0.0,-0.37
179799.0,0.7,0.7,0.7001,-0.0,-0.37
179800.0,0.7,0.7,0.7197,0.08,0.42
179801.0,0.7,0.7,0.7023,0.02,0.36
179802.0,0.7,0.7,0.6994,0.0,0.34
179803.0,0.7,0.7,0.6994,0.0,0.34
179804.0,0.7,0.7,0.7034,0.02,0.36
179805.0,0.7,0.7,0.6965,-0.01,-0.38
179806.0,0.7,0.7,0.6994,0.0,0.34
179807.0,0.7,0.7,0.7001,0.0,0.34
179808.0,0.7,0.7,0.7009,0.01,0.35
179809.0,0.7,0.7,0.6994,0.0,0.34
179810.0,0.7,0.7,0.706,0.03,0.37
179811.0,0.7,0.7,0.6994,0.0,0.34
179812.0,0.7,0.7,0.6936,-0.02,-0.39
179814.0,0.7,0.7,0.7074,0.03,0.37
179815.0,0.7,0.7,0.6994,0.0,0.34
179816.0,0.7,0.7,0.703,0.02,0.36
179817.0,0.7,0.7,0.7023,0.01,0.35
179818.0,0.7,0.7,0.6972,-0.01,-0.38
179819.0,0.7,0.7,0.6958,-0.01,-0.38
179820.0,0.7,0.7,0.698,-0.01,-0.38
179821.0,0.7,0.7,0.682,-0.07,-0.44
179822.0,0.7,0.7,0.6914,-0.04,-0.41
179823.0,0.7,0.7,0.6958,-0.03,-0.4
179824.0,0.7,0.7,0.7459,0.18,0.52
179825.0,0.7,0.7,0.6918,-0.03,-0.4
179826.0,0.7,0.7,0.7001,0.0,0.34
179827.0,0.7,0.7,0.698,-0.0,-0.37
179828.0,0.7,0.7,0.6965,-0.01,-0.38
179830.0,0.7,0.7,0.7023,0.01,0.35
179831.0,0.7,0.7,0.7023,0.01,0.35
179832.0,0.7,0.7,0.6878,-0.05,-0.42
179833.0,0.7,0.7,0.6965,-0.02,-0.39
179834.0,0.7,0.7,0.6951,-0.02,-0.39
179835.0,0.7,0.7,0.6991,-0.01,-0.38
179836.0,0.7,0.7,0.7023,0.01,0.35
179837.0,0.7,0.7,0.6965,-0.02,-0.39
179838.0,0.7,0.7,0.6914,-0.04,-0.41
179839.0,0.7,0.7,0.6976,-0.02,-0.39
179840.0,0.7,0.7,0.7023,0.0,0.34
179841.0,0.7,0.7,0.706,0.02,0.36
179842.0,0.7,0.7,0.698,-0.01,-0.38
179843.0,0.7,0.7,0.6769,-0.1,-0.47
179844.0,0.7,0.7,0.6918,-0.04,-0.41
179846.0,0.7,0.7,0.6965,-0.03,-0.4
179847.0,0.7,0.7,0.6965,-0.03,-0.4
179848.0,0.7,0.7,0.6972,-0.02,-0.39
179849.0,0.7,0.7,0.7001,-0.01,-0.38
179850.0,0.7,0.7,0.7023,-0.0,-0.37
179851.0,0.7,0.7,0.7001,-0.01,-0.38
179852.0,0.7,0.7,0.7023,0.0,0.34
179853.0,0.7,0.7,0.7005,-0.0,-0.37
179854.0,0.7,0.7,0.7001,-0.01,-0.38
179855.0,0.7,0.7,0.6994,-0.01,-0.38
179856.0,0.7,0.7,0.7023,0.0,0.34
179857.0,0.7,0.7,0.703,0.01,0.35
179858.0,0.7,0.7,0.7005,-0.0,-0.37
179859.0,0.7,0.7,0.7023,0.01,0.35
179861.0,0.7,0.7,0.6914,-0.04,-0.41
179862.0,0.7,0.7,0.6994,-0.01,-0.38
179863.0,0.7,0.7,0.7023,0.01,0.35
179864.0,0.7,0.7,0.7001,-0.0,-0.37
179865.0,0.7,0.7,0.7023,0.01,0.35
179866.0,0.7,0.7,0.7023,0.01,0.35
179867.0,0.7,0.7,0.7001,0.0,0.34
179868.0,0.7,0.7,0.6994,-0.0,-0.37
179869.0,0.7,0.7,0.7081,0.03,0.37
179870.0,0.7,0.7,0.703,0.01,0.35
179871.0,0.7,0.7,0.7023,0.01,0.35
179872.0,0.7,0.7,0.703,0.02,0.36
179873.0,0.7,0.7,0.7023,0.01,0.35
179874.0,0.7,0.7,0.7023,0.01,0.35
179875.0,0.7,0.7,0.703,0.02,0.36
179876.0,0.7,0.7,0.6987,0.0,0.34
179877.0,0.7,0.7,0.6954,-0.01,-0.38
179878.0,0.7,0.7,0.7023,0.01,0.35
179879.0,0.7,0.7,0.703,0.02,0.36
179881.0,0.7,0.7,0.7023,0.01,0.35
179882.0,0.7,0.7,0.703,0.02,0.36
179883.0,0.7,0.7,0.7023,0.01,0.35
179884.0,0.7,0.7,0.7023,0.01,0.35
179885.0,0.7,0.7,0.703,0.02,0.36
179886.0,0.7,0.7,0.7001,0.01,0.35
179887.0,0.7,0.7,0.703,0.02,0.36
179888.0,0.7,0.7,0.6994,0.0,0.34
179889.0,0.7,0.7,0.6929,-0.02,-0.39
179890.0,0.7,0.7,0.7092,0.04,0.38
179891.0,0.7,0.7,0.6994,0.0,0.34
179892.0,0.7,0.7,0.6972,-0.01,-0.38
179893.0,0.7,0.7,0.7023,0.01,0.35
179894.0,0.7,0.7,0.6987,-0.0,-0.37
179895.0,0.7,0.7,0.7016,0.01,0.35
179896.0,0.7,0.7,0.7306,0.13,0.47
179897.0,0.7,0.7,0.7001,0.01,0.35
179898.0,0.7,0.7,0.6914,-0.02,-0.39
179899.0,0.7,0.7,0.7005,0.01,0.35
179901.0,0.7,0.7,0.706,0.03,0.37
179902.0,0.7,0.7,0.6918,-0.02,-0.39
179903.0,0.7,0.7,0.6976,-0.0,-0.37
179904.0,0.7,0.7,0.6813,-0.07,-0.44
179905.0,0.7,0.7,0.6994,-0.0,-0.37
179906.0,0.7,0.7,0.6976,-0.01,-0.38
179907.0,0.7,0.7,0.6965,-0.02,-0.39
179908.0,0.7,0.7,0.6994,-0.01,-0.38
179909.0,0.7,0.7,0.6987,-0.01,-0.38
179910.0,0.7,0.7,0.6972,-0.02,-0.39
179911.0,0.7,0.7,0.6965,-0.02,-0.39
179912.0,0.7,0.7,0.7001,-0.0,-0.37
179913.0,0.7,0.7,0.6972,-0.02,-0.39
179915.0,0.7,0.7,0.6958,-0.02,-0.39
179916.0,0.7,0.7,0.6889,-0.05,-0.42
179917.0,0.7,0.7,0.6994,-0.01,-0.38
179918.0,0.7,0.7,0.6951,-0.03,-0.4
179919.0,0.7,0.7,0.7023,-0.0,-0.37
179920.0,0.7,0.7,0.7023,0.0,0.34
179921.0,0.7,0.7,0.7001,-0.01,-0.38
179922.0,0.7,0.7,0.7001,-0.01,-0.38
179923.0,0.7,0.7,0.7005,-0.0,-0.37
179924.0,0.7,0.7,0.7005,-0.0,-0.37
179925.0,0.7,0.7,0.6994,-0.01,-0.38
179926.0,0.7,0.7,0.703,0.01,0.35
179927.0,0.7,0.7,0.6994,-0.0,-0.37
179928.0,0.7,0.7,0.6987,-0.01,-0.38
179930.0,0.7,0.7,0.6965,-0.02,-0.39
179931.0,0.7,0.7,0.7023,0.01,0.35
179932.0,0.7,0.7,0.6994,-0.0,-0.37
179933.0,0.7,0.7,0.703,0.01,0.35
179934.0,0.7,0.7,0.706,0.02,0.36
179935.0,0.7,0.7,0.703,0.01,0.35
179936.0,0.7,0.7,0.7023,0.01,0.35
179937.0,0.7,0.7,0.6994,0.0,0.34
179938.0,0.7,0.7,0.6998,0.0,0.34
179939.0,0.7,0.7,0.7034,0.02,0.36
179940.0,0.7,0.7,0.6958,-0.01,-0.38
179941.0,0.7,0.7,0.7081,0.03,0.37
179942.0,0.7,0.7,0.7052,0.03,0.37
179943.0,0.7,0.7,0.7001,0.01,0.35
179944.0,0.7,0.7,0.7023,0.01,0.35
179945.0,0.7,0.7,0.6987,-0.0,-0.37
179946.0,0.7,0.7,0.7038,0.02,0.36
179947.0,0.7,0.7,0.7089,0.04,0.38
179949.0,0.7,0.7,0.6943,-0.02,-0.39
179950.0,0.7,0.7,0.7074,0.04,0.38
179951.0,0.7,0.7,0.7063,0.03,0.37
179952.0,0.7,0.7,0.7005,0.01,0.35
179953.0,0.7,0.7,0.6965,-0.01,-0.38
179954.0,0.7,0.7,0.7034,0.02,0.36
179955.0,0.7,0.7,0.703,0.02,0.36
179956.0,0.7,0.7,0.7023,0.02,0.36
179957.0,0.7,0.7,0.7081,0.04,0.38
179958.0,0.7,0.7,0.7052,0.03,0.37
179959.0,0.7,0.7,0.7045,0.03,0.37
179960.0,0.7,0.7,0.7023,0.02,0.36
179961.0,0.7,0.7,0.7023,0.02,0.36
179962.0,0.7,0.7,0.7023,0.02,0.36
179963.0,0.7,0.7,0.7168,0.08,0.42
179964.0,0.7,0.7,0.7034,0.03,0.37
179965.0,0.7,0.7,0.6704,-0.11,-0.48
179966.0,0.7,0.7,0.706,0.03,0.37
179967.0,0.7,0.7,0.7074,0.04,0.38
179968.0,0.7,0.7,0.6972,-0.0,-0.37
179970.0,0.7,0.7,0.7001,0.01,0.35
179971.0,0.7,0.7,0.6972,-0.01,-0.38
179972.0,0.7,0.7,0.6987,-0.0,-0.37
179973.0,0.7,0.7,0.7001,0.0,0.34
179974.0,0.7,0.7,0.7023,0.01,0.35
179975.0,0.7,0.7,0.6965,-0.01,-0.38
179976.0,0.7,0.7,0.7001,0.0,0.34
179977.0,0.7,0.7,0.6907,-0.04,-0.41
179978.0,0.7,0.7,0.6987,-0.01,-0.38
179979.0,0.7,0.7,0.6987,-0.01,-0.38
179980.0,0.7,0.7,0.7001,-0.0,-0.37
179981.0,0.7,0.7,0.7023,0.01,0.35
179982.0,0.7,0.7,0.6987,-0.01,-0.38
179983.0,0.7,0.7,0.6965,-0.02,-0.39
179984.0,0.7,0.7,0.6958,-0.02,-0.39
179986.0,0.7,0.7,0.7016,0.0,0.34
179987.0,0.7,0.7,0.7107,0.04,0.38
179988.0,0.7,0.7,0.6943,-0.02,-0.39
179989.0,0.7,0.7,0.7016,0.01,0.35
179990.0,0.7,0.7,0.6943,-0.02,-0.39
179991.0,0.7,0.7,0.7009,0.0,0.34
179992.0,0.7,0.7,0.6907,-0.04,-0.41
179993.0,0.7,0.7,0.7023,0.0,0.34
179994.0,0.7,0.7,0.6976,-0.01,-0.38
179995.0,0.7,0.7,0.7005,-0.0,-0.37
179996.0,0.7,0.7,0.6976,-0.01,-0.38
179997.0,0.7,0.7,0.7023,0.01,0.35
179998.0,0.7,0.7,0.7056,0.02,0.36
179999.0,0.7,0.7,0.6972,-0.01,-0.38
180000.0,-0.7,-0.7,0.6994,5.78,6.12
180002.0,-0.7,-0.7,0.6987,6.24,6.58
180003.0,-0.7,-0.7,0.7001,6.68,7.02
180004.0,-0.7,-0.7,0.7063,7.1,7.44
180005.0,-0.7,-0.7,0.6965,7.42,7.76
180006.0,-0.7,-0.7,0.7023,7.76,8.1
180007.0,-0.7,-0.7,0.6936,8.02,8.36
180008.0,-0.7,-0.7,0.6918,8.28,8.62
180009.0,-0.7,-0.7,0.6849,8.5,8.84
180010.0,-0.7,-0.7,0.6827,8.7,9.04
180011.0,-0.7,-0.7,0.6762,8.88,9.22
180012.0,-0.7,-0.7,0.6711,9.03,9.37
180013.0,-0.7,-0.7,0.6646,9.17,9.51
180015.0,-0.7,-0.7,0.6646,9.31,9.65
180016.0,-0.7,-0.7,0.6813,9.51,9.85
180017.0,-0.7,-0.7,0.6704,9.59,9.93
180018.0,-0.7,-0.7,0.6443,9.59,9.93
180019.0,-0.7,-0.7,0.6367,9.65,9.99
180020.0,-0.7,-0.7,0.6334,9.72,10.06
180021.0,-0.7,-0.7,0.6189,9.73,10.07
180022.0,-0.7,-0.7,0.6153,9.78,10.12
180023.0,-0.7,-0.7,0.6087,9.8,10.14
180024.0,-0.7,-0.7,0.6018,9.82,10.16
180025.0,-0.7,-0.7,0.5978,9.85,10.19
180026.0,-0.7,-0.7,0.5862,9.84,10.18
180028.0,-0.7,-0.7,0.5783,9.83,10.17
180029.0,-0.7,-0.7,0.5746,9.84,10.18
180030.0,-0.7,-0.7,0.5714,9.85,10.19
180031.0,-0.7,-0.7,0.5525,9.78,10.12
180032.0,-0.7,-0.7,0.5449,9.76,10.1
180033.0,-0.7,-0.7,0.538,9.74,10.08
180034.0,-0.7,-0.7,0.5079,9.62,9.96
180035.0,-0.7,-0.7,0.5137,9.63,9.97
180036.0,-0.7,-0.7,0.5079,9.61,9.95
180037.0,-0.7,-0.7,0.4999,9.57,9.91
180038.0,-0.7,-0.7,0.4905,9.52,9.86
180039.0,-0.7,-0.7,0.4796,9.46,9.8
180041.0,-0.7,-0.7,0.4814,9.46,9.8
180042.0,-0.7,-0.7,0.4643,9.38,9.72
180043.0,-0.7,-0.7,0.4564,9.33,9.67
180044.0,-0.7,-0.7,0.4411,9.25,9.59
180045.0,-0.7,-0.7,0.4353,9.2,9.54
180046.0,-0.7,-0.7,0.4208,9.12,9.46
180047.0,-0.7,-0.7,0.4132,9.06,9.4
180048.0,-0.7,-0.7,0.4034,9.0,9.34
180049.0,-0.7,-0.7,0.3932,8.93,9.27
180050.0,-0.7,-0.7,0.3809,8.85,9.19
180051.0,-0.7,-0.7,0.3628,8.75,9.09
180052.0,-0.7,-0.7,0.3678,8.74,9.08
180054.0,-0.7,-0.7,0.349,8.63,8.97
180055.0,-0.7,-0.7,0.3432,8.58,8.92
180056.0,-0.7,-0.7,0.333,8.5,8.84
180057.0,-0.7,-0.7,0.3229,8.43,8.77
180058.0,-0.7,-0.7,0.316,8.37,8.71
180059.0,-0.7,-0.7,0.2873,8.22,8.56
180060.0,-0.7,-0.7,0.2873,8.18,8.52
180061.0,-0.7,-0.7,0.2793,8.12,8.46
180062.0,-0.7,-0.7,0.2699,8.04,8.38
180063.0,-0.7,-0.7,0.2594,7.96,8.3
180064.0,-0.7,-0.7,0.2402,7.85,8.19
180065.0,-0.7,-0.7,0.2351,7.79,8.13
180067.0,-0.7,-0.7,0.2264,7.72,8.06
180068.0,-0.7,-0.7,0.2155,7.64,7.98
180069.0,-0.7,-0.7,0.21,7.58,7.92
180070.0,-0.7,-0.7,0.1944,7.48,7.82
180071.0,-0.7,-0.7,0.1861,7.41,7.75
180072.0,-0.7,-0.7,0.1756,7.33,7.67
180073.0,-0.7,-0.7,0.1625,7.23,7.57
180074.0,-0.7,-0.7,0.1509,7.15,7.49
180075.0,-0.7,-0.7,0.1451,7.09,7.43
180076.0,-0.7,-0.7,0.1306,6.99,7.33
180077.0,-0.7,-0.7,0.1255,6.93,7.27
180078.0,-0.7,-0.7,0.1045,6.81,7.15
180080.0,-0.7,-0.7,0.0965,6.73,7.07
180081.0,-0.7,-0.7,0.0871,6.65,6.99
180082.0,-0.7,-0.7,0.0823,6.59,6.93
180083.0,-0.7,-0.7,0.0667,6.49,6.83
180084.0,-0.7,-0.7,0.0522,6.39,6.73
180085.0,-0.7,-0.7,0.0446,6.32,6.66
180086.0,-0.7,-0.7,0.0319,6.23,6.57
180087.0,-0.7,-0.7,0.0087,6.09,6.43
180088.0,-0.7,-0.7,-0.0036,6.0,6.34
180089.0,-0.7,-0.7,-0.0015,5.96,6.3
180090.0,-0.7,-0.7,-0.0145,5.87,6.21
180091.0,-0.7,-0.7,-0.0196,5.81,6.15
180093.0,-0.7,-0.7,-0.0283,5.73,6.07
180094.0,-0.7,-0.7,-0.037,5.66,6.0
180095.0,-0.7,-0.7,-0.057,5.54,5.88
180096.0,-0.7,-0.7,-0.0697,5.44,5.78
180097.0,-0.7,-0.7,-0.0921,5.31,5.65
180098.0,-0.7,-0.7,-0.0907,5.27,5.61
180099.0,-0.7,-0.7,-0.1038,5.17,5.51
180100.0,-0.7,-0.7,-0.1067,5.12,5.46
180101.0,-0.7,-0.7,-0.1255,5.0,5.34
180102.0,-0.7,-0.7,-0.1357,4.92,5.26
180104.0,-0.7,-0.7,-0.1444,4.84,5.18
180105.0,-0.7,-0.7,-0.1807,4.65,4.99
180106.0,-0.7,-0.7,-0.1676,4.66,5.0
180107.0,-0.7,-0.7,-0.1788,4.57,4.91
180108.0,-0.7,-0.7,-0.1937,4.47,4.81
180109.0,-0.7,-0.7,-0.1995,4.4,4.74
180110.0,-0.7,-0.7,-0.2133,4.3,4.64
180111.0,-0.7,-0.7,-0.222,4.23,4.57
180112.0,-0.7,-0.7,-0.2358,4.13,4.47
180113.0,-0.7,-0.7,-0.2409,4.07,4.41
180115.0,-0.7,-0.7,-0.2496,3.99,4.33
180116.0,-0.7,-0.7,-0.2873,3.8,4.14
180117.0,-0.7,-0.7,-0.2779,3.79,4.13
180118.0,-0.7,-0.7,-0.2888,3.7,4.04
180119.0,-0.7,-0.7,-0.2938,3.64,3.98
180120.0,-0.7,-0.7,-0.3026,3.56,3.9
180121.0,-0.7,-0.7,-0.3153,3.47,3.81
180122.0,-0.7,-0.7,-0.3178,3.42,3.76
180123.0,-0.7,-0.7,-0.3606,3.21,3.55
180124.0,-0.7,-0.7,-0.341,3.24,3.58
180126.0,-0.7,-0.7,-0.3533,3.16,3.5
180127.0,-0.7,-0.7,-0.3599,3.09,3.43
180128.0,-0.7,-0.7,-0.3668,3.03,3.37
180129.0,-0.7,-0.7,-0.3867,2.91,3.25
180130.0,-0.7,-0.7,-0.3878,2.87,3.21
180131.0,-0.7,-0.7,-0.3874,2.83,3.17
180132.0,-0.7,-0.7,-0.4027,2.74,3.08
180133.0,-0.7,-0.7,-0.4107,2.67,3.01
180134.0,-0.7,-0.7,-0.4078,2.65,2.99
180135.0,-0.7,-0.7,-0.4266,2.54,2.88
180137.0,-0.7,-0.7,-0.4353,2.47,2.81
180138.0,-0.7,-0.7,-0.44,2.41,2.75
180139.0,-0.7,-0.7,-0.4535,2.33,2.67
180140.0,-0.7,-0.7,-0.476,2.2,2.54
180141.0,-0.7,-0.7,-0.4702,2.18,2.52
180142.0,-0.7,-0.7,-0.4691,2.16,2.5
180143.0,-0.7,-0.7,-0.481,2.08,2.42
180144.0,-0.7,-0.7,-0.4789,2.05,2.39
180145.0,-0.7,-0.7,-0.4923,1.97,2.31
180146.0,-0.7,-0.7,-0.5014,1.9,2.24
180148.0,-0.7,-0.7,-0.5079,1.85,2.19
180149.0,-0.7,-0.7,-0.5231,1.75,2.09
180150.0,-0.7,-0.7,-0.5246,1.72,2.06
180151.0,-0.7,-0.7,-0.5275,1.68,2.02
180152.0,-0.7,-0.7,-0.5253,1.66,2.0
180153.0,-0.7,-0.7,-0.5456,1.55,1.89
180154.0,-0.7,-0.7,-0.5474,1.51,1.85
180155.0,-0.7,-0.7,-0.5503,1.47,1.81
180156.0,-0.7,-0.7,-0.5598,1.41,1.75
180157.0,-0.7,-0.7,-0.571,1.33,1.67
180159.0,-0.7,-0.7,-0.563,1.34,1.68
180160.0,-0.7,-0.7,-0.5746,1.27,1.61
180161.0,-0.7,-0.7,-0.5891,1.18,1.52
180162.0,-0.7,-0.7,-0.5812,1.19,1.53
180163.0,-0.7,-0.7,-0.592,1.12,1.46
180164.0,-0.7,-0.7,-0.5957,1.08,1.42
180165.0,-0.7,-0.7,-0.6008,1.04,1.38
180166.0,-0.7,-0.7,-0.6044,1.0,1.34
180167.0,-0.7,-0.7,-0.6066,0.97,1.31
180168.0,-0.7,-0.7,-0.6131,0.92,1.26
180170.0,-0.7,-0.7,-0.6142,0.9,1.24
180171.0,-0.7,-0.7,-0.6145,0.87,1.21
180172.0,-0.7,-0.7,-0.6225,0.82,1.16
180173.0,-0.7,-0.7,-0.6363,0.75,1.09
180174.0,-0.7,-0.7,-0.6327,0.74,1.08
180175.0,-0.7,-0.7,-0.6407,0.69,1.03
180176.0,-0.7,-0.7,-0.6385,0.68,1.02
180177.0,-0.7,-0.7,-0.6138,0.76,1.1
180178.0,-0.7,-0.7,-0.6588,0.57,0.91
180179.0,-0.7,-0.7,-0.645,0.6,0.94
180181.0,-0.7,-0.7,-0.666,0.5,0.84
180182.0,-0.7,-0.7,-0.6566,0.52,0.86
180183.0,-0.7,-0.7,-0.6537,0.52,0.86
180184.0,-0.7,-0.7,-0.6617,0.47,0.81
180185.0,-0.7,-0.7,-0.6646,0.44,0.78
180186.0,-0.7,-0.7,-0.6686,0.41,0.75
180187.0,-0.7,-0.7,-0.6726,0.38,0.72
180188.0,-0.7,-0.7,-0.6751,0.36,0.7
180189.0,-0.7,-0.7,-0.6795,0.32,0.66
180190.0,-0.7,-0.7,-0.6838,0.29,0.63
180191.0,-0.7,-0.7,-0.6842,0.27,0.61
180193.0,-0.7,-0.7,-0.6849,0.26,0.6
180194.0,-0.7,-0.7,-0.7012,0.18,0.52
180195.0,-0.7,-0.7,-0.6943,0.19,0.53
180196.0,-0.7,-0.7,-0.6871,0.21,0.55
180197.0,-0.7,-0.7,-0.6936,0.17,0.51
180198.0,-0.7,-0.7,-0.698,0.14,0.48
180199.0,-0.7,-0.7,-0.6947,0.14,0.48
180200.0,-0.7,-0.7,-0.7002,0.11,0.45
180201.0,-0.7,-0.7,-0.7016,0.1,0.44
180202.0,-0.7,-0.7,-0.7045,0.07,0.41
180204.0,-0.7,-0.7,-0.7031,0.07,0.41
180205.0,-0.7,-0.7,-0.6936,0.1,0.44
180206.0,-0.7,-0.7,-0.707,0.04,0.38
180207.0,-0.7,-0.7,-0.711,0.02,0.36
180208.0,-0.7,-0.7,-0.7125,0.0,0.34
180209.0,-0.7,-0.7,-0.719,-0.03,-0.4
180210.0,-0.7,-0.7,-0.711,-0.01,-0.38
180211.0,-0.7,-0.7,-0.707,-0.0,-0.37
180212.0,-0.7,-0.7,-0.7168,-0.05,-0.42
180213.0,-0.7,-0.7,-0.7168,-0.06,-0.43
180215.0,-0.7,-0.7,-0.7161,-0.06,-0.43
180216.0,-0.7,-0.7,-0.7168,-0.07,-0.44
180217.0,-0.7,-0.7,-0.7194,-0.08,-0.45
180218.0,-0.7,-0.7,-0.719,-0.09,-0.46
180219.0,-0.7,-0.7,-0.7226,-0.11,-0.48
180220.0,-0.7,-0.7,-0.7212,-0.11,-0.48
180221.0,-0.7,-0.7,-0.7219,-0.12,-0.49
180222.0,-0.7,-0.7,-0.719,-0.11,-0.48
180224.0,-0.7,-0.7,-0.7187,-0.11,-0.48
180225.0,-0.7,-0.7,-0.723,-0.13,-0.5
180226.0,-0.7,-0.7,-0.7212,-0.13,-0.5
180227.0,-0.7,-0.7,-0.7255,-0.15,-0.52
180228.0,-0.7,-0.7,-0.7226,-0.14,-0.51
180229.0,-0.7,-0.7,-0.7219,-0.14,-0.51
180230.0,-0.7,-0.7,-0.7219,-0.15,-0.52
180231.0,-0.7,-0.7,-0.7234,-0.16,-0.53
180233.0,-0.7,-0.7,-0.723,-0.16,-0.53
180234.0,-0.7,-0.7,-0.7274,-0.18,-0.55
180235.0,-0.7,-0.7,-0.7216,-0.16,-0.53
180236.0,-0.7,-0.7,-0.7197,-0.15,-0.52
180237.0,-0.7,-0.7,-0.727,-0.18,-0.55
180238.0,-0.7,-0.7,-0.7241,-0.17,-0.54
180239.0,-0.7,-0.7,-0.7284,-0.19,-0.56
180240.0,-0.7,-0.7,-0.719,-0.16,-0.53
180242.0,-0.7,-0.7,-0.7343,-0.22,-0.59
180243.0,-0.7,-0.7,-0.7212,-0.17,-0.54
180244.0,-0.7,-0.7,-0.7216,-0.17,-0.54
180245.0,-0.7,-0.7,-0.7197,-0.16,-0.53
180246.0,-0.7,-0.7,-0.7248,-0.18,-0.55
180247.0,-0.7,-0.7,-0.7245,-0.18,-0.55
180248.0,-0.7,-0.7,-0.7245,-0.18,-0.55
180249.0,-0.7,-0.7,-0.7183,-0.16,-0.53
180251.0,-0.7,-0.7,-0.7125,-0.13,-0.5
180252.0,-0.7,-0.7,-0.7183,-0.15,-0.52
180253.0,-0.7,-0.7,-0.7103,-0.12,-0.49
180254.0,-0.7,-0.7,-0.711,-0.12,-0.49
180255.0,-0.7,-0.7,-0.7056,-0.09,-0.46
180256.0,-0.7,-0.7,-0.711,-0.11,-0.48
180257.0,-0.7,-0.7,-0.7139,-0.12,-0.49
180258.0,-0.7,-0.7,-0.7128,-0.12,-0.49
180260.0,-0.7,-0.7,-0.7139,-0.12,-0.49
180261.0,-0.7,-0.7,-0.7125,-0.11,-0.48
180262.0,-0.7,-0.7,-0.7052,-0.08,-0.45
180263.0,-0.7,-0.7,-0.7103,-0.1,-0.47
180264.0,-0.7,-0.7,-0.7107,-0.1,-0.47
180265.0,-0.7,-0.7,-0.7052,-0.08,-0.45
180266.0,-0.7,-0.7,-0.7099,-0.09,-0.46
180267.0,-0.7,-0.7,-0.7118,-0.1,-0.47
180269.0,-0.7,-0.7,-0.7063,-0.07,-0.44
180270.0,-0.7,-0.7,-0.7052,-0.07,-0.44
180271.0,-0.7,-0.7,-0.7081,-0.08,-0.45
180272.0,-0.7,-0.7,-0.7081,-0.08,-0.45
180273.0,-0.7,-0.7,-0.7081,-0.08,-0.45
180274.0,-0.7,-0.7,-0.7045,-0.06,-0.43
180275.0,-0.7,-0.7,-0.7031,-0.05,-0.42
180276.0,-0.7,-0.7,-0.7031,-0.05,-0.42
180278.0,-0.7,-0.7,-0.7023,-0.04,-0.41
180279.0,-0.7,-0.7,-0.6972,-0.02,-0.39
180280.0,-0.7,-0.7,-0.698,-0.02,-0.39
180281.0,-0.7,-0.7,-0.6987,-0.02,-0.39
180282.0,-0.7,-0.7,-0.6994,-0.02,-0.39
180283.0,-0.7,-0.7,-0.6994,-0.02,-0.39
180284.0,-0.7,-0.7,-0.698,-0.01,-0.38
180285.0,-0.7,-0.7,-0.6987,-0.01,-0.38
180287.0,-0.7,-0.7,-0.6893,0.03,0.37
180288.0,-0.7,-0.7,-0.6958,0.01,0.35
180289.0,-0.7,-0.7,-0.6933,0.02,0.36
180290.0,-0.7,-0.7,-0.6972,0.01,0.35
180291.0,-0.7,-0.7,-0.6965,0.01,0.35
180292.0,-0.7,-0.7,-0.711,-0.05,-0.42
180293.0,-0.7,-0.7,-0.6925,0.03,0.37
180294.0,-0.7,-0.7,-0.6936,0.02,0.36
180295.0,-0.7,-0.7,-0.698,0.01,0.35
180296.0,-0.7,-0.7,-0.6965,0.02,0.36
180298.0,-0.7,-0.7,-0.6929,0.03,0.37
180299.0,-0.7,-0.7,-0.6936,0.03,0.37
180300.0,-0.7,-0.7,-0.6777,0.1,0.44
180301.0,-0.7,-0.7,-0.6991,0.02,0.36
180302.0,-0.7,-0.7,-0.6943,0.04,0.38
180303.0,-0.7,-0.7,-0.6922,0.05,0.39
180304.0,-0.7,-0.7,-0.6827,0.09,0.43
180305.0,-0.7,-0.7,-0.6943,0.04,0.38
180306.0,-0.7,-0.7,-0.6983,0.03,0.37
180307.0,-0.7,-0.7,-0.6965,0.03,0.37
180308.0,-0.7,-0.7,-0.6954,0.04,0.38
180310.0,-0.7,-0.7,-0.6911,0.05,0.39
180311.0,-0.7,-0.7,-0.6893,0.06,0.4
180312.0,-0.7,-0.7,-0.6954,0.04,0.38
180313.0,-0.7,-0.7,-0.6933,0.05,0.39
180314.0,-0.7,-0.7,-0.6991,0.02,0.36
180315.0,-0.7,-0.7,-0.706,-0.01,-0.38
180316.0,-0.7,-0.7,-0.6983,0.02,0.36
180317.0,-0.7,-0.7,-0.6929,0.04,0.38
180318.0,-0.7,-0.7,-0.6936,0.04,0.38
180319.0,-0.7,-0.7,-0.6933,0.04,0.38
180321.0,-0.7,-0.7,-0.6885,0.06,0.4
180322.0,-0.7,-0.7,-0.6878,0.07,0.41
180323.0,-0.7,-0.7,-0.6965,0.04,0.38
180324.0,-0.7,-0.7,-0.6954,0.04,0.38
180325.0,-0.7,-0.7,-0.6994,0.02,0.36
180326.0,-0.7,-0.7,-0.7139,-0.04,-0.41
180327.0,-0.7,-0.7,-0.6936,0.04,0.38
180328.0,-0.7,-0.7,-0.7125,-0.04,-0.41
180329.0,-0.7,-0.7,-0.6972,0.02,0.36
180330.0,-0.7,-0.7,-0.7009,0.0,0.34
180332.0,-0.7,-0.7,-0.6951,0.03,0.37
180333.0,-0.7,-0.7,-0.694,0.03,0.37
180334.0,-0.7,-0.7,-0.7012,0.0,0.34
180335.0,-0.7,-0.7,-0.6994,0.01,0.35
180336.0,-0.7,-0.7,-0.6983,0.01,0.35
180337.0,-0.7,-0.7,-0.7002,0.01,0.35
180338.0,-0.7,-0.7,-0.7132,-0.05,-0.42
180339.0,-0.7,-0.7,-0.6751,0.1,0.44
180340.0,-0.7,-0.7,-0.7031,-0.0,-0.37
180341.0,-0.7,-0.7,-0.7041,-0.01,-0.38
180343.0,-0.7,-0.7,-0.6987,0.01,0.35
180344.0,-0.7,-0.7,-0.6994,0.01,0.35
180345.0,-0.7,-0.7,-0.7041,-0.01,-0.38
180346.0,-0.7,-0.7,-0.6998,0.0,0.34
180347.0,-0.7,-0.7,-0.6983,0.01,0.35
180348.0,-0.7,-0.7,-0.6958,0.02,0.36
180349.0,-0.7,-0.7,-0.7038,-0.01,-0.38
180350.0,-0.7,-0.7,-0.7031,-0.01,-0.38
180351.0,-0.7,-0.7,-0.7002,0.0,0.34
180352.0,-0.7,-0.7,-0.7052,-0.02,-0.39
180354.0,-0.7,-0.7,-0.6958,0.02,0.36
180355.0,-0.7,-0.7,-0.707,-0.03,-0.4
180356.0,-0.7,-0.7,-0.7139,-0.06,-0.43
180357.0,-0.7,-0.7,-0.6987,-0.0,-0.37
180358.0,-0.7,-0.7,-0.7103,-0.05,-0.42
180359.0,-0.7,-0.7,-0.7016,-0.01,-0.38
180360.0,-0.7,-0.7,-0.7005,-0.01,-0.38
180361.0,-0.7,-0.7,-0.7023,-0.02,-0.39
180363.0,-0.7,-0.7,-0.7002,-0.01,-0.38
180364.0,-0.7,-0.7,-0.7023,-0.02,-0.39
180365.0,-0.7,-0.7,-0.6994,-0.0,-0.37
180366.0,-0.7,-0.7,-0.7219,-0.1,-0.47
180367.0,-0.7,-0.7,-0.7002,-0.01,-0.38
180368.0,-0.7,-0.7,-0.7034,-0.03,-0.4
180369.0,-0.7,-0.7,-0.7012,-0.02,-0.39
180370.0,-0.7,-0.7,-0.7074,-0.04,-0.41
180371.0,-0.7,-0.7,-0.7041,-0.03,-0.4
180373.0,-0.7,-0.7,-0.702,-0.02,-0.39
180374.0,-0.7,-0.7,-0.7031,-0.03,-0.4
180375.0,-0.7,-0.7,-0.6994,-0.01,-0.38
180376.0,-0.7,-0.7,-0.7009,-0.01,-0.38
180377.0,-0.7,-0.7,-0.7038,-0.03,-0.4
180378.0,-0.7,-0.7,-0.7012,-0.02,-0.39
180379.0,-0.7,-0.7,-0.6936,0.02,0.36
180380.0,-0.7,-0.7,-0.6987,-0.0,-0.37
180382.0,-0.7,-0.7,-0.6965,0.01,0.35
180383.0,-0.7,-0.7,-0.6929,0.02,0.36
180384.0,-0.7,-0.7,-0.6998,-0.0,-0.37
180385.0,-0.7,-0.7,-0.6951,0.02,0.36
180386.0,-0.7,-0.7,-0.6972,0.01,0.35
180387.0,-0.7,-0.7,-0.6972,0.01,0.35
180388.0,-0.7,-0.7,-0.6987,0.01,0.35
180389.0,-0.7,-0.7,-0.7016,-0.0,-0.37
180390.0,-0.7,-0.7,-0.6972,0.01,0.35
180392.0,-0.7,-0.7,-0.7005,0.0,0.34
180393.0,-0.7,-0.7,-0.7081,-0.03,-0.4
180394.0,-0.7,-0.7,-0.6976,0.01,0.35
180395.0,-0.7,-0.7,-0.7023,-0.01,-0.38
180396.0,-0.7,-0.7,-0.6925,0.03,0.37
180397.0,-0.7,-0.7,-0.6951,0.02,0.36
180398.0,-0.7,-0.7,-0.6951,0.02,0.36
180399.0,-0.7,-0.7,-0.6983,0.01,0.35
180400.0,-0.7,-0.7,-0.7031,-0.01,-0.38
180401.0,-0.7,-0.7,-0.698,0.01,0.35
180403.0,-0.7,-0.7,-0.6965,0.02,0.36
180404.0,-0.7,-0.7,-0.7216,-0.08,-0.45
180405.0,-0.7,-0.7,-0.6744,0.1,0.44
180406.0,-0.7,-0.7,-0.6991,0.01,0.35
180407.0,-0.7,-0.7,-0.7002,0.0,0.34
180408.0,-0.7,-0.7,-0.7038,-0.01,-0.38
180409.0,-0.7,-0.7,-0.6958,0.02,0.36
180410.0,-0.7,-0.7,-0.6972,0.02,0.36
180411.0,-0.7,-0.7,-0.698,0.01,0.35
180412.0,-0.7,-0.7,-0.6958,0.02,0.36
180414.0,-0.7,-0.7,-0.6951,0.03,0.37
180415.0,-0.7,-0.7,-0.7023,-0.0,-0.37
180416.0,-0.7,-0.7,-0.6867,0.06,0.4
180417.0,-0.7,-0.7,-0.6951,0.03,0.37
180418.0,-0.7,-0.7,-0.6991,0.01,0.35
180419.0,-0.7,-0.7,-0.6958,0.03,0.37
180420.0,-0.7,-0.7,-0.6954,0.03,0.37
180421.0,-0.7,-0.7,-0.7045,-0.01,-0.38
180422.0,-0.7,-0.7,-0.6965,0.02,0.36
180423.0,-0.7,-0.7,-0.6943,0.03,0.37
180424.0,-0.7,-0.7,-0.6943,0.03,0.37
180426.0,-0.7,-0.7,-0.6954,0.03,0.37
180427.0,-0.7,-0.7,-0.6947,0.03,0.37
180428.0,-0.7,-0.7,-0.6994,0.01,0.35
180429.0,-0.7,-0.7,-0.7023,0.0,0.34
180430.0,-0.7,-0.7,-0.7002,0.01,0.35
180431.0,-0.7,-0.7,-0.6972,0.02,0.36
180432.0,-0.7,-0.7,-0.6987,0.01,0.35
180433.0,-0.7,-0.7,-0.6994,0.01,0.35
180434.0,-0.7,-0.7,-0.6983,0.01,0.35
180435.0,-0.7,-0.7,-0.6991,0.01,0.35
180437.0,-0.7,-0.7,-0.6965,0.02,0.36
180438.0,-0.7,-0.7,-0.715,-0.05,-0.42
180439.0,-0.7,-0.7,-0.7023,-0.01,-0.38
180440.0,-0.7,-0.7,-0.7045,-0.02,-0.39
180441.0,-0.7,-0.7,-0.7031,-0.01,-0.38
180442.0,-0.7,-0.7,-0.7052,-0.02,-0.39
180443.0,-0.7,-0.7,-0.7023,-0.01,-0.38
180444.0,-0.7,-0.7,-0.7052,-0.03,-0.4
180445.0,-0.7,-0.7,-0.7016,-0.01,-0.38
180447.0,-0.7,-0.7,-0.6631,0.15,0.49
180448.0,-0.7,-0.7,-0.7002,0.01,0.35
180449.0,-0.7,-0.7,-0.6994,0.01,0.35
180450.0,-0.7,-0.7,-0.7031,-0.01,-0.38
180451.0,-0.7,-0.7,-0.6922,0.04,0.38
180452.0,-0.7,-0.7,-0.7016,0.0,0.34
180453.0,-0.7,-0.7,-0.7045,-0.01,-0.38
180454.0,-0.7,-0.7,-0.7023,-0.01,-0.38
180455.0,-0.7,-0.7,-0.7081,-0.03,-0.4
180457.0,-0.7,-0.7,-0.7031,-0.01,-0.38
180458.0,-0.7,-0.7,-0.6972,0.01,0.35
180459.0,-0.7,-0.7,-0.6947,0.02,0.36
180460.0,-0.7,-0.7,-0.7002,0.0,0.34
180461.0,-0.7,-0.7,-0.7016,-0.01,-0.38
180462.0,-0.7,-0.7,-0.6962,0.02,0.36
180463.0,-0.7,-0.7,-0.7002,0.0,0.34
180464.0,-0.7,-0.7,-0.7081,-0.03,-0.4
180465.0,-0.7,-0.7,-0.7074,-0.03,-0.4
180466.0,-0.7,-0.7,-0.6991,0.0,0.34
180468.0,-0.7,-0.7,-0.6958,0.01,0.35
180469.0,-0.7,-0.7,-0.7031,-0.01,-0.38
180470.0,-0.7,-0.7,-0.7023,-0.01,-0.38
180471.0,-0.7,-0.7,-0.6965,0.01,0.35
180472.0,-0.7,-0.7,-0.7023,-0.01,-0.38
180473.0,-0.7,-0.7,-0.7002,-0.0,-0.37
180474.0,-0.7,-0.7,-0.6994,0.0,0.34
180475.0,-0.7,-0.7,-0.7132,-0.06,-0.43
180476.0,-0.7,-0.7,-0.6878,0.04,0.38
180478.0,-0.7,-0.7,-0.7052,-0.02,-0.39
180479.0,-0.7,-0.7,-0.6965,0.01,0.35
180480.0,-0.7,-0.7,-0.7009,-0.01,-0.38
180481.0,-0.7,-0.7,-0.7128,-0.05,-0.42
180482.0,-0.7,-0.7,-0.6987,-0.0,-0.37
180483.0,-0.7,-0.7,-0.6918,0.03,0.37
180484.0,-0.7,-0.7,-0.7016,-0.01,-0.38
180485.0,-0.7,-0.7,-0.7023,-0.01,-0.38
180486.0,-0.7,-0.7,-0.698,0.01,0.35
180488.0,-0.7,-0.7,-0.7049,-0.02,-0.39
180489.0,-0.7,-0.7,-0.6958,0.01,0.35
180490.0,-0.7,-0.7,-0.7045,-0.02,-0.39
180491.0,-0.7,-0.7,-0.7045,-0.02,-0.39
180492.0,-0.7,-0.7,-0.7016,-0.01,-0.38
180493.0,-0.7,-0.7,-0.7012,-0.01,-0.38
180494.0,-0.7,-0.7,-0.7031,-0.02,-0.39
180495.0,-0.7,-0.7,-0.706,-0.03,-0.4
180497.0,-0.7,-0.7,-0.6983,0.0,0.34
180498.0,-0.7,-0.7,-0.7067,-0.03,-0.4
180499.0,-0.7,-0.7,-0.7038,-0.02,-0.39
180500.0,-0.7,-0.7,-0.7023,-0.02,-0.39
180501.0,-0.7,-0.7,-0.7081,-0.04,-0.41
180502.0,-0.7,-0.7,-0.7009,-0.01,-0.38
180503.0,-0.7,-0.7,-0.6994,-0.01,-0.38
180504.0,-0.7,-0.7,-0.6987,-0.0,-0.37
180505.0,-0.7,-0.7,-0.7002,-0.01,-0.38
180507.0,-0.7,-0.7,-0.7023,-0.02,-0.39
180508.0,-0.7,-0.7,-0.6998,-0.01,-0.38
180509.0,-0.7,-0.7,-0.7012,-0.01,-0.38
180510.0,-0.7,-0.7,-0.698,0.0,0.34
180511.0,-0.7,-0.7,-0.7023,-0.01,-0.38
180512.0,-0.7,-0.7,-0.6994,-0.0,-0.37
180513.0,-0.7,-0.7,-0.6925,0.03,0.37
180514.0,-0.7,-0.7,-0.6943,0.02,0.36
180515.0,-0.7,-0.7,-0.6951,0.02,0.36
180517.0,-0.7,-0.7,-0.6965,0.02,0.36
180518.0,-0.7,-0.7,-0.698,0.01,0.35
180519.0,-0.7,-0.7,-0.6943,0.03,0.37
180520.0,-0.7,-0.7,-0.6991,0.01,0.35
180521.0,-0.7,-0.7,-0.6987,0.01,0.35
180522.0,-0.7,-0.7,-0.6994,0.01,0.35
180523.0,-0.7,-0.7,-0.7052,-0.02,-0.39
180524.0,-0.7,-0.7,-0.6922,0.03,0.37
180525.0,-0.7,-0.7,-0.7031,-0.01,-0.38
180526.0,-0.7,-0.7,-0.7034,-0.01,-0.38
180528.0,-0.7,-0.7,-0.6936,0.03,0.37
180529.0,-0.7,-0.7,-0.6987,0.01,0.35
180530.0,-0.7,-0.7,-0.6925,0.03,0.37
180531.0,-0.7,-0.7,-0.6962,0.02,0.36
180532.0,-0.7,-0.7,-0.6965,0.02,0.36
180533.0,-0.7,-0.7,-0.6907,0.05,0.39
180534.0,-0.7,-0.7,-0.6991,0.01,0.35
180535.0,-0.7,-0.7,-0.6929,0.04,0.38
180536.0,-0.7,-0.7,-0.6933,0.04,0.38
180537.0,-0.7,-0.7,-0.6954,0.03,0.37
180539.0,-0.7,-0.7,-0.7023,0.0,0.34
180540.0,-0.7,-0.7,-0.6907,0.05,0.39
180541.0,-0.7,-0.7,-0.6965,0.03,0.37
180542.0,-0.7,-0.7,-0.7016,0.01,0.35
180543.0,-0.7,-0.7,-0.6976,0.02,0.36
180544.0,-0.7,-0.7,-0.6983,0.02,0.36
180545.0,-0.7,-0.7,-0.6951,0.03,0.37
180546.0,-0.7,-0.7,-0.6842,0.08,0.42
180547.0,-0.7,-0.7,-0.6965,0.03,0.37
180548.0,-0.7,-0.7,-0.6933,0.04,0.38
180549.0,-0.7,-0.7,-0.6965,0.03,0.37
180551.0,-0.7,-0.7,-0.6867,0.07,0.41
180552.0,-0.7,-0.7,-0.711,-0.03,-0.4
180553.0,-0.7,-0.7,-0.7085,-0.02,-0.39
180554.0,-0.7,-0.7,-0.6965,0.02,0.36
180555.0,-0.7,-0.7,-0.7034,-0.0,-0.37
180556.0,-0.7,-0.7,-0.7031,-0.0,-0.37
180557.0,-0.7,-0.7,-0.6965,0.02,0.36
180558.0,-0.7,-0.7,-0.707,-0.02,-0.39
180559.0,-0.7,-0.7,-0.6925,0.03,0.37
180560.0,-0.7,-0.7,-0.6904,0.05,0.39
180562.0,-0.7,-0.7,-0.6972,0.02,0.36
180563.0,-0.7,-0.7,-0.6994,0.01,0.35
180564.0,-0.7,-0.7,-0.7009,0.0,0.34
180565.0,-0.7,-0.7,-0.7023,-0.0,-0.37
180566.0,-0.7,-0.7,-0.7009,0.0,0.34
180567.0,-0.7,-0.7,-0.7002,0.0,0.34
180568.0,-0.7,-0.7,-0.7023,-0.01,-0.38
180569.0,-0.7,-0.7,-0.7009,-0.0,-0.37
180570.0,-0.7,-0.7,-0.7067,-0.02,-0.39
180572.0,-0.7,-0.7,-0.7078,-0.03,-0.4
180573.0,-0.7,-0.7,-0.7038,-0.02,-0.39
180574.0,-0.7,-0.7,-0.7103,-0.05,-0.42
180575.0,-0.7,-0.7,-0.7023,-0.02,-0.39
180576.0,-0.7,-0.7,-0.7041,-0.02,-0.39
180577.0,-0.7,-0.7,-0.7031,-0.02,-0.39
180578.0,-0.7,-0.7,-0.7023,-0.02,-0.39
180579.0,-0.7,-0.7,-0.7012,-0.01,-0.38
180581.0,-0.7,-0.7,-0.7045,-0.03,-0.4
180582.0,-0.7,-0.7,-0.7089,-0.05,-0.42
180583.0,-0.7,-0.7,-0.7023,-0.02,-0.39
180584.0,-0.7,-0.7,-0.7074,-0.04,-0.41
180585.0,-0.7,-0.7,-0.7012,-0.02,-0.39
180586.0,-0.7,-0.7,-0.7041,-0.03,-0.4
180587.0,-0.7,-0.7,-0.7012,-0.02,-0.39
180588.0,-0.7,-0.7,-0.7009,-0.01,-0.38
180590.0,-0.7,-0.7,-0.7009,-0.01,-0.38
180591.0,-0.7,-0.7,-0.7009,-0.01,-0.38
180592.0,-0.7,-0.7,-0.7038,-0.02,-0.39
180593.0,-0.7,-0.7,-0.7016,-0.02,-0.39
180594.0,-0.7,-0.7,-0.7056,-0.03,-0.4
180595.0,-0.7,-0.7,-0.7052,-0.03,-0.4
180596.0,-0.7,-0.7,-0.7002,-0.01,-0.38
180597.0,-0.7,-0.7,-0.7016,-0.02,-0.39
180598.0,-0.7,-0.7,-0.6976,-0.0,-0.37
180600.0,-0.7,-0.7,-0.7038,-0.02,-0.39
180601.0,-0.7,-0.7,-0.6987,-0.0,-0.37
180602.0,-0.7,-0.7,-0.6958,0.01,0.35
180603.0,-0.7,-0.7,-0.6965,0.01,0.35
180604.0,-0.7,-0.7,-0.6958,0.01,0.35
180605.0,-0.7,-0.7,-0.6947,0.02,0.36
180606.0,-0.7,-0.7,-0.6983,0.01,0.35
180607.0,-0.7,-0.7,-0.6958,0.02,0.36
180608.0,-0.7,-0.7,-0.6929,0.03,0.37
180610.0,-0.7,-0.7,-0.6943,0.03,0.37
180611.0,-0.7,-0.7,-0.6914,0.04,0.38
180612.0,-0.7,-0.7,-0.6965,0.02,0.36
180613.0,-0.7,-0.7,-0.6943,0.03,0.37
180614.0,-0.7,-0.7,-0.7038,-0.01,-0.38
180615.0,-0.7,-0.7,-0.6936,0.03,0.37
180616.0,-0.7,-0.7,-0.6904,0.05,0.39
180617.0,-0.7,-0.7,-0.6954,0.03,0.37
180618.0,-0.7,-0.7,-0.6965,0.03,0.37
180619.0,-0.7,-0.7,-0.6907,0.05,0.39
180621.0,-0.7,-0.7,-0.698,0.02,0.36
180622.0,-0.7,-0.7,-0.7103,-0.03,-0.4
180623.0,-0.7,-0.7,-0.6936,0.04,0.38
180624.0,-0.7,-0.7,-0.6943,0.03,0.37
180625.0,-0.7,-0.7,-0.6972,0.02,0.36
180626.0,-0.7,-0.7,-0.6951,0.03,0.37
180627.0,-0.7,-0.7,-0.7009,0.01,0.35
180628.0,-0.7,-0.7,-0.6972,0.02,0.36
180629.0,-0.7,-0.7,-0.6907,0.05,0.39
180630.0,-0.7,-0.7,-0.7096,-0.03,-0.4
180631.0,-0.7,-0.7,-0.6958,0.03,0.37
180633.0,-0.7,-0.7,-0.6951,0.03,0.37
180634.0,-0.7,-0.7,-0.7009,0.01,0.35
180635.0,-0.7,-0.7,-0.6965,0.02,0.36
180636.0,-0.7,-0.7,-0.6954,0.03,0.37
180637.0,-0.7,-0.7,-0.6951,0.03,0.37
180638.0,-0.7,-0.7,-0.6976,0.02,0.36
180639.0,-0.7,-0.7,-0.6936,0.04,0.38
180640.0,-0.7,-0.7,-0.6987,0.02,0.36
180641.0,-0.7,-0.7,-0.6958,0.03,0.37
180642.0,-0.7,-0.7,-0.6871,0.06,0.4
180643.0,-0.7,-0.7,-0.698,0.02,0.36
180645.0,-0.7,-0.7,-0.6929,0.04,0.38
180646.0,-0.7,-0.7,-0.6987,0.02,0.36
180647.0,-0.7,-0.7,-0.7049,-0.01,-0.38
180648.0,-0.7,-0.7,-0.7012,0.01,0.35
180649.0,-0.7,-0.7,-0.7002,0.01,0.35
180650.0,-0.7,-0.7,-0.6994,0.01,0.35
180651.0,-0.7,-0.7,-0.7027,-0.0,-0.37
180652.0,-0.7,-0.7,-0.7002,0.01,0.35
180653.0,-0.7,-0.7,-0.7031,-0.01,-0.38
180654.0,-0.7,-0.7,-0.7052,-0.02,-0.39
180656.0,-0.7,-0.7,-0.6994,0.0,0.34
180657.0,-0.7,-0.7,-0.7031,-0.01,-0.38
180658.0,-0.7,-0.7,-0.6983,0.01,0.35
180659.0,-0.7,-0.7,-0.7023,-0.01,-0.38
180660.0,-0.7,-0.7,-0.7023,-0.01,-0.38
180661.0,-0.7,-0.7,-0.7038,-0.02,-0.39
180662.0,-0.7,-0.7,-0.7041,-0.02,-0.39
180663.0,-0.7,-0.7,-0.6976,0.01,0.35
180665.0,-0.7,-0.7,-0.7031,-0.01,-0.38
180666.0,-0.7,-0.7,-0.7023,-0.01,-0.38
180667.0,-0.7,-0.7,-0.7012,-0.01,-0.38
180668.0,-0.7,-0.7,-0.7023,-0.01,-0.38
180669.0,-0.7,-0.7,-0.706,-0.03,-0.4
180670.0,-0.7,-0.7,-0.6987,-0.0,-0.37
180671.0,-0.7,-0.7,-0.7023,-0.01,-0.38
180672.0,-0.7,-0.7,-0.7067,-0.03,-0.4
180674.0,-0.7,-0.7,-0.7045,-0.03,-0.4
180675.0,-0.7,-0.7,-0.6958,0.01,0.35
180676.0,-0.7,-0.7,-0.7016,-0.01,-0.38
180677.0,-0.7,-0.7,-0.7027,-0.02,-0.39
180678.0,-0.7,-0.7,-0.6864,0.05,0.39
180679.0,-0.7,-0.7,-0.707,-0.03,-0.4
180680.0,-0.7,-0.7,-0.6925,0.03,0.37
180681.0,-0.7,-0.7,-0.6936,0.03,0.37
180682.0,-0.7,-0.7,-0.7089,-0.03,-0.4
180683.0,-0.7,-0.7,-0.7041,-0.02,-0.39
180685.0,-0.7,-0.7,-0.6998,-0.0,-0.37
180686.0,-0.7,-0.7,-0.7049,-0.02,-0.39
180687.0,-0.7,-0.7,-0.7012,-0.01,-0.38
180688.0,-0.7,-0.7,-0.707,-0.03,-0.4
180689.0,-0.7,-0.7,-0.706,-0.03,-0.4
180690.0,-0.7,-0.7,-0.7009,-0.01,-0.38
180691.0,-0.7,-0.7,-0.6965,0.01,0.35
180692.0,-0.7,-0.7,-0.7023,-0.01,-0.38
180694.0,-0.7,-0.7,-0.7031,-0.02,-0.39
180695.0,-0.7,-0.7,-0.7012,-0.01,-0.38
180696.0,-0.7,-0.7,-0.6987,-0.0,-0.37
180697.0,-0.7,-0.7,-0.7045,-0.02,-0.39
180698.0,-0.7,-0.7,-0.6994,-0.0,-0.37
180699.0,-0.7,-0.7,-0.6965,0.01,0.35
180700.0,-0.7,-0.7,-0.7031,-0.02,-0.39
180701.0,-0.7,-0.7,-0.6958,0.01,0.35
180702.0,-0.7,-0.7,-0.6965,0.01,0.35
180704.0,-0.7,-0.7,-0.698,0.01,0.35
180705.0,-0.7,-0.7,-0.6954,0.02,0.36
180706.0,-0.7,-0.7,-0.7038,-0.01,-0.38
180707.0,-0.7,-0.7,-0.6871,0.05,0.39
180708.0,-0.7,-0.7,-0.6878,0.05,0.39
180709.0,-0.7,-0.7,-0.6987,0.01,0.35
180710.0,-0.7,-0.7,-0.6922,0.04,0.38
180711.0,-0.7,-0.7,-0.7002,0.01,0.35
180712.0,-0.7,-0.7,-0.694,0.03,0.37
180713.0,-0.7,-0.7,-0.7009,0.01,0.35
180714.0,-0.7,-0.7,-0.6969,0.02,0.36
180716.0,-0.7,-0.7,-0.6962,0.02,0.36
180717.0,-0.7,-0.7,-0.6994,0.01,0.35
180718.0,-0.7,-0.7,-0.6983,0.02,0.36
180719.0,-0.7,-0.7,-0.6976,0.02,0.36
180720.0,-0.7,-0.7,-0.6987,0.01,0.35
180721.0,-0.7,-0.7,-0.698,0.02,0.36
180722.0,-0.7,-0.7,-0.7002,0.01,0.35
180723.0,-0.7,-0.7,-0.6983,0.01,0.35
180724.0,-0.7,-0.7,-0.6925,0.04,0.38
180725.0,-0.7,-0.7,-0.698,0.02,0.36
180727.0,-0.7,-0.7,-0.7081,-0.02,-0.39
180728.0,-0.7,-0.7,-0.6987,0.01,0.35
180729.0,-0.7,-0.7,-0.7154,-0.06,-0.43
180730.0,-0.7,-0.7,-0.7031,-0.01,-0.38
180731.0,-0.7,-0.7,-0.7172,-0.07,-0.44
180732.0,-0.7,-0.7,-0.6951,0.01,0.35
180733.0,-0.7,-0.7,-0.7009,-0.01,-0.38
180734.0,-0.7,-0.7,-0.7016,-0.01,-0.38
180735.0,-0.7,-0.7,-0.7052,-0.03,-0.4
180737.0,-0.7,-0.7,-0.6835,0.06,0.4
180738.0,-0.7,-0.7,-0.6748,0.1,0.44
180739.0,-0.7,-0.7,-0.7031,-0.0,-0.37
180740.0,-0.7,-0.7,-0.7016,0.0,0.34
180741.0,-0.7,-0.7,-0.6998,0.01,0.35
180742.0,-0.7,-0.7,-0.6943,0.03,0.37
180743.0,-0.7,-0.7,-0.6998,0.01,0.35
180744.0,-0.7,-0.7,-0.7009,0.0,0.34
180745.0,-0.7,-0.7,-0.6907,0.04,0.38
180746.0,-0.7,-0.7,-0.6965,0.02,0.36
180748.0,-0.7,-0.7,-0.6907,0.05,0.39
180749.0,-0.7,-0.7,-0.694,0.04,0.38
180750.0,-0.7,-0.7,-0.7016,0.01,0.35
180751.0,-0.7,-0.7,-0.7016,0.0,0.34
180752.0,-0.7,-0.7,-0.7002,0.01,0.35
180753.0,-0.7,-0.7,-0.6998,0.01,0.35
180754.0,-0.7,-0.7,-0.6936,0.03,0.37
180755.0,-0.7,-0.7,-0.7023,-0.0,-0.37
180756.0,-0.7,-0.7,-0.7031,-0.01,-0.38
180757.0,-0.7,-0.7,-0.6965,0.02,0.36
180759.0,-0.7,-0.7,-0.7023,-0.0,-0.37
180760.0,-0.7,-0.7,-0.7016,-0.0,-0.37
180761.0,-0.7,-0.7,-0.7031,-0.01,-0.38
180762.0,-0.7,-0.7,-0.7031,-0.01,-0.38
180763.0,-0.7,-0.7,-0.6943,0.02,0.36
180764.0,-0.7,-0.7,-0.7041,-0.01,-0.38
180765.0,-0.7,-0.7,-0.7052,-0.02,-0.39
180766.0,-0.7,-0.7,-0.7012,-0.01,-0.38
180767.0,-0.7,-0.7,-0.7074,-0.03,-0.4
180769.0,-0.7,-0.7,-0.7031,-0.02,-0.39
180770.0,-0.7,-0.7,-0.6958,0.01,0.35
180771.0,-0.7,-0.7,-0.6965,0.01,0.35
180772.0,-0.7,-0.7,-0.7002,-0.0,-0.37
180773.0,-0.7,-0.7,-0.6943,0.02,0.36
180774.0,-0.7,-0.7,-0.6907,0.04,0.38
180775.0,-0.7,-0.7,-0.6733,0.11,0.45
180776.0,-0.7,-0.7,-0.6998,0.01,0.35
180777.0,-0.7,-0.7,-0.702,0.0,0.34
180778.0,-0.7,-0.7,-0.7027,-0.0,-0.37
180780.0,-0.7,-0.7,-0.7031,-0.0,-0.37
180781.0,-0.7,-0.7,-0.7023,-0.0,-0.37
180782.0,-0.7,-0.7,-0.7002,0.0,0.34
180783.0,-0.7,-0.7,-0.706,-0.02,-0.39
180784.0,-0.7,-0.7,-0.7002,0.0,0.34
180785.0,-0.7,-0.7,-0.6983,0.01,0.35
180786.0,-0.7,-0.7,-0.7041,-0.01,-0.38
180787.0,-0.7,-0.7,-0.7031,-0.01,-0.38
180788.0,-0.7,-0.7,-0.7056,-0.02,-0.39
180790.0,-0.7,-0.7,-0.7038,-0.02,-0.39
180791.0,-0.7,-0.7,-0.7016,-0.01,-0.38
180792.0,-0.7,-0.7,-0.6943,0.02,0.36
180793.0,-0.7,-0.7,-0.7023,-0.01,-0.38
180794.0,-0.7,-0.7,-0.706,-0.03,-0.4
180795.0,-0.7,-0.7,-0.7012,-0.01,-0.38
180796.0,-0.7,-0.7,-0.6943,0.02,0.36
180797.0,-0.7,-0.7,-0.7023,-0.01,-0.38
180799.0,-0.7,-0.7,-0.7016,-0.01,-0.38
180800.0,-0.7,-0.7,-0.6983,0.0,0.34
180801.0,-0.7,-0.7,-0.7063,-0.03,-0.4
180802.0,-0.7,-0.7,-0.6972,0.01,0.35
180803.0,-0.7,-0.7,-0.6994,-0.0,-0.37
180804.0,-0.7,-0.7,-0.7154,-0.07,-0.44
180805.0,-0.7,-0.7,-0.7038,-0.02,-0.39
180806.0,-0.7,-0.7,-0.706,-0.03,-0.4
180807.0,-0.7,-0.7,-0.7034,-0.02,-0.39
180809.0,-0.7,-0.7,-0.7045,-0.03,-0.4
180810.0,-0.7,-0.7,-0.7012,-0.02,-0.39
180811.0,-0.7,-0.7,-0.7052,-0.03,-0.4
180812.0,-0.7,-0.7,-0.7045,-0.03,-0.4
180813.0,-0.7,-0.7,-0.6922,0.02,0.36
180814.0,-0.7,-0.7,-0.6965,0.01,0.35
180815.0,-0.7,-0.7,-0.6987,-0.0,-0.37
180816.0,-0.7,-0.7,-0.6911,0.03,0.37
180817.0,-0.7,-0.7,-0.6943,0.02,0.36
180819.0,-0.7,-0.7,-0.7009,-0.0,-0.37
180820.0,-0.7,-0.7,-0.6856,0.06,0.4
180821.0,-0.7,-0.7,-0.706,-0.02,-0.39
180822.0,-0.7,-0.7,-0.7016,-0.0,-0.37
180823.0,-0.7,-0.7,-0.6936,0.03,0.37
180824.0,-0.7,-0.7,-0.7031,-0.01,-0.38
180825.0,-0.7,-0.7,-0.6991,0.01,0.35
180826.0,-0.7,-0.7,-0.7045,-0.02,-0.39
180827.0,-0.7,-0.7,-0.6972,0.01,0.35
180828.0,-0.7,-0.7,-0.6954,0.02,0.36
180830.0,-0.7,-0.7,-0.7002,0.0,0.34
180831.0,-0.7,-0.7,-0.6929,0.03,0.37
180832.0,-0.7,-0.7,-0.7016,-0.0,-0.37
180833.0,-0.7,-0.7,-0.6951,0.02,0.36
180834.0,-0.7,-0.7,-0.6769,0.1,0.44
180835.0,-0.7,-0.7,-0.6991,0.02,0.36
180836.0,-0.7,-0.7,-0.7168,-0.06,-0.43
180837.0,-0.7,-0.7,-0.6994,0.01,0.35
180838.0,-0.7,-0.7,-0.6994,0.01,0.35
180839.0,-0.7,-0.7,-0.7016,-0.0,-0.37
180841.0,-0.7,-0.7,-0.6965,0.02,0.36
180842.0,-0.7,-0.7,-0.6947,0.03,0.37
180843.0,-0.7,-0.7,-0.698,0.01,0.35
180844.0,-0.7,-0.7,-0.6998,0.01,0.35
180845.0,-0.7,-0.7,-0.6951,0.03,0.37
180846.0,-0.7,-0.7,-0.6994,0.01,0.35
180847.0,-0.7,-0.7,-0.6965,0.02,0.36
180848.0,-0.7,-0.7,-0.6936,0.03,0.37
180849.0,-0.7,-0.7,-0.6972,0.02,0.36
180850.0,-0.7,-0.7,-0.6983,0.02,0.36
180852.0,-0.7,-0.7,-0.6943,0.03,0.37
180853.0,-0.7,-0.7,-0.6947,0.03,0.37
180854.0,-0.7,-0.7,-0.6914,0.05,0.39
180855.0,-0.7,-0.7,-0.6994,0.01,0.35
180856.0,-0.7,-0.7,-0.6965,0.03,0.37
180857.0,-0.7,-0.7,-0.7226,-0.08,-0.45
180858.0,-0.7,-0.7,-0.6972,0.01,0.35
180859.0,-0.7,-0.7,-0.7023,-0.01,-0.38
180860.0,-0.7,-0.7,-0.7002,0.0,0.34
180861.0,-0.7,-0.7,-0.7012,-0.0,-0.37
180863.0,-0.7,-0.7,-0.6994,0.0,0.34
180864.0,-0.7,-0.7,-0.7023,-0.01,-0.38
180865.0,-0.7,-0.7,-0.7031,-0.01,-0.38
180866.0,-0.7,-0.7,-0.6965,0.01,0.35
180867.0,-0.7,-0.7,-0.6994,0.0,0.34
180868.0,-0.7,-0.7,-0.6954,0.02,0.36
180869.0,-0.7,-0.7,-0.7031,-0.01,-0.38
180870.0,-0.7,-0.7,-0.7031,-0.01,-0.38
180871.0,-0.7,-0.7,-0.7023,-0.01,-0.38
180873.0,-0.7,-0.7,-0.7081,-0.03,-0.4
180874.0,-0.7,-0.7,-0.7038,-0.02,-0.39
180875.0,-0.7,-0.7,-0.7023,-0.01,-0.38
180876.0,-0.7,-0.7,-0.7023,-0.01,-0.38
180877.0,-0.7,-0.7,-0.6838,0.06,0.4
180878.0,-0.7,-0.7,-0.7002,0.0,0.34
180879.0,-0.7,-0.7,-0.702,-0.01,-0.38
180880.0,-0.7,-0.7,-0.6991,0.0,0.34
180881.0,-0.7,-0.7,-0.7031,-0.01,-0.38
180883.0,-0.7,-0.7,-0.694,0.02,0.36
180884.0,-0.7,-0.7,-0.702,-0.01,-0.38
180885.0,-0.7,-0.7,-0.686,0.06,0.4
180886.0,-0.7,-0.7,-0.7154,-0.06,-0.43
180887.0,-0.7,-0.7,-0.6991,0.0,0.34
180888.0,-0.7,-0.7,-0.7012,-0.01,-0.38
180889.0,-0.7,-0.7,-0.7012,-0.01,-0.38
180890.0,-0.7,-0.7,-0.7038,-0.02,-0.39
180891.0,-0.7,-0.7,-0.6929,0.03,0.37
180893.0,-0.7,-0.7,-0.7038,-0.02,-0.39
180894.0,-0.7,-0.7,-0.7031,-0.01,-0.38
180895.0,-0.7,-0.7,-0.7038,-0.02,-0.39
180896.0,-0.7,-0.7,-0.7045,-0.02,-0.39
180897.0,-0.7,-0.7,-0.7067,-0.03,-0.4
180898.0,-0.7,-0.7,-0.6994,-0.0,-0.37
180899.0,-0.7,-0.7,-0.698,0.0,0.34
180900.0,-0.7,-0.7,-0.7041,-0.02,-0.39
180901.0,-0.7,-0.7,-0.7002,-0.01,-0.38
180903.0,-0.7,-0.7,-0.7016,-0.01,-0.38
180904.0,-0.7,-0.7,-0.7031,-0.02,-0.39
180905.0,-0.7,-0.7,-0.7041,-0.02,-0.39
180906.0,-0.7,-0.7,-0.6969,0.01,0.35
180907.0,-0.7,-0.7,-0.702,-0.01,-0.38
180908.0,-0.7,-0.7,-0.7031,-0.02,-0.39
180909.0,-0.7,-0.7,-0.7023,-0.02,-0.39
180910.0,-0.7,-0.7,-0.7016,-0.01,-0.38
180912.0,-0.7,-0.7,-0.6987,-0.0,-0.37
180913.0,-0.7,-0.7,-0.7041,-0.02,-0.39
180914.0,-0.7,-0.7,-0.7067,-0.03,-0.4
180915.0,-0.7,-0.7,-0.6994,-0.01,-0.38
180916.0,-0.7,-0.7,-0.6972,0.0,0.34
180917.0,-0.7,-0.7,-0.698,0.0,0.34
180918.0,-0.7,-0.7,-0.7012,-0.01,-0.38
180919.0,-0.7,-0.7,-0.7012,-0.01,-0.38
180920.0,-0.7,-0.7,-0.6954,0.01,0.35
180922.0,-0.7,-0.7,-0.6987,0.0,0.34
180923.0,-0.7,-0.7,-0.698,0.01,0.35
180924.0,-0.7,-0.7,-0.6954,0.02,0.36
180925.0,-0.7,-0.7,-0.698,0.01,0.35
180926.0,-0.7,-0.7,-0.6976,0.01,0.35
180927.0,-0.7,-0.7,-0.6334,0.28,0.62
180928.0,-0.7,-0.7,-0.6983,0.03,0.37
180929.0,-0.7,-0.7,-0.6972,0.03,0.37
180930.0,-0.7,-0.7,-0.7045,0.0,0.34
180931.0,-0.7,-0.7,-0.6972,0.03,0.37
180933.0,-0.7,-0.7,-0.6965,0.03,0.37
180934.0,-0.7,-0.7,-0.6972,0.03,0.37
180935.0,-0.7,-0.7,-0.7005,0.01,0.35
180936.0,-0.7,-0.7,-0.6991,0.02,0.36
180937.0,-0.7,-0.7,-0.7063,-0.01,-0.38
180938.0,-0.7,-0.7,-0.6965,0.02,0.36
180939.0,-0.7,-0.7,-0.7052,-0.01,-0.38
180940.0,-0.7,-0.7,-0.7023,-0.0,-0.37
180941.0,-0.7,-0.7,-0.6976,0.02,0.36
180943.0,-0.7,-0.7,-0.7052,-0.01,-0.38
180944.0,-0.7,-0.7,-0.6965,0.02,0.36
180945.0,-0.7,-0.7,-0.7114,-0.04,-0.41
180946.0,-0.7,-0.7,-0.6958,0.02,0.36
180947.0,-0.7,-0.7,-0.6972,0.01,0.35
180948.0,-0.7,-0.7,-0.7002,0.0,0.34
180949.0,-0.7,-0.7,-0.69,0.04,0.38
180950.0,-0.7,-0.7,-0.698,0.01,0.35
180951.0,-0.7,-0.7,-0.6878,0.06,0.4
180952.0,-0.7,-0.7,-0.6936,0.04,0.38
180953.0,-0.7,-0.7,-0.6987,0.02,0.36
180955.0,-0.7,-0.7,-0.6994,0.01,0.35
180956.0,-0.7,-0.7,-0.6965,0.02,0.36
180957.0,-0.7,-0.7,-0.7005,0.01,0.35
180958.0,-0.7,-0.7,-0.6987,0.01,0.35
180959.0,-0.7,-0.7,-0.6983,0.02,0.36
180960.0,-0.7,-0.7,-0.6965,0.02,0.36
180961.0,-0.7,-0.7,-0.6936,0.04,0.38
180962.0,-0.7,-0.7,-0.6987,0.02,0.36
180963.0,-0.7,-0.7,-0.698,0.02,0.36
180964.0,-0.7,-0.7,-0.7009,0.01,0.35
180965.0,-0.7,-0.7,-0.6958,0.03,0.37
180967.0,-0.7,-0.7,-0.7161,-0.06,-0.43
180968.0,-0.7,-0.7,-0.7023,-0.01,-0.38
180969.0,-0.7,-0.7,-0.7016,-0.0,-0.37
180970.0,-0.7,-0.7,-0.7023,-0.01,-0.38
180971.0,-0.7,-0.7,-0.6994,0.0,0.34
180972.0,-0.7,-0.7,-0.7081,-0.03,-0.4
180973.0,-0.7,-0.7,-0.7016,-0.01,-0.38
180974.0,-0.7,-0.7,-0.6954,0.02,0.36
180975.0,-0.7,-0.7,-0.7041,-0.02,-0.39
180977.0,-0.7,-0.7,-0.7009,-0.01,-0.38
180978.0,-0.7,-0.7,-0.6602,0.16,0.5
180979.0,-0.7,-0.7,-0.6885,0.06,0.4
180980.0,-0.7,-0.7,-0.7002,0.01,0.35
180981.0,-0.7,-0.7,-0.7002,0.01,0.35
180982.0,-0.7,-0.7,-0.6987,0.02,0.36
180983.0,-0.7,-0.7,-0.7067,-0.02,-0.39
180984.0,-0.7,-0.7,-0.7016,0.0,0.34
180985.0,-0.7,-0.7,-0.6972,0.02,0.36
180986.0,-0.7,-0.7,-0.6914,0.04,0.38
180988.0,-0.7,-0.7,-0.7052,-0.01,-0.38
180989.0,-0.7,-0.7,-0.7023,-0.0,-0.37
180990.0,-0.7,-0.7,-0.6976,0.02,0.36
180991.0,-0.7,-0.7,-0.7052,-0.02,-0.39
180992.0,-0.7,-0.7,-0.7031,-0.01,-0.38
180993.0,-0.7,-0.7,-0.702,-0.01,-0.38
180994.0,-0.7,-0.7,-0.7034,-0.01,-0.38
180995.0,-0.7,-0.7,-0.7005,-0.0,-0.37
180997.0,-0.7,-0.7,-0.7031,-0.01,-0.38
180998.0,-0.7,-0.7,-0.7034,-0.02,-0.39
180999.0,-0.7,-0.7,-0.7038,-0.02,-0.39
181000.0,0.7,0.7,-0.707,-5.81,-6.18
181001.0,0.7,0.7,-0.7005,-6.26,-6.63
181002.0,0.7,0.7,-0.7002,-6.69,-7.06
181003.0,0.7,0.7,-0.7041,-7.09,-7.46
181004.0,0.7,0.7,-0.7012,-7.44,-7.81
181005.0,0.7,0.7,-0.7002,-7.76,-8.13
181007.0,0.7,0.7,-0.6983,-8.05,-8.42
181008.0,0.7,0.7,-0.6936,-8.3,-8.67
181009.0,0.7,0.7,-0.6871,-8.51,-8.88
181010.0,0.7,0.7,-0.6813,-8.71,-9.08
181011.0,0.7,0.7,-0.6751,-8.88,-9.25
181012.0,0.7,0.7,-0.6777,-9.06,-9.43
181013.0,0.7,0.7,-0.6711,-9.2,-9.57
181014.0,0.7,0.7,-0.6606,-9.3,-9.67
181015.0,0.7,0.7,-0.6726,-9.48,-9.85
181016.0,0.7,0.7,-0.6486,-9.5,-9.87
181018.0,0.7,0.7,-0.6436,-9.58,-9.95
181019.0,0.7,0.7,-0.6374,-9.65,-10.02
181020.0,0.7,0.7,-0.6312,-9.71,-10.08
181021.0,0.7,0.7,-0.6254,-9.75,-10.12
181022.0,0.7,0.7,-0.6153,-9.78,-10.15
181023.0,0.7,0.7,-0.6124,-9.82,-10.19
181024.0,0.7,0.7,-0.5993,-9.81,-10.18
181025.0,0.7,0.7,-0.592,-9.82,-10.19
181026.0,0.7,0.7,-0.5862,-9.83,-10.2
181027.0,0.7,0.7,-0.5667,-9.78,-10.15
181029.0,0.7,0.7,-0.5601,-9.77,-10.14
181030.0,0.7,0.7,-0.5594,-9.79,-10.16
181031.0,0.7,0.7,-0.5296,-9.68,-10.05
181032.0,0.7,0.7,-0.5405,-9.72,-10.09
181033.0,0.7,0.7,-0.5246,-9.66,-10.03
181034.0,0.7,0.7,-0.5209,-9.65,-10.02
181035.0,0.7,0.7,-0.5101,-9.6,-9.97
181036.0,0.7,0.7,-0.501,-9.56,-9.93
181037.0,0.7,0.7,-0.4934,-9.52,-9.89
181038.0,0.7,0.7,-0.4767,-9.44,-9.81
181040.0,0.7,0.7,-0.4731,-9.42,-9.79
181041.0,0.7,0.7,-0.4607,-9.35,-9.72
181042.0,0.7,0.7,-0.4535,-9.3,-9.67
181043.0,0.7,0.7,-0.4487,-9.27,-9.64
181044.0,0.7,0.7,-0.4332,-9.18,-9.55
181045.0,0.7,0.7,-0.4215,-9.12,-9.49
181046.0,0.7,0.7,-0.4172,-9.07,-9.44
181047.0,0.7,0.7,-0.4005,-8.98,-9.35
181048.0,0.7,0.7,-0.3889,-8.91,-9.28
181049.0,0.7,0.7,-0.3773,-8.83,-9.2
181051.0,0.7,0.7,-0.3715,-8.78,-9.15
181052.0,0.7,0.7,-0.3584,-8.7,-9.07
181053.0,0.7,0.7,-0.3504,-8.63,-9.0
181054.0,0.7,0.7,-0.3359,-8.54,-8.91
181055.0,0.7,0.7,-0.3308,-8.49,-8.86
181056.0,0.7,0.7,-0.3221,-8.42,-8.79
181057.0,0.7,0.7,-0.325,-8.4,-8.77
181058.0,0.7,0.7,-0.2982,-8.26,-8.63
181059.0,0.7,0.7,-0.2808,-8.16,-8.53
181060.0,0.7,0.7,-0.275,-8.1,-8.47
181062.0,0.7,0.7,-0.263,-8.01,-8.38
181063.0,0.7,0.7,-0.2706,-8.01,-8.38
181064.0,0.7,0.7,-0.2387,-7.84,-8.21
181065.0,0.7,0.7,-0.2293,-7.77,-8.14
181066.0,0.7,0.7,-0.2242,-7.71,-8.08
181067.0,0.7,0.7,-0.209,-7.61,-7.98
181068.0,0.7,0.7,-0.1973,-7.52,-7.89
181069.0,0.7,0.7,-0.1879,-7.44,-7.81
181070.0,0.7,0.7,-0.1676,-7.32,-7.69
181071.0,0.7,0.7,-0.1676,-7.28,-7.65
181073.0,0.7,0.7,-0.1524,-7.18,-7.55
181074.0,0.7,0.7,-0.14,-7.09,-7.46
181075.0,0.7,0.7,-0.1364,-7.03,-7.4
181076.0,0.7,0.7,-0.1237,-6.94,-7.31
181077.0,0.7,0.7,-0.1161,-6.87,-7.24
181078.0,0.7,0.7,-0.098,-6.76,-7.13
181079.0,0.7,0.7,-0.0842,-6.66,-7.03
181080.0,0.7,0.7,-0.0747,-6.58,-6.95
181081.0,0.7,0.7,-0.0385,-6.39,-6.76
181082.0,0.7,0.7,-0.058,-6.42,-6.79
181084.0,0.7,0.7,-0.045,-6.32,-6.69
181085.0,0.7,0.7,-0.0316,-6.23,-6.6
181086.0,0.7,0.7,-0.0232,-6.15,-6.52
181087.0,0.7,0.7,-0.0094,-6.06,-6.43
181088.0,0.7,0.7,0.0007,-5.97,-6.34
181089.0,0.7,0.7,0.0123,-5.89,-6.26
181090.0,0.7,0.7,0.0276,-5.78,-6.15
181091.0,0.7,0.7,0.0305,-5.73,-6.1
181092.0,0.7,0.7,0.0472,-5.62,-5.99
181093.0,0.7,0.7,0.0609,-5.52,-5.89
181094.0,0.7,0.7,0.0675,-5.45,-5.82
181095.0,0.7,0.7,0.0758,-5.38,-5.75
181097.0,0.7,0.7,0.0914,-5.27,-5.64
181098.0,0.7,0.7,0.0987,-5.2,-5.57
181099.0,0.7,0.7,0.1139,-5.1,-5.47
181100.0,0.7,0.7,0.1197,-5.03,-5.4
181101.0,0.7,0.7,0.136,-4.92,-5.29
181102.0,0.7,0.7,0.1451,-4.84,-5.21
181103.0,0.7,0.7,0.1553,-4.76,-5.13
181104.0,0.7,0.7,0.1661,-4.67,-5.04
181105.0,0.7,0.7,0.1741,-4.6,-4.97
181106.0,0.7,0.7,0.1937,-4.48,-4.85
181107.0,0.7,0.7,0.1984,-4.42,-4.79
181108.0,0.7,0.7,0.2031,-4.36,-4.73
181110.0,0.7,0.7,0.2358,-4.18,-4.55
181111.0,0.7,0.7,0.2285,-4.17,-4.54
181112.0,0.7,0.7,0.2376,-4.09,-4.46
181113.0,0.7,0.7,0.2521,-3.99,-4.36
181114.0,0.7,0.7,0.259,-3.92,-4.29
181115.0,0.7,0.7,0.2728,-3.82,-4.19
181116.0,0.7,0.7,0.2764,-3.77,-4.14
181117.0,0.7,0.7,0.2873,-3.69,-4.06
181118.0,0.7,0.7,0.3105,-3.55,-3.92
181119.0,0.7,0.7,0.3065,-3.53,-3.9
181120.0,0.7,0.7,0.32,-3.43,-3.8
181121.0,0.7,0.7,0.3258,-3.37,-3.74
181123.0,0.7,0.7,0.3566,-3.21,-3.58
181124.0,0.7,0.7,0.3537,-3.17,-3.54
181125.0,0.7,0.7,0.3584,-3.11,-3.48
181126.0,0.7,0.7,0.3715,-3.02,-3.39
181127.0,0.7,0.7,0.3737,-2.98,-3.35
181128.0,0.7,0.7,0.3831,-2.9,-3.27
181129.0,0.7,0.7,0.3889,-2.84,-3.21
181130.0,0.7,0.7,0.4034,-2.75,-3.12
181131.0,0.7,0.7,0.4132,-2.67,-3.04
181132.0,0.7,0.7,0.4186,-2.61,-2.98
181133.0,0.7,0.7,0.4201,-2.57,-2.94
181134.0,0.7,0.7,0.4317,-2.49,-2.86
181136.0,0.7,0.7,0.4393,-2.43,-2.8
181137.0,0.7,0.7,0.4469,-2.36,-2.73
181138.0,0.7,0.7,0.4571,-2.29,-2.66
181139.0,0.7,0.7,0.4629,-2.23,-2.6
181140.0,0.7,0.7,0.4745,-2.15,-2.52
181141.0,0.7,0.7,0.476,-2.11,-2.48
181142.0,0.7,0.7,0.4781,-2.07,-2.44
181143.0,0.7,0.7,0.4897,-1.99,-2.36
181144.0,0.7,0.7,0.497,-1.93,-2.3
181145.0,0.7,0.7,0.5042,-1.87,-2.24
181146.0,0.7,0.7,0.513,-1.81,-2.18
181147.0,0.7,0.7,0.5188,-1.76,-2.13
181149.0,0.7,0.7,0.5115,-1.76,-2.13
181150.0,0.7,0.7,0.5311,-1.65,-2.02
181151.0,0.7,0.7,0.5351,-1.61,-1.98
181152.0,0.7,0.7,0.5362,-1.57,-1.94
181153.0,0.7,0.7,0.5463,-1.51,-1.88
181154.0,0.7,0.7,0.5558,-1.44,-1.81
181155.0,0.7,0.7,0.5514,-1.43,-1.8
181156.0,0.7,0.7,0.5612,-1.37,-1.74
181157.0,0.7,0.7,0.5703,-1.31,-1.68
181158.0,0.7,0.7,0.5728,-1.27,-1.64
181159.0,0.7,0.7,0.5833,-1.2,-1.57
181161.0,0.7,0.7,0.5891,-1.15,-1.52
181162.0,0.7,0.7,0.5935,-1.11,-1.48
181163.0,0.7,0.7,0.5862,-1.12,-1.49
181164.0,0.7,0.7,0.5986,-1.05,-1.42
181165.0,0.7,0.7,0.6,-1.02,-1.39
181166.0,0.7,0.7,0.6095,-0.96,-1.33
181167.0,0.7,0.7,0.6131,-0.92,-1.29
181168.0,0.7,0.7,0.6189,-0.88,-1.25
181169.0,0.7,0.7,0.6015,-0.93,-1.3
181170.0,0.7,0.7,0.628,-0.81,-1.18
181171.0,0.7,0.7,0.6276,-0.79,-1.16
181172.0,0.7,0.7,0.6363,-0.73,-1.1
181173.0,0.7,0.7,0.628,-0.74,-1.11
181175.0,0.7,0.7,0.6407,-0.68,-1.05
181176.0,0.7,0.7,0.645,-0.64,-1.01
181177.0,0.7,0.7,0.6443,-0.62,-0.99
181178.0,0.7,0.7,0.653,-0.57,-0.94
181179.0,0.7,0.7,0.6537,-0.55,-0.92
181180.0,0.7,0.7,0.653,-0.54,-0.91
181181.0,0.7,0.7,0.6617,-0.49,-0.86
181182.0,0.7,0.7,0.6639,-0.46,-0.83
181183.0,0.7,0.7,0.6646,-0.44,-0.81
181184.0,0.7,0.7,0.6686,-0.41,-0.78
181185.0,0.7,0.7,0.6718,-0.38,-0.75
181186.0,0.7,0.7,0.6849,-0.31,-0.68
181188.0,0.7,0.7,0.6769,-0.33,-0.7
181189.0,0.7,0.7,0.6798,-0.31,-0.68
181190.0,0.7,0.7,0.6856,-0.27,-0.64
181191.0,0.7,0.7,0.6871,-0.25,-0.62
181192.0,0.7,0.7,0.6856,-0.24,-0.61
181193.0,0.7,0.7,0.6929,-0.2,-0.57
181194.0,0.7,0.7,0.6936,-0.18,-0.55
181195.0,0.7,0.7,0.6947,-0.17,-0.54
181196.0,0.7,0.7,0.6936,-0.16,-0.53
181197.0,0.7,0.7,0.6991,-0.13,-0.5
181198.0,0.7,0.7,0.6994,-0.12,-0.49
181199.0,0.7,0.7,0.6965,-0.12,-0.49
181201.0,0.7,0.7,0.703,-0.08,-0.45
181202.0,0.7,0.7,0.7052,-0.06,-0.43
181203.0,0.7,0.7,0.706,-0.05,-0.42
181204.0,0.7,0.7,0.7052,-0.05,-0.42
181205.0,0.7,0.7,0.711,-0.01,-0.38
181206.0,0.7,0.7,0.7118,-0.0,-0.37
181207.0,0.7,0.7,0.7154,0.02,0.36
181208.0,0.7,0.7,0.7237,0.06,0.4
181209.0,0.7,0.7,0.7139,0.04,0.38
181210.0,0.7,0.7,0.7179,0.06,0.4
181211.0,0.7,0.7,0.7176,0.06,0.4
181212.0,0.7,0.7,0.7197,0.08,0.42
181213.0,0.7,0.7,0.7205,0.09,0.43
181214.0,0.7,0.7,0.7408,0.18,0.52
181215.0,0.7,0.7,0.7176,0.1,0.44
181216.0,0.7,0.7,0.7255,0.13,0.47
181217.0,0.7,0.7,0.7226,0.13,0.47
181219.0,0.7,0.7,0.7255,0.14,0.48
181220.0,0.7,0.7,0.7263,0.15,0.49
181221.0,0.7,0.7,0.7324,0.18,0.52
181222.0,0.7,0.7,0.7226,0.15,0.49
181223.0,0.7,0.7,0.7255,0.16,0.5
181224.0,0.7,0.7,0.7212,0.15,0.49
181225.0,0.7,0.7,0.7277,0.18,0.52
181226.0,0.7,0.7,0.7266,0.18,0.52
181227.0,0.7,0.7,0.7281,0.19,0.53
181228.0,0.7,0.7,0.7023,0.08,0.42
181229.0,0.7,0.7,0.7255,0.17,0.51
181230.0,0.7,0.7,0.7266,0.18,0.52
181231.0,0.7,0.7,0.7248,0.18,0.52
181232.0,0.7,0.7,0.7226,0.17,0.51
181233.0,0.7,0.7,0.7335,0.21,0.55
181234.0,0.7,0.7,0.7255,0.19,0.53
181235.0,0.7,0.7,0.7205,0.17,0.51
181236.0,0.7,0.7,0.7263,0.19,0.53
181237.0,0.7,0.7,0.7219,0.17,0.51
181239.0,0.7,0.7,0.7241,0.18,0.52
181240.0,0.7,0.7,0.7092,0.12,0.46
181241.0,0.7,0.7,0.7241,0.18,0.52
181242.0,0.7,0.7,0.7219,0.17,0.51
181243.0,0.7,0.7,0.7219,0.17,0.51
181244.0,0.7,0.7,0.7205,0.16,0.5
181245.0,0.7,0.7,0.7219,0.17,0.51
181246.0,0.7,0.7,0.7219,0.17,0.51
181247.0,0.7,0.7,0.7183,0.16,0.5
181248.0,0.7,0.7,0.7147,0.14,0.48
181249.0,0.7,0.7,0.7197,0.16,0.5
181250.0,0.7,0.7,0.715,0.14,0.48
181251.0,0.7,0.7,0.7168,0.14,0.48
181252.0,0.7,0.7,0.7183,0.15,0.49
181253.0,0.7,0.7,0.7147,0.13,0.47
181254.0,0.7,0.7,0.7154,0.14,0.48
181255.0,0.7,0.7,0.7114,0.12,0.46
181256.0,0.7,0.7,0.7176,0.14,0.48
181257.0,0.7,0.7,0.715,0.13,0.47
181258.0,0.7,0.7,0.706,0.09,0.43
181260.0,0.7,0.7,0.7118,0.11,0.45
181261.0,0.7,0.7,0.7121,0.11,0.45
181262.0,0.7,0.7,0.7045,0.08,0.42
181263.0,0.7,0.7,0.7089,0.09,0.43
181264.0,0.7,0.7,0.7168,0.12,0.46
181265.0,0.7,0.7,0.7089,0.09,0.43
181266.0,0.7,0.7,0.7092,0.09,0.43
181267.0,0.7,0.7,0.7081,0.08,0.42
181268.0,0.7,0.7,0.703,0.06,0.4
181269.0,0.7,0.7,0.7118,0.09,0.43
181270.0,0.7,0.7,0.7103,0.09,0.43
181271.0,0.7,0.7,0.706,0.07,0.41
181272.0,0.7,0.7,0.7052,0.06,0.4
181273.0,0.7,0.7,0.7045,0.06,0.4
181274.0,0.7,0.7,0.7118,0.09,0.43
181275.0,0.7,0.7,0.7052,0.06,0.4
181276.0,0.7,0.7,0.7001,0.04,0.38
181277.0,0.7,0.7,0.7023,0.04,0.38
181278.0,0.7,0.7,0.7049,0.05,0.39
181279.0,0.7,0.7,0.703,0.04,0.38
181280.0,0.7,0.7,0.7023,0.04,0.38
181282.0,0.7,0.7,0.7023,0.04,0.38
181283.0,0.7,0.7,0.703,0.04,0.38
181284.0,0.7,0.7,0.7001,0.02,0.36
181285.0,0.7,0.7,0.7023,0.03,0.37
181286.0,0.7,0.7,0.6987,0.02,0.36
181287.0,0.7,0.7,0.6682,-0.11,-0.48
181288.0,0.7,0.7,0.694,-0.02,-0.39
181289.0,0.7,0.7,0.6987,-0.0,-0.37
181290.0,0.7,0.7,0.6936,-0.02,-0.39
181291.0,0.7,0.7,0.7001,0.0,0.34
181292.0,0.7,0.7,0.6958,-0.02,-0.39
181293.0,0.7,0.7,0.6972,-0.01,-0.38
181294.0,0.7,0.7,0.6947,-0.02,-0.39
181295.0,0.7,0.7,0.7052,0.02,0.36
181296.0,0.7,0.7,0.7118,0.05,0.39
181297.0,0.7,0.7,0.6965,-0.01,-0.38
181298.0,0.7,0.7,0.7016,0.01,0.35
181300.0,0.7,0.7,0.7237,0.1,0.44
181301.0,0.7,0.7,0.6889,-0.04,-0.41
181302.0,0.7,0.7,0.6965,-0.01,-0.38
181303.0,0.7,0.7,0.6965,-0.01,-0.38
181304.0,0.7,0.7,0.6893,-0.04,-0.41
181305.0,0.7,0.7,0.6914,-0.04,-0.41
181306.0,0.7,0.7,0.6914,-0.04,-0.41
181307.0,0.7,0.7,0.6965,-0.02,-0.39
181308.0,0.7,0.7,0.6914,-0.04,-0.41
181309.0,0.7,0.7,0.6947,-0.03,-0.4
181310.0,0.7,0.7,0.7052,0.01,0.35
181311.0,0.7,0.7,0.6929,-0.04,-0.41
181312.0,0.7,0.7,0.6914,-0.05,-0.42
181314.0,0.7,0.7,0.6972,-0.02,-0.39
181315.0,0.7,0.7,0.6918,-0.05,-0.42
181316.0,0.7,0.7,0.6929,-0.04,-0.41
181317.0,0.7,0.7,0.6958,-0.03,-0.4
181318.0,0.7,0.7,0.7081,0.02,0.36
181319.0,0.7,0.7,0.6929,-0.04,-0.41
181320.0,0.7,0.7,0.6965,-0.03,-0.4
181321.0,0.7,0.7,0.6922,-0.04,-0.41
181322.0,0.7,0.7,0.6885,-0.06,-0.43
181323.0,0.7,0.7,0.6922,-0.05,-0.42
181324.0,0.7,0.7,0.6994,-0.02,-0.39
181325.0,0.7,0.7,0.6925,-0.05,-0.42
181326.0,0.7,0.7,0.6972,-0.03,-0.4
181328.0,0.7,0.7,0.6885,-0.06,-0.43
181329.0,0.7,0.7,0.6943,-0.04,-0.41
181330.0,0.7,0.7,0.6994,-0.02,-0.39
181331.0,0.7,0.7,0.6987,-0.02,-0.39
181332.0,0.7,0.7,0.7001,-0.02,-0.39
181333.0,0.7,0.7,0.6972,-0.03,-0.4
181334.0,0.7,0.7,0.6994,-0.02,-0.39
181335.0,0.7,0.7,0.6943,-0.04,-0.41
181336.0,0.7,0.7,0.7045,0.0,0.34
181337.0,0.7,0.7,0.6994,-0.01,-0.38
181338.0,0.7,0.7,0.6914,-0.05,-0.42
181339.0,0.7,0.7,0.6947,-0.03,-0.4
181340.0,0.7,0.7,0.7034,0.0,0.34
181341.0,0.7,0.7,0.6965,-0.03,-0.4
181343.0,0.7,0.7,0.7045,0.01,0.35
181344.0,0.7,0.7,0.6994,-0.01,-0.38
181345.0,0.7,0.7,0.6972,-0.02,-0.39
181346.0,0.7,0.7,0.703,0.0,0.34
181347.0,0.7,0.7,0.7034,0.01,0.35
181348.0,0.7,0.7,0.703,0.01,0.35
181349.0,0.7,0.7,0.7063,0.02,0.36
181350.0,0.7,0.7,0.7023,0.01,0.35
181351.0,0.7,0.7,0.7023,0.01,0.35
181352.0,0.7,0.7,0.7045,0.02,0.36
181353.0,0.7,0.7,0.7081,0.04,0.38
181354.0,0.7,0.7,0.703,0.02,0.36
181355.0,0.7,0.7,0.7045,0.02,0.36
181356.0,0.7,0.7,0.7045,0.02,0.36
181357.0,0.7,0.7,0.703,0.02,0.36
181358.0,0.7,0.7,0.698,-0.0,-0.37
181359.0,0.7,0.7,0.703,0.02,0.36
181360.0,0.7,0.7,0.7063,0.03,0.37
181361.0,0.7,0.7,0.6969,-0.0,-0.37
181363.0,0.7,0.7,0.7023,0.02,0.36
181364.0,0.7,0.7,0.7027,0.02,0.36
181365.0,0.7,0.7,0.7074,0.04,0.38
181366.0,0.7,0.7,0.7023,0.02,0.36
181367.0,0.7,0.7,0.6994,0.01,0.35
181368.0,0.7,0.7,0.6943,-0.02,-0.39
181369.0,0.7,0.7,0.7045,0.02,0.36
181370.0,0.7,0.7,0.7089,0.04,0.38
181371.0,0.7,0.7,0.7023,0.02,0.36
181372.0,0.7,0.7,0.703,0.02,0.36
181373.0,0.7,0.7,0.706,0.03,0.37
181374.0,0.7,0.7,0.7023,0.02,0.36
181375.0,0.7,0.7,0.7045,0.03,0.37
181376.0,0.7,0.7,0.7023,0.02,0.36
181377.0,0.7,0.7,0.7023,0.02,0.36
181378.0,0.7,0.7,0.6936,-0.02,-0.39
181379.0,0.7,0.7,0.7139,0.06,0.4
181380.0,0.7,0.7,0.7016,0.02,0.36
181381.0,0.7,0.7,0.7001,0.01,0.35
181382.0,0.7,0.7,0.7038,0.03,0.37
181384.0,0.7,0.7,0.7005,0.01,0.35
181385.0,0.7,0.7,0.6987,0.0,0.34
181386.0,0.7,0.7,0.6987,0.0,0.34
181387.0,0.7,0.7,0.7001,0.01,0.35
181388.0,0.7,0.7,0.698,-0.0,-0.37
181389.0,0.7,0.7,0.7023,0.01,0.35
181390.0,0.7,0.7,0.698,-0.0,-0.37
181391.0,0.7,0.7,0.6907,-0.03,-0.4
181392.0,0.7,0.7,0.6798,-0.08,-0.45
181393.0,0.7,0.7,0.6965,-0.02,-0.39
181394.0,0.7,0.7,0.6965,-0.02,-0.39
181395.0,0.7,0.7,0.6972,-0.02,-0.39
181396.0,0.7,0.7,0.6965,-0.02,-0.39
181397.0,0.7,0.7,0.7001,-0.01,-0.38
181398.0,0.7,0.7,0.6994,-0.01,-0.38
181400.0,0.7,0.7,0.6972,-0.02,-0.39
181401.0,0.7,0.7,0.706,0.02,0.36
181402.0,0.7,0.7,0.6943,-0.03,-0.4
181403.0,0.7,0.7,0.6958,-0.02,-0.39
181404.0,0.7,0.7,0.7009,-0.0,-0.37
181405.0,0.7,0.7,0.7009,-0.0,-0.37
181406.0,0.7,0.7,0.6994,-0.01,-0.38
181407.0,0.7,0.7,0.6994,-0.01,-0.38
181408.0,0.7,0.7,0.6943,-0.03,-0.4
181409.0,0.7,0.7,0.6987,-0.01,-0.38
181410.0,0.7,0.7,0.698,-0.01,-0.38
181411.0,0.7,0.7,0.6972,-0.02,-0.39
181412.0,0.7,0.7,0.7067,0.02,0.36
181413.0,0.7,0.7,0.6755,-0.1,-0.47
181415.0,0.7,0.7,0.706,0.01,0.35
181416.0,0.7,0.7,0.6965,-0.02,-0.39
181417.0,0.7,0.7,0.7147,0.05,0.39
181418.0,0.7,0.7,0.6994,-0.01,-0.38
181419.0,0.7,0.7,0.7081,0.03,0.37
181420.0,0.7,0.7,0.6972,-0.01,-0.38
181421.0,0.7,0.7,0.7197,0.08,0.42
181422.0,0.7,0.7,0.7038,0.02,0.36
181423.0,0.7,0.7,0.7023,0.02,0.36
181424.0,0.7,0.7,0.7005,0.01,0.35
181425.0,0.7,0.7,0.7089,0.04,0.38
181426.0,0.7,0.7,0.6965,-0.01,-0.38
181427.0,0.7,0.7,0.7023,0.02,0.36
181428.0,0.7,0.7,0.7045,0.03,0.37
181429.0,0.7,0.7,0.7045,0.03,0.37
181430.0,0.7,0.7,0.7045,0.03,0.37
181431.0,0.7,0.7,0.7052,0.03,0.37
181433.0,0.7,0.7,0.6972,-0.0,-0.37
181434.0,0.7,0.7,0.6994,0.01,0.35
181435.0,0.7,0.7,0.7132,0.06,0.4
181436.0,0.7,0.7,0.6972,-0.0,-0.37
181437.0,0.7,0.7,0.6965,-0.01,-0.38
181438.0,0.7,0.7,0.6994,0.0,0.34
181439.0,0.7,0.7,0.6994,0.0,0.34
181440.0,0.7,0.7,0.6947,-0.02,-0.39
181441.0,0.7,0.7,0.703,0.02,0.36
181442.0,0.7,0.7,0.6994,0.0,0.34
181443.0,0.7,0.7,0.703,0.02,0.36
181444.0,0.7,0.7,0.6936,-0.02,-0.39
181445.0,0.7,0.7,0.7016,0.01,0.35
181446.0,0.7,0.7,0.7005,0.0,0.34
181447.0,0.7,0.7,0.6943,-0.02,-0.39
181448.0,0.7,0.7,0.7001,0.0,0.34
181449.0,0.7,0.7,0.7023,0.01,0.35
181451.0,0.7,0.7,0.7005,0.0,0.34
181452.0,0.7,0.7,0.7284,0.12,0.46
181453.0,0.7,0.7,0.702,0.02,0.36
181454.0,0.7,0.7,0.6994,0.01,0.35
181455.0,0.7,0.7,0.7023,0.02,0.36
181456.0,0.7,0.7,0.6976,-0.0,-0.37
181457.0,0.7,0.7,0.6994,0.01,0.35
181458.0,0.7,0.7,0.6972,-0.0,-0.37
181459.0,0.7,0.7,0.7005,0.01,0.35
181460.0,0.7,0.7,0.6994,0.0,0.34
181461.0,0.7,0.7,0.6976,-0.01,-0.38
181462.0,0.7,0.7,0.6972,-0.01,-0.38
181463.0,0.7,0.7,0.706,0.03,0.37
181464.0,0.7,0.7,0.7016,0.01,0.35
181465.0,0.7,0.7,0.6972,-0.01,-0.38
181466.0,0.7,0.7,0.6976,-0.01,-0.38
181467.0,0.7,0.7,0.7023,0.01,0.35
181469.0,0.7,0.7,0.6951,-0.02,-0.39
181470.0,0.7,0.7,0.6965,-0.01,-0.38
181471.0,0.7,0.7,0.711,0.04,0.38
181472.0,0.7,0.7,0.6994,0.0,0.34
181473.0,0.7,0.7,0.7023,0.01,0.35
181474.0,0.7,0.7,0.6958,-0.01,-0.38
181475.0,0.7,0.7,0.6972,-0.01,-0.38
181476.0,0.7,0.7,0.6965,-0.01,-0.38
181477.0,0.7,0.7,0.7034,0.01,0.35
181478.0,0.7,0.7,0.6987,-0.01,-0.38
181479.0,0.7,0.7,0.7118,0.05,0.39
181480.0,0.7,0.7,0.6958,-0.01,-0.38
181481.0,0.7,0.7,0.6994,-0.0,-0.37
181482.0,0.7,0.7,0.7023,0.01,0.35
181483.0,0.7,0.7,0.6798,-0.08,-0.45
181485.0,0.7,0.7,0.6987,-0.01,-0.38
181486.0,0.7,0.7,0.6972,-0.02,-0.39
181487.0,0.7,0.7,0.6972,-0.02,-0.39
181488.0,0.7,0.7,0.6943,-0.03,-0.4
181489.0,0.7,0.7,0.6965,-0.02,-0.39
181490.0,0.7,0.7,0.706,0.02,0.36
181491.0,0.7,0.7,0.7001,-0.0,-0.37
181492.0,0.7,0.7,0.703,0.01,0.35
181493.0,0.7,0.7,0.7023,0.01,0.35
181494.0,0.7,0.7,0.6987,-0.01,-0.38
181495.0,0.7,0.7,0.6987,-0.01,-0.38
181496.0,0.7,0.7,0.6976,-0.01,-0.38
181497.0,0.7,0.7,0.6994,-0.01,-0.38
181499.0,0.7,0.7,0.6965,-0.02,-0.39
181500.0,0.7,0.7,0.7081,0.03,0.37
181501.0,0.7,0.7,0.6972,-0.01,-0.38
181502.0,0.7,0.7,0.6972,-0.01,-0.38
181503.0,0.7,0.7,0.7001,-0.0,-0.37
181504.0,0.7,0.7,0.6972,-0.01,-0.38
181505.0,0.7,0.7,0.6972,-0.01,-0.38
181506.0,0.7,0.7,0.7016,0.0,0.34
181507.0,0.7,0.7,0.6972,-0.01,-0.38
181508.0,0.7,0.7,0.7023,0.01,0.35
181509.0,0.7,0.7,0.6965,-0.02,-0.39
181510.0,0.7,0.7,0.7023,0.01,0.35
181511.0,0.7,0.7,0.706,0.02,0.36
181512.0,0.7,0.7,0.6994,-0.0,-0.37
181513.0,0.7,0.7,0.7023,0.01,0.35
181514.0,0.7,0.7,0.7023,0.01,0.35
181516.0,0.7,0.7,0.7045,0.02,0.36
181517.0,0.7,0.7,0.6994,0.0,0.34
181518.0,0.7,0.7,0.7023,0.01,0.35
181519.0,0.7,0.7,0.7052,0.02,0.36
181520.0,0.7,0.7,0.7023,0.01,0.35
181521.0,0.7,0.7,0.7023,0.01,0.35
181522.0,0.7,0.7,0.7023,0.01,0.35
181523.0,0.7,0.7,0.7001,0.01,0.35
181524.0,0.7,0.7,0.7001,0.01,0.35
181525.0,0.7,0.7,0.703,0.02,0.36
181526.0,0.7,0.7,0.6726,-0.11,-0.48
181527.0,0.7,0.7,0.7226,0.09,0.43
181528.0,0.7,0.7,0.698,-0.0,-0.37
181529.0,0.7,0.7,0.7001,0.0,0.34
181530.0,0.7,0.7,0.6994,-0.0,-0.37
181531.0,0.7,0.7,0.7063,0.03,0.37
181532.0,0.7,0.7,0.7001,0.0,0.34
181533.0,0.7,0.7,0.711,0.05,0.39
181534.0,0.7,0.7,0.7023,0.02,0.36
181535.0,0.7,0.7,0.7176,0.08,0.42
181537.0,0.7,0.7,0.6987,0.01,0.35
181538.0,0.7,0.7,0.7001,0.01,0.35
181539.0,0.7,0.7,0.7016,0.02,0.36
181540.0,0.7,0.7,0.7045,0.03,0.37
181541.0,0.7,0.7,0.6976,0.0,0.34
181542.0,0.7,0.7,0.7023,0.02,0.36
181543.0,0.7,0.7,0.6936,-0.02,-0.39
181544.0,0.7,0.7,0.7023,0.02,0.36
181545.0,0.7,0.7,0.7001,0.01,0.35
181546.0,0.7,0.7,0.6936,-0.02,-0.39
181547.0,0.7,0.7,0.6936,-0.02,-0.39
181548.0,0.7,0.7,0.6994,-0.0,-0.37
181549.0,0.7,0.7,0.698,-0.01,-0.38
181550.0,0.7,0.7,0.6965,-0.01,-0.38
181551.0,0.7,0.7,0.6994,-0.0,-0.37
181552.0,0.7,0.7,0.6994,-0.0,-0.37
181554.0,0.7,0.7,0.6965,-0.02,-0.39
181555.0,0.7,0.7,0.6936,-0.03,-0.4
181556.0,0.7,0.7,0.6965,-0.02,-0.39
181557.0,0.7,0.7,0.6972,-0.02,-0.39
181558.0,0.7,0.7,0.6965,-0.02,-0.39
181559.0,0.7,0.7,0.706,0.02,0.36
181560.0,0.7,0.7,0.6744,-0.11,-0.48
181561.0,0.7,0.7,0.6987,-0.02,-0.39
181562.0,0.7,0.7,0.6943,-0.03,-0.4
181563.0,0.7,0.7,0.6976,-0.02,-0.39
181564.0,0.7,0.7,0.6494,-0.22,-0.59
181565.0,0.7,0.7,0.6976,-0.04,-0.41
181566.0,0.7,0.7,0.6936,-0.05,-0.42
181568.0,0.7,0.7,0.6936,-0.05,-0.42
181569.0,0.7,0.7,0.6914,-0.06,-0.43
181570.0,0.7,0.7,0.6976,-0.04,-0.41
181571.0,0.7,0.7,0.6987,-0.03,-0.4
181572.0,0.7,0.7,0.7001,-0.02,-0.39
181573.0,0.7,0.7,0.6987,-0.03,-0.4
181574.0,0.7,0.7,0.7034,-0.01,-0.38
181575.0,0.7,0.7,0.7205,0.07,0.41
181576.0,0.7,0.7,0.6958,-0.03,-0.4
181577.0,0.7,0.7,0.7023,0.0,0.34
181578.0,0.7,0.7,0.7001,-0.01,-0.38
